상표,대상,경도,위도
sk,공장,129.35661964520776,35.49869194754371
sk,저유소,126.61183335022396,35.97560249664937
sk,저유소,128.75806671387576,35.88072456196446
sk,저유소,127.49704843128715,36.34504479746715
sk,저유소,127.4260627562744,36.40447097987403
sk,저유소,129.15068973869035,37.48337783687238
sk,저유소,128.57041132586087,35.174425628832424
sk,저유소,126.43245983298615,34.77644337710519
sk,저유소,127.03195876511457,37.45512219154156
sk,저유소,127.8950128,37.3542533
sk,저유소,126.60451087910675,37.44821752468298
sk,저유소,127.05173043178657,35.93053843541769
sk,저유소,126.54867149610926,33.50502251719687
sk,저유소,127.73694246866472,37.84371922550029
sk,저유소,129.3750266,36.046857
sk,저유소,126.79183063227896,35.188040852375984
sk,대리점,128.4354423,35.7011549
sk,대리점,128.9896508151914,35.14082749117649
sk,대리점,128.86656739290703,35.28340979171353
sk,대리점,128.51563379794672,35.247472348371595
sk,대리점,126.464282987694,36.76653580736578
sk,대리점,127.62212364747876,34.73278975916557
sk,대리점,127.50377944412486,37.28969543000549
sk,대리점,127.40451502632126,36.34678224223119
sk,대리점,126.89828420693884,37.46186055103739
sk,대리점,127.11991678516053,37.78176647903538
sk,대리점,126.58232014093444,36.55210049577961
sk,대리점,126.97982580495014,37.41082551736943
sk,대리점,126.8374162070733,37.52069969966362
sk,대리점,127.83659121023844,37.0219473620832
sk,대리점,126.87548742248936,37.97171186914077
sk,대리점,127.3764320381584,36.28273770114727
sk,대리점,126.93384305366877,35.166777438695384
sk,대리점,126.83178862250146,37.53122276431949
sk,대리점,127.05552869113946,37.67135419505056
sk,대리점,127.01843479051772,37.236066900032576
sk,대리점,126.86481804755,35.600723818587504
sk,대리점,127.12279818642196,37.57406321618857
sk,대리점,126.9030133716334,37.69699054575087
sk,대리점,127.03120874591346,37.51377709027071
sk,대리점,126.85483820179684,37.58172700778952
sk,대리점,128.05782829625957,35.70590348371937
sk,대리점,126.7453695,37.3862375
sk,대리점,126.9971518,37.5622375
sk,대리점,129.13767171634447,35.59485211367015
sk,대리점,126.82187115268556,37.60398548774062
sk,대리점,127.0545220090284,37.85643633065991
sk,대리점,127.7661678,37.8107864
sk,대리점,127.0606334916454,37.61326405529604
sk,대리점,127.0359512660034,37.49058513705993
sk,대리점,129.04019060530393,35.084897037649675
sk,대리점,127.36965587550992,36.30638716032289
sk,대리점,126.81695643874208,37.53431965525977
sk,대리점,127.10289214222888,37.32118196024253
sk,대리점,127.17292899294593,37.23951343744866
sk,대리점,127.0410321786594,37.59105244943876
sk,대리점,127.0348993,37.2933153
sk,대리점,127.19947953510857,36.207793321408666
sk,대리점,126.69066407136636,37.46632649654978
sk,대리점,126.96735971342036,36.8295644709511
sk,대리점,126.9351551069771,36.27815890184307
sk,대리점,126.8805706,37.5473741
sk,대리점,128.21462159727278,36.61238449650035
sk,대리점,127.12096144855752,37.782962172490365
sk,대리점,126.8127340414878,37.563976359199785
sk,대리점,127.54604774151944,37.70186842228289
sk,대리점,127.5418919,37.7040939
sk,대리점,126.84984604822804,35.154949239970065
sk,대리점,126.8124659492658,37.57836016819873
sk,대리점,126.73725380114792,37.53525586641
sk,대리점,126.944103328692,35.931792318996145
sk,대리점,127.00631367708732,37.536121888546354
sk,대리점,128.11752425820734,35.17099891761018
sk,대리점,126.9589164,37.4791671
sk,대리점,126.95916452593708,37.47909143314145
sk,대리점,127.06816324163762,37.26792330294504
sk,대리점,126.93460187638992,36.28034688594487
sk,대리점,127.56895501952933,36.78897928104392
sk,대리점,126.38731958541958,36.61919380564744
sk,대리점,127.01102620448556,36.15107684523861
sk,대리점,126.98871252648075,37.26024245419104
sk,대리점,129.2863354661734,35.83546553337337
sk,대리점,129.3811601352101,36.00279593213594
sk,대리점,128.66309387445904,35.88283620492623
sk,대리점,128.1176363157869,36.13048480947312
sk,대리점,128.6007814,35.8696195
sk,대리점,128.6007814,35.8696195
sk,대리점,128.60457465572912,35.21825505409022
sk,대리점,127.2083013,37.532259
sk,대리점,127.64302607716468,35.81228868860064
sk,대리점,126.66230954266516,37.66193422383117
sk,대리점,127.1176208198214,36.96571736050754
sk,대리점,127.18611295064824,37.56626256122118
sk,대리점,127.22595737120194,37.768279121674986
sk,대리점,127.2046676574668,37.1408292698527
sk,대리점,128.6445159001514,35.23174236891216
sk,대리점,128.6085932,35.2631201
sk,대리점,128.5214432,35.4447137
sk,대리점,128.999424,35.201677
sk,대리점,128.9931599071077,35.19452282454843
sk,대리점,127.44865401652436,37.08405135852318
sk,대리점,127.9602008951564,36.8318140710887
sk,대리점,127.0218501309219,37.63433081960051
sk,대리점,127.10191368481584,37.36802878752146
sk,대리점,126.5414086550146,33.50854713326887
sk,대리점,126.86631334991408,37.45433834601759
sk,대리점,126.80094050335288,37.34357061642099
sk,대리점,127.50307638891854,36.1022640663526
sk,대리점,127.0801540686223,37.75646667101574
sk,대리점,126.8992734,37.5360537
sk,대리점,126.9143566,36.9429788
sk,대리점,126.67046489581682,37.65448388089218
sk,대리점,126.53239162006535,37.72824035533957
sk,대리점,128.27904685755644,35.26593356867316
sk,대리점,128.63371123061552,35.237885112050165
sk,대리점,127.14996223473182,36.7813286309861
sk,대리점,128.72347295847123,35.827512144719066
sk,대리점,126.90205176717328,37.48430545995315
sk,대리점,128.31969288746592,35.857983127434345
sk,대리점,127.0176161,37.2415716
sk,대리점,128.092826651284,35.17494703132792
sk,대리점,126.85483311942374,37.22520055483028
sk,대리점,126.7182836,36.8941384
sk,대리점,127.19817088022548,35.77864147820235
sk,대리점,127.1418936,37.4388178
sk,대리점,126.99940102456046,37.50021635083864
sk,대리점,129.34589499641882,35.63583150435249
sk,대리점,129.3436474,35.5270321
sk,대리점,129.2938837398605,35.54439284287658
sk,대리점,129.3444997,35.6373738
sk,대리점,126.83453302684936,37.5718245102266
sk,대리점,127.8101881570006,36.16841547325579
sk,대리점,128.70561200198844,36.54912202753664
sk,대리점,127.04119685812246,37.55411926469479
sk,대리점,129.34594507568184,36.010284352994155
sk,대리점,126.5583944,36.3722249
sk,대리점,126.56056116668285,36.329096879779286
sk,대리점,127.0206432164073,37.23158708094832
sk,대리점,126.84721634937252,37.529776762184056
sk,대리점,127.25071482467864,37.60317375786035
sk,대리점,127.10170778665108,37.04426507334077
sk,대리점,127.15243952055296,36.8328983723194
sk,대리점,126.9989375,37.48117
sk,대리점,128.5474722345492,36.005499577694025
sk,대리점,129.06297275408588,35.14086850303989
sk,대리점,127.0382868533432,37.14574249027838
sk,대리점,127.03204426540356,37.60277969782159
sk,대리점,127.09194480217867,37.02361615960824
sk,대리점,127.207326250563,37.158025886109016
sk,대리점,127.07054621461587,37.497125331717726
sk,대리점,126.92877698912228,37.49949935815922
sk,대리점,127.0606835943693,36.95456262616118
sk,대리점,127.12554349410564,36.82484923766899
sk,대리점,127.18075724271534,36.85352476030111
sk,대리점,127.7188509984666,37.11167189617257
sk,대리점,127.02841192484536,37.86005760904268
sk,대리점,126.85618924567513,37.397922551387815
sk,대리점,126.86405328345208,37.52577771604923
sk,대리점,129.04732746113066,35.12672467873657
sk,대리점,126.76945304381212,37.52618463825637
sk,대리점,126.9886632256098,37.31754355849326
sk,대리점,126.7806948649849,37.70104876117014
sk,대리점,127.02358847185285,37.57503852109825
sk,대리점,126.95992997189444,37.39465498914804
sk,대리점,129.0547672,35.3201507
sk,대리점,127.40736766296077,36.34717850860188
sk,대리점,127.4564765,37.5051511
sk,대리점,127.27475232016636,37.84104856443965
sk,대리점,127.04393948089292,37.524796437451016
sk,대리점,126.51118240603516,33.50046292091119
sk,대리점,126.51118240603516,33.50046292091119
sk,대리점,126.94340157477464,37.20788334869076
sk,대리점,127.1033092,35.837844
sk,대리점,127.17822073876016,36.8442136592201
sk,대리점,128.53810242597362,35.878184534269984
sk,대리점,127.1930559020987,37.60421640938181
sk,대리점,127.06694077083432,37.64907958040904
sk,대리점,127.00812546057364,37.5619866851824
sk,대리점,126.99552240159754,37.47302385967237
sk,대리점,128.24744973393928,36.27890954563634
sk,대리점,128.25168762239795,36.27457356616553
sk,대리점,126.66218926053445,37.49882879417553
sk,대리점,127.01776550201684,37.23864070176865
sk,대리점,126.62609467052094,36.37051006795851
sk,대리점,126.65254553576716,36.60522155552915
sk,대리점,127.86855805331366,36.44667336881517
sk,대리점,126.98818088309024,37.722701728467136
sk,대리점,127.10279416639254,36.04775309921941
sk,대리점,127.12495166160782,37.44933088919458
sk,대리점,126.58243896490886,36.8372990142834
sk,대리점,126.98997715937816,37.25499278122536
sk,대리점,126.76106242336004,37.33463001321372
sk,대리점,127.44069745544496,36.65423211466535
sk,대리점,127.071964,37.6308037
sk,대리점,126.94980994242404,37.37111853939308
sk,대리점,126.74518212188484,36.88532372573436
sk,대리점,128.57039185230536,35.19639031690696
sk,대리점,126.79973039093126,37.7286985732544
sk,대리점,126.90025309972404,37.57881968733252
sk,대리점,129.0423113106286,35.901739692762725
sk,대리점,126.9971518,37.5622375
sk,대리점,127.25943451482722,37.02349696849173
sk,대리점,127.27197333468342,37.22871236960932
sk,대리점,126.68704887659392,37.58848669570418
sk,대리점,126.67380374967873,35.468927892732204
sk,대리점,126.76829449375094,37.555570205744765
sk,대리점,127.10979332471598,36.42904291664226
sk,대리점,127.24453850339756,37.24571970509391
sk,대리점,126.99532414383371,37.26992474209012
sk,대리점,127.2204654877804,36.773748390805615
sk,대리점,126.97010887987298,37.3465044561674
sk,대리점,127.01171231597084,37.39201378955416
sk,대리점,126.6509702218033,37.54645647935384
sk,대리점,127.06913917950806,36.35456315855331
sk,대리점,127.42940050571976,37.28672686152469
sk,대리점,126.87798341291038,37.53595481213868
sk,대리점,126.90938336826932,37.52568741860258
sk,대리점,126.80011131244493,37.67734370918536
sk,대리점,129.0609705,37.6151065
sk,대리점,126.70119029270562,37.66793633864984
sk,대리점,127.41811499824244,36.42818297381562
sk,대리점,126.6798168975213,37.48623454482908
sk,대리점,126.73230056647832,36.02239576922961
sk,대리점,128.16500200823023,37.15410578339448
sk,대리점,127.4305179,36.4851575
sk,대리점,127.93882238489542,35.33182245447076
sk,대리점,126.67860931920389,37.464287389454725
sk,대리점,127.0798488754944,37.078543059926105
sk,대리점,127.44318139323188,36.87136397889272
sk,대리점,126.9809953,37.2332182
sk,대리점,127.172802,36.7890814
sk,대리점,128.7689634,35.5932942
sk,대리점,126.88105113296844,37.18667954440851
sk,대리점,126.69175214689338,37.52277610804418
sk,대리점,128.00002605193504,36.199789903176814
sk,대리점,127.48789574797868,36.64320337410881
sk,대리점,128.0480276137391,37.256905191607366
sk,대리점,128.0480276137391,37.256905191607366
sk,대리점,126.78765271115356,37.2034886142238
sk,대리점,126.98372399170636,37.56048541240484
sk,대리점,127.49795708706704,36.9080468784076
sk,대리점,128.30330665519517,37.038139739701926
sk,대리점,128.4546364185179,37.60568228348574
sk,대리점,127.1114321132344,36.98523530029854
sk,대리점,126.7929263909834,37.39962507907057
sk,대리점,127.27089333459162,38.05841436578888
sk,대리점,129.3445358,36.0233892
sk,대리점,129.3716408,36.0503586
sk,대리점,128.53608972521192,35.85037050209807
sk,대리점,126.96525352369171,37.52134769436599
sk,대리점,127.54245583336196,37.21279806277302
sk,대리점,126.7698264171734,37.525033227422405
sk,대리점,127.076521128364,37.56489278182844
sk,대리점,127.759823867252,35.5522111019411
sk,대리점,126.4822759698033,35.12958100538118
sk,대리점,126.80907802283912,36.94333531069756
sk,대리점,126.80907802283912,36.94333531069756
sk,대리점,126.57953085272509,36.55270101418784
sk,대리점,127.33175936462918,37.65507239668813
sk,대리점,126.8009126527522,37.08519541778444
sk,대리점,127.08940473882704,36.1880828183542
sk,대리점,127.07579983317514,37.59423808663196
gs,공장,126.65187421888812,37.51061682031844
gs,공장,126.60291797958,37.479185994668335
gs,공장,127.7271952,34.8617687
gs,저유소,126.78765798577744,35.189170547282
gs,저유소,126.613131176507,35.9765200473852
gs,저유소,128.76885066858716,35.885079112996706
gs,저유소,127.35672018387696,36.29651459864659
gs,저유소,129.14142861683112,37.48717749138036
gs,저유소,126.4349491059526,34.77577987295085
gs,저유소,129.0836028347491,35.10943200653055
gs,저유소,126.56517409788836,33.23989779111966
gs,저유소,126.60291797958,37.479185994668335
gs,저유소,126.98698642339608,35.81622978158289
gs,저유소,126.54180347420596,33.52005749680051
gs,저유소,128.2329008867002,37.16054319108188
gs,저유소,128.59555584066592,35.19870681570755
gs,저유소,129.37568784252562,36.046195873273525
gs,대리점,127.51567891480636,34.984308216756446
gs,대리점,127.6403258,34.7857474
gs,대리점,126.8188765,35.162687
gs,대리점,127.4169165,35.2695663
gs,대리점,127.0358863680778,35.97462018701469
gs,대리점,127.10500961715913,35.85876858040331
gs,대리점,127.71033089430212,34.94453132918728
gs,대리점,127.32524420902315,34.83866712301833
gs,대리점,126.8804264,35.1593454
gs,대리점,126.84910988078512,35.71218932294342
gs,대리점,126.94247098681112,34.676739286177586
gs,대리점,126.6427453,34.6354301
gs,대리점,127.16081247054862,35.912386314552414
gs,대리점,128.0569742128689,34.984770786842574
gs,대리점,127.12547222009242,35.91161410121882
gs,대리점,126.87575408073788,35.59844572506262
gs,대리점,127.45507271706808,35.147889795474605
gs,대리점,127.04261676580192,37.459640996538106
gs,대리점,127.09852857529724,36.476127995005214
gs,대리점,126.9684424559037,35.22262331550886
gs,대리점,127.5717043,37.2383198
gs,대리점,128.32197249937173,36.94314660360155
gs,대리점,126.40197456981026,34.78679445149896
gs,대리점,129.0549079625343,35.1306217839063
gs,대리점,128.8401292675875,37.846047649074414
gs,대리점,127.6817592,36.9310861
gs,대리점,127.50193960727724,36.96654354586181
gs,대리점,127.41816443296705,36.41926006779127
gs,대리점,127.20199421094466,37.410717414963536
gs,대리점,126.64418531382756,37.202881510637305
gs,대리점,128.54980750489662,35.23652311959003
gs,대리점,128.52857370744988,35.300768049034744
gs,대리점,126.5627293293993,37.64581758113331
gs,대리점,127.14810397220138,37.64000270726415
gs,대리점,129.0408297543229,35.21337989454176
gs,대리점,126.79814357763446,37.53811215864007
gs,대리점,126.90141628414064,37.57774362497404
gs,대리점,126.8596165271212,37.57921124956808
gs,대리점,128.15154380822491,36.6218330447529
gs,대리점,128.8038984,37.7585798
gs,대리점,128.8073101,37.7583821
gs,대리점,128.25210540285008,35.05689429054313
gs,대리점,127.48160933302516,37.79706275618418
gs,대리점,126.7885245011628,35.98283892300184
gs,대리점,127.38844710964564,35.38883080391173
gs,대리점,126.4720945,36.7860372
gs,대리점,128.34744390304317,35.29293088281229
gs,대리점,129.2101310863983,35.57203386022954
gs,대리점,127.21364363610542,37.2477134861298
gs,대리점,127.12020944207325,36.84003098358448
gs,대리점,126.40662543826744,34.792156454732826
gs,대리점,126.52095984501123,33.24695360100045
gs,대리점,127.72194759229912,37.89185128174154
gs,대리점,127.0932761,36.7983178
gs,대리점,129.03498340290952,35.1116263320411
gs,대리점,126.71061548013954,35.991150935518064
gs,대리점,126.9255650029351,37.53037313517317
gs,대리점,126.79380578957812,37.80878953193778
gs,대리점,127.83799456423102,37.0240527316172
gs,대리점,127.69480066144048,37.82304821839816
gs,대리점,129.1928191117868,35.72235936459984
gs,대리점,127.7077558,37.8049992
gs,대리점,126.85091677731926,37.67065801227713
gs,대리점,129.2241191357286,35.25658155060393
gs,대리점,129.0576465,35.1351895
gs,대리점,126.94561806989137,37.37443405194468
gs,대리점,127.41568600521374,36.35311045053388
gs,대리점,126.74924029907817,37.5160439496288
gs,대리점,127.82769757582524,37.71242263621884
gs,대리점,128.5481533657992,36.00703125907328
gs,대리점,128.8569087,35.8897841
gs,대리점,128.94746395849265,35.21487497897152
gs,대리점,128.80298993452394,35.11423426856719
gs,대리점,126.7791458926404,35.12317008673979
gs,대리점,129.215745339447,35.49353481474961
gs,대리점,126.56501054891598,36.74290462105556
gs,대리점,129.23383834064882,35.32167069755572
gs,대리점,127.07965419459023,37.05266242145755
gs,대리점,128.16486123034758,36.12904297058005
gs,대리점,128.12358138552042,35.1603278116387
gs,대리점,127.45402834200218,35.153047098257645
gs,대리점,127.1564201254346,36.89355257012404
gs,대리점,126.90141628414064,37.57774362497404
gs,대리점,127.45533103527777,37.5055681104785
gs,대리점,127.10915497989372,37.31487506253959
gs,대리점,126.80599415902782,37.0365236590844
gs,대리점,127.1555786,37.0446322
gs,대리점,126.97071652912008,37.893439313136255
gs,대리점,127.11102282714556,37.34222930845164
gs,대리점,126.90061615829244,35.133188950705254
gs,대리점,127.25902291453072,37.65462175351815
gs,대리점,126.49552633336906,35.266752807186805
gs,대리점,129.27060883200153,35.41423132146754
gs,대리점,126.85313712082184,37.33520532013978
gs,대리점,127.57832170639288,37.27855815439886
gs,대리점,127.57964334238834,37.27904957862624
gs,대리점,127.44319883092956,36.98405473317191
gs,대리점,128.57522484021823,35.22804080672303
gs,대리점,127.67728239552515,34.945702224498746
gs,대리점,127.49742231614768,36.15458907887855
gs,대리점,127.3466706,36.7169678
gs,대리점,126.82159611302218,35.23692060240597
gs,대리점,127.93734498345944,37.39523278446169
gs,대리점,127.00989896205004,37.48650563241753
gs,대리점,128.37545974127028,35.086553134337926
gs,대리점,129.12238395442688,35.230787841940334
gs,대리점,126.75963253562212,37.69846680838034
gs,대리점,127.41345775659836,36.39264129145564
gs,대리점,129.3791084541525,36.349135483036406
gs,대리점,128.45853130256853,36.09285752723337
gs,대리점,127.08671120125494,37.5035105412323
gs,대리점,128.9115340116555,37.765483211158205
gs,대리점,128.55178721613382,35.9621718880026
gs,대리점,129.35602532017305,35.58009833419345
gs,대리점,127.61015479336398,34.96317530892789
gs,대리점,126.64983145361953,37.54904412606429
gs,대리점,127.02558203102424,37.49993681289057
gs,대리점,128.40414763570985,35.93296354120744
gs,대리점,126.67386686789,35.463834038120375
gs,대리점,129.1405958026314,37.471335669520734
gs,대리점,126.85858209528452,37.55340720976885
gs,대리점,126.81868134654756,35.14378626908839
gs,대리점,128.067213515548,35.16712416082193
gs,대리점,126.62324385359705,36.51785461848921
gs,대리점,127.1214789145621,37.27433442198166
gs,대리점,128.51888406947643,35.82984456490794
gs,대리점,127.115378,35.716038
gs,대리점,126.9304552,37.3341317
gs,대리점,127.0740917,35.8246299
gs,대리점,127.66182873038204,34.77754490433892
gs,대리점,128.97083930020125,35.13910080416969
gs,대리점,127.36824450225426,34.6874687161736
gs,대리점,126.76546313347367,37.765083220713166
gs,대리점,126.71252386442656,37.629769459170085
gs,대리점,128.08356568311936,36.12430969295868
gs,대리점,128.09591001387255,36.12847723835851
gs,대리점,128.5254212894839,35.8973165025602
gs,대리점,126.71330481691784,37.421880464391656
gs,대리점,129.20412092616596,35.80438476168941
gs,대리점,127.07546414403114,37.49769293755613
gs,대리점,126.9888361,37.2600271
gs,대리점,127.73166721074284,37.8395926966802
gs,대리점,127.5226946,36.6951561
gs,대리점,126.87588569627884,35.55430754233108
gs,대리점,127.41896940646508,36.42236823578818
gs,대리점,126.95938520735804,37.68034455116215
gs,대리점,127.25153349741504,38.01927742573469
gs,대리점,129.2307003185252,35.895460798019975
gs,대리점,128.72520545553868,35.649606177540164
gs,대리점,128.53670940143158,36.0379069466485
gs,대리점,127.92386436053252,34.817773579487444
gs,대리점,128.44302713969387,35.7119858250353
gs,대리점,128.77573433044816,35.95925169212262
gs,대리점,129.0750793711571,37.60055056024955
gs,대리점,128.14341699418267,36.13366786508982
gs,대리점,128.61371321123676,35.850848084965875
gs,대리점,129.32501644481428,36.00484445583875
gs,대리점,126.85253696755368,35.11600100396049
gs,대리점,128.72046053277842,34.87136175308561
gs,대리점,128.316395475913,35.86799515274717
gs,대리점,128.28632409410582,36.99523789403661
gs,대리점,128.0028408,36.2009798
gs,대리점,127.58802101072855,34.86893585524357
gs,대리점,127.13915668350272,37.60102862298853
gs,대리점,127.33382336806332,37.35359576640236
gs,대리점,127.05243244526622,37.5504544153296
gs,대리점,127.15630411025916,37.431705259600136
gs,대리점,126.83827330924362,37.492834765079
gs,대리점,127.0474791456955,37.730838321912906
gs,대리점,126.88927437487078,37.50882001954224
gs,대리점,127.1661855,36.687916
gs,대리점,129.36933294941488,36.01731384265234
gs,대리점,128.58990146681185,35.88137699654832
gs,대리점,128.53468550455418,35.83766591301595
gs,대리점,128.74693586983025,36.56211055181838
gs,대리점,128.58990146681185,35.88137699654832
gs,대리점,128.98408040875862,35.174977008881264
gs,대리점,128.6838276,36.5254255
gs,대리점,128.70246404831224,36.54857688732429
gs,대리점,129.36933294941488,36.01731384265234
gs,대리점,128.22162147637093,37.127992693695205
gs,대리점,126.84131570837098,37.56754635540874
gs,대리점,128.22162147637093,37.127992693695205
gs,대리점,129.3607507,35.9779335
gs,대리점,128.96325653645997,35.08519417168841
gs,대리점,129.0566772,35.1336914
gs,대리점,126.96664059056354,37.574461460942985
gs,대리점,129.34450928419255,35.525905157120945
gs,대리점,127.46252533539692,36.86911813990778
gs,대리점,126.8273114,35.0923692
gs,대리점,128.1011950362078,35.14564399995276
gs,대리점,126.97283317848463,37.561888455482304
gs,대리점,129.0953096,35.1176226
gs,대리점,127.39900138732952,36.64555915633646
gs,대리점,127.3755806,37.2940578
gs,대리점,128.63038765857067,35.86702863214627
gs,대리점,127.08649050270786,35.86317824710526
gs,대리점,126.90145902665928,37.696388788808456
gs,대리점,129.2234667,35.235852
gs,대리점,129.04484998528622,35.12396476881482
gs,대리점,126.6256902808201,37.46805386675072
gs,대리점,127.0326345797253,37.644216639313946
gs,대리점,126.9518919646779,35.95654071120559
gs,대리점,126.95724586301922,35.92929193587776
gs,대리점,126.9715804370945,35.92410861316057
gs,대리점,127.9791790284267,35.29973849118943
gs,대리점,128.637614753532,36.83096697614801
gs,대리점,127.09778562014552,37.15874137492323
gs,대리점,127.2875683,36.3610901
gs,대리점,126.56535498551746,33.26525304871219
gs,대리점,126.93550015454166,35.181221443230655
gs,대리점,127.72314848458755,34.75578727978341
gs,대리점,127.7504061,35.5431378
gs,대리점,128.9759861,35.0824219
gs,대리점,128.9766942469974,35.183695761698225
gs,대리점,127.06874532206604,38.0118543108098
gs,대리점,127.15730214986246,35.87312044490957
gs,대리점,127.916854047919,36.98996204083017
gs,대리점,127.77230749623712,37.876288173473874
gs,대리점,129.19706370538415,35.25421432087824
gs,대리점,126.89323203695356,35.23819360088541
gs,대리점,126.91527853484251,37.95149047175667
gs,대리점,127.22375594760338,36.77303099789717
gs,대리점,127.67677737395864,36.01258730438742
gs,대리점,127.5025855,36.5299861
gs,대리점,128.33926480652855,36.12527246796137
gs,대리점,126.92598975440912,37.29858847396662
gs,대리점,127.2929015688025,36.27619416083815
gs,대리점,126.54505994005793,36.60087494733493
gs,대리점,126.79240355941904,35.30548857045019
gs,대리점,126.59970954666964,36.33255687300983
gs,대리점,127.85316428228263,36.24790397975608
gs,대리점,128.05221594556792,35.19994329464682
gs,대리점,126.8712042,37.5073202
gs,대리점,129.1476026,35.1578229
gs,대리점,126.72103986853612,37.51077775203197
gs,대리점,127.42898437038208,37.2853654998312
gs,대리점,127.10135156237928,37.3756293892392
gs,대리점,127.3916631,37.0718844
gs,대리점,129.00617984243988,35.21893911533594
gs,대리점,127.38711717896292,36.309894861051504
gs,대리점,126.75806371005224,37.21070043306914
gs,대리점,126.56178944226563,33.504563367390894
gs,대리점,126.51407755869734,33.505275147513245
gs,대리점,128.82689872625556,35.39804974955503
gs,대리점,127.06601845637545,37.02189258498903
gs,대리점,127.45890269261298,36.6367061172825
gs,대리점,127.49992172080093,36.614265858641474
gs,대리점,127.14577677733786,37.51644766520714
gs,대리점,126.93958257377824,37.38411340092858
gs,대리점,126.5467888165675,34.728355876691175
gs,대리점,128.90591698403597,35.30416463823315
gs,대리점,126.76050069895956,35.96301512978141
gs,대리점,127.16979889787332,37.545045247687774
gs,대리점,129.08169062808125,35.19660607687324
gs,대리점,126.7163423459345,35.95387241010434
gs,대리점,127.246224,37.4012129
gs,대리점,128.20508268826646,36.15665288769226
gs,대리점,127.4752788,36.1920407
gs,대리점,126.75355508131165,37.53045673489718
gs,대리점,126.67481781084489,37.49133739328322
gs,대리점,127.05585769257377,37.68723434930172
gs,대리점,126.95417619341988,37.36862393214257
gs,대리점,127.09835260794812,37.285552688657305
gs,대리점,126.87879637130467,37.22810496358001
gs,대리점,126.52607077310182,34.7338278474366
gs,대리점,127.42606790533846,36.652520549123714
gs,대리점,128.08769108228034,35.10730645465253
gs,대리점,127.2381457,37.0324317
gs,대리점,127.13059492156944,37.03082803533263
gs,대리점,127.1355814466918,36.902369803322095
gs,대리점,126.91155137563892,35.06459755305956
gs,대리점,127.45073346732488,36.30461510657968
gs,대리점,126.73562793943071,37.36932431773637
gs,대리점,126.79982048744507,37.34990063893375
gs,대리점,127.22924387033729,35.8524859141116
gs,대리점,128.67879951270163,36.76643877728621
gs,대리점,127.58544794870302,36.79686756423765
gs,대리점,126.99513658551744,37.27098758532591
gs,대리점,128.8544148529067,37.81617888893233
gs,대리점,126.9881130938955,37.32211119981846
gs,대리점,126.7386402980088,37.3718585572888
gs,대리점,127.1009665,37.6131047
gs,대리점,128.55469378781808,35.86875387073492
gs,대리점,127.33339235537684,38.18443605480641
gs,대리점,128.37121165534933,35.881999342491305
gs,대리점,127.29300363421773,36.6157358208479
gs,대리점,128.19215589390805,37.165479223417634
gs,대리점,126.97240649224123,37.26655277363495
gs,대리점,126.85411811491552,35.19090479300454
gs,대리점,128.45924224511904,34.88891534414912
gs,대리점,127.16073240688284,37.24906102100062
gs,대리점,127.11047198130346,35.85154648843347
gs,대리점,127.20229007874684,37.67420300358495
gs,대리점,127.09311238566238,34.771940629190205
gs,대리점,126.86098083038888,37.609061937229
gs,대리점,127.04505581619524,36.92119541005191
gs,대리점,128.644861223339,36.55484112892152
gs,대리점,127.27627984976334,36.96835267594356
gs,대리점,127.2769851348125,36.96920136180474
gs,대리점,127.26520025474169,37.02402233575199
gs,대리점,127.1275998,37.5525665
gs,대리점,127.2654852790902,36.73049217442084
gs,대리점,129.3808378949851,36.09047472431568
gs,대리점,129.04689967060906,35.37632307613689
gs,대리점,127.02935173583472,37.99781448910374
gs,대리점,126.78784831436032,35.15979445858282
gs,대리점,126.69872877135911,35.962041563314294
gs,대리점,126.66226916741516,35.97537020904044
gs,대리점,127.2036193,37.1404054
gs,대리점,127.68402934827452,34.764320377890755
gs,대리점,126.890030680332,37.84562259549836
gs,대리점,127.72117258009676,36.53009041293064
gs,대리점,128.08357206070798,35.07437769974816
gs,대리점,128.62788010037485,36.81942239798169
gs,대리점,128.16593504090943,35.574951319275755
gs,대리점,126.84534373402596,36.620246033311865
gs,대리점,126.84036292985212,36.62201503488068
gs,대리점,126.90104645286549,37.139900259840125
gs,대리점,127.65727265638677,37.00276824917476
gs,대리점,128.3759273221094,36.11059411812416
gs,대리점,127.10956082809166,35.87023388026745
gs,대리점,129.1428047,35.5986938
gs,대리점,127.47858055611458,36.751579065448
gs,대리점,129.4077692,35.9864061
gs,대리점,128.4186671,36.1478453
gs,대리점,127.46228348116328,35.18335160775688
gs,대리점,127.7889977760394,35.03221221475785
gs,대리점,129.28488890687169,35.44202276111391
gs,대리점,129.22957497372263,35.87989039505722
gs,대리점,128.6839837753283,36.52141162856283
gs,대리점,128.27927587514318,36.38383797952419
gs,대리점,127.10467685932764,36.04980291557944
gs,대리점,128.1988126,37.0964957
gs,대리점,127.03013020342996,37.60809902833702
gs,대리점,127.300926,34.6395667
gs,대리점,129.1313223047663,35.57529007895455
gs,대리점,129.18321199488193,37.42932268275074
gs,대리점,127.01280480601748,37.792170031466846
gs,대리점,127.48346759308056,34.97871727273021
gs,대리점,127.9341849,37.3510856
gs,대리점,126.97328083674957,35.938478458397306
gs,대리점,127.1075092167409,35.783014092999906
gs,대리점,126.73691596955486,37.84169259409805
gs,대리점,126.73732832129085,37.57570837271577
gs,대리점,127.05893517655312,37.56314286721861
gs,대리점,127.10011206023049,35.86581197213311
gs,대리점,127.10414034016826,35.837568857817736
gs,대리점,127.1273321,35.7811189
gs,대리점,127.36439554119816,36.30806720299972
gs,대리점,128.7493478229496,37.26599426679547
gs,대리점,126.8621707090368,35.601836880799354
gs,대리점,127.38347206052012,36.44550860179556
gs,대리점,126.98779838736904,36.78475245111419
gs,대리점,126.71538845902998,35.71437614935075
gs,대리점,126.45921356197007,33.46934529381931
gs,대리점,128.48063250618412,35.26490843779125
gs,대리점,126.9210354873863,37.328147727904486
gs,대리점,128.6012231721338,38.18308530943802
gs,대리점,126.53722108822214,35.02393597320515
gs,대리점,127.46103196588638,36.294317013138205
gs,대리점,127.47031735544374,36.65293645247503
gs,대리점,127.4022811,36.3256311
gs,대리점,127.151915,36.8329731
gs,대리점,127.4288106855206,36.63856705195077
gs,대리점,127.3708776,36.6563672
gs,대리점,127.37434923167572,36.310836812815225
gs,대리점,127.098783,37.1253449
gs,대리점,126.39860353998355,33.26305788488037
gs,대리점,126.7098275031234,37.51822948069265
gs,대리점,126.27418520171352,34.48130547023257
gs,대리점,128.46366244364663,35.11281657970856
gs,대리점,127.42696006112168,35.777315100315946
gs,대리점,128.11545621312877,35.21276707483536
gs,대리점,126.9652053781709,35.04063472592349
gs,대리점,127.06084457113782,37.944129411229625
gs,대리점,127.057107173748,37.887937607221154
gs,대리점,127.3885600960183,36.32846710680389
gs,대리점,127.25245555000224,36.28145206048396
gs,대리점,126.94055416944484,34.5769480807755
gs,대리점,127.16492907074196,36.82635500331517
gs,대리점,129.38025404561844,35.97818268274927
gs,대리점,126.6481780115198,37.4923651182258
gs,대리점,129.29234822694173,35.469886718348405
gs,대리점,126.93969764310071,37.03200756892107
gs,대리점,126.73276922279186,37.70256047377696
gs,대리점,127.92475714528364,37.071259708043534
gs,대리점,127.11480359596838,36.57082208841044
gs,대리점,128.99999149075958,37.13681636254195
gs,대리점,128.43268496205584,35.974399193801055
gs,대리점,127.12799588193896,36.85359238284688
gs,대리점,128.1025474,35.2010277
gs,대리점,127.43376154882472,36.81350296484863
gs,대리점,129.0929756,35.5014115
gs,대리점,126.8483947,37.7202911
gs,대리점,126.97582019529004,35.05924754118793
gs,대리점,127.13725618354152,35.86970760495044
gs,대리점,127.0184695,35.9699392
gs,대리점,128.9909912,35.1543968
gs,대리점,126.99739063935836,37.25767458303854
gs,대리점,127.1588759923,36.997289129606166
gs,대리점,129.32551444387818,36.04518570563364
gs,대리점,129.33309515090443,36.035586803819776
gs,대리점,127.07921154224589,37.57978367866599
gs,대리점,127.26467387448452,37.82865250863024
gs,대리점,128.97926818696504,37.716990356872365
gs,대리점,128.14885343358614,36.62199649581218
gs,대리점,126.80734004643097,35.39417292223514
gs,대리점,126.7505146722376,36.82651127712305
gs,대리점,127.0492931902676,37.182850846330254
gs,대리점,127.04138675093952,37.66058319433484
gs,대리점,127.993314972209,35.141061977659895
gs,대리점,126.59586981209664,35.177476176925424
gs,대리점,126.58488225763624,34.55783737912177
gs,대리점,126.8287818326329,37.28763909015637
gs,대리점,126.9646776,37.2879974
gs,대리점,127.01505276579178,35.782736130028226
gs,대리점,128.79983123419095,35.875485623458424
gs,대리점,128.52345135701617,35.42570696838371
gs,대리점,126.8645676,37.6079508
gs,대리점,128.5575463149032,35.89086218797182
gs,대리점,129.3681956600243,36.01990068067285
gs,대리점,128.60496481576573,35.87159266696508
gs,대리점,128.62769279853848,36.812005477060666
gs,대리점,127.91722967858765,37.30038076961003
gs,대리점,126.43653057436283,36.79362213687389
gs,대리점,127.78345569805256,36.18894114859407
gs,대리점,126.97772531944511,35.93866918046831
gs,대리점,128.9302955588729,37.7691827955117
gs,대리점,128.63414484701892,35.24061304559361
gs,대리점,126.7075099,36.068211
s-oil,공장,129.34904411441386,35.439894022065594
s-oil,저유소,126.60817915085892,35.97590162780522
s-oil,저유소,128.8708214334046,35.87261220619651
s-oil,저유소,126.5979974,37.4487518
s-oil,저유소,126.54024251754574,33.51957752362475
s-oil,대리점,127.04995834652978,37.50437674526809
s-oil,대리점,127.07219035295292,37.203965550342815
s-oil,대리점,128.57566116684447,35.89822031434562
s-oil,대리점,127.06508372818536,37.50756146839419
s-oil,대리점,128.95763425136963,35.17843583915787
s-oil,대리점,126.92995784092626,37.52013543474136
s-oil,대리점,128.58032914117024,35.834798472744055
s-oil,대리점,126.54024251754574,33.51957752362475
s-oil,대리점,126.97218035175632,37.55812691934095
s-oil,대리점,126.93060176243236,35.12607721781213
s-oil,대리점,126.928142787647,37.52183182496811
s-oil,대리점,126.99035515203596,37.56437199215381
s-oil,대리점,126.95374992480356,37.54699256039304
s-oil,대리점,126.93066897608756,37.52149250241015
s-oil,대리점,127.043891420866,37.47689803056734
hd,공장,126.40217425801868,37.005888320680455
hd,저유소,126.60817915085892,35.97590162780522
hd,저유소,126.43702843178926,34.7764022020326
hd,저유소,129.08658324993445,35.10970864524351
hd,저유소,128.74898989116286,36.60013899984632
hd,저유소,129.3818706,35.5112683
hd,저유소,129.34735325608457,35.45652595914986
hd,저유소,129.05926662723292,37.61931023096496
hd,저유소,126.64215619558628,37.51544090573943
hd,저유소,126.3302900213376,33.4662774829999
