refinery_diesel_pre_tax,dubai_krw_l,brent_krw_l,wti_krw_l,gasoil_0001_krw_l
984.93,728.289003368888,741.5955068914371,596.199969761721,871.3377992210194
982.73,710.8327684371254,731.5220011481214,582.5571347820221,848.6873786520744
968.71,716.5001035919397,735.490329023449,595.7851854948318,851.3172204187438
945.86,723.5214202535175,742.7461549897916,607.3059775949681,855.6813517091442
927.47,719.6442146639099,744.3802307556062,623.96072350532,853.6836242438263
978.91,712.3970434771875,739.7389569244946,629.0327604183111,850.5712704264361
981.63,723.4873429573078,753.2979873640327,640.2319616821106,862.0640737671885
953.2,746.4264436765204,782.4956160305386,661.7390926322729,889.1265515884862
1005.28,765.3510115704859,803.2250990377433,660.1505200532046,923.5077507881979
1043.85,773.963616212296,809.8915930970506,661.7272902516344,936.8928742497441
1047.01,757.5554677244654,787.3675587876676,643.5310806477961,921.2042046363218
997.14,736.3659138128241,766.7987903296356,630.145165568637,894.4991785581964
1022.69,724.3344906136454,757.2617003153435,622.1041879150879,871.1943154586946
970.16,727.9547161002384,757.1574925275878,639.6184993653268,870.3652375301562
971.59,734.0421378324216,758.2100573167882,652.1271448843687,865.5580977948505
938.59,741.4623632785042,764.6135096925873,672.8359272257836,862.6907788312772
939.9,732.8271036368434,743.8969109134736,662.2190653965314,859.3904405408465
973.48,696.247420588732,706.147269149398,625.0061969821488,813.2889598055147
943.07,699.9379661597387,715.3541135477329,640.1820259758598,815.7706585576525
898.92,697.8151873723161,715.9273992489485,652.9954676379372,809.9963355187218
888.96,696.8529721206553,715.9965682979908,659.7452055457023,813.6276948689232
923.9,699.5047051244389,722.7405384492795,663.8254857629329,827.6637508471015
932.61,702.7889693541736,726.2920396663063,668.1297066057451,830.3848119422856
901.63,704.756255033907,724.013854930001,662.3382195717664,831.0389082337352
937.01,702.859103439897,728.344767932634,665.5755411466324,829.7111570349733
947.28,714.330455830289,740.3218507609341,684.007725581145,849.0942251777715
962.32,725.3970984335573,741.6902521081608,688.2394851082487,866.9995822505078
933.5,718.9838959525197,737.6181729056306,693.8415499981538,869.8301103137961
935.53,739.5347447396665,773.9186853983296,747.6628820981505,889.8957118810813
978.38,737.2974806136893,766.7193949468248,753.7093445825965,887.9967308506814
989.25,737.7422699735869,757.611155911938,746.2156191034838,883.0078389462645
935.74,736.7582695130505,759.0255420657076,741.4488069392052,879.9711919869405
964.36,733.7250145588205,759.4493998339054,741.5020070572458,881.0725019110672
966.04,741.1571016894716,771.1078992539608,749.941317528342,882.3029209837902
973.85,754.7777561007607,776.8499708388939,745.6582277540854,886.8270318140478
925.36,773.8264588015472,797.9054592310522,757.4476136435516,896.4491654612226
971.01,763.7986593160114,797.8656357434313,752.4140757637418,888.596168686536
989.7,749.9053928248546,773.0862208559635,743.0106451268658,870.1560024821558
962.68,736.6395466391253,748.0316006895016,723.8827150710707,855.6596743255961
924.18,715.0038582466262,736.7287091995183,699.9537769469268,842.6479553644249
895.75,714.2683089056997,745.135988359994,693.3441050381194,853.7031028892378
947.62,717.5398740074887,741.6057736597032,682.1435263057613,851.0322371796349
966.05,702.942333810189,722.2132878730929,654.8635486251106,830.2628372361922
877.72,704.2865247772161,720.4255637112337,645.1724579853709,835.9428903883844
931.03,693.0734059592704,702.3436040273183,630.2310133987538,826.6143534268964
934.46,696.8809150542753,719.2727869612056,631.1186332917661,830.8232593758378
937.87,708.6885404964313,728.8383689197434,628.2339814067982,839.6845748165878
906.33,722.4852808558719,738.6015057476808,622.4182273843227,863.0761995658569
946.17,722.1321295461777,743.0189422858165,640.7143991536467,862.0196865725815
973.45,708.3786109692627,726.3862870894347,646.031382863104,839.2883401002049
961.3,704.6637220334857,730.4914650733278,650.2690862613856,836.2476146478682
925.55,722.7766662238006,746.3415572889071,663.8344433520144,853.3982770942373
902.04,696.0457252267566,714.383538239014,620.3925201450646,824.0758262344477
936.98,688.8705867500659,713.3151150397725,624.0155113513081,816.2453317070647
933.1,696.3560590989034,719.8562298082709,643.0959254809102,823.456086686515
879.56,704.8851880678013,727.4178205485076,659.3548652805557,834.4580278034765
927.43,697.3581265916055,727.707264161997,664.9954202181983,831.04195699487
937.83,705.1267626271501,732.952986112514,673.9699810062368,834.5968816660446
938.76,713.1112083600391,736.6985531510517,683.5220192050972,841.4236320168831
907.38,713.2648756255159,737.7751306406847,690.0329015488552,840.2836083074643
931.53,707.5535719977831,733.3181913952777,690.6506894583601,832.0257804421606
934.94,698.1694420945283,726.4840819658378,668.5274041524044,818.2459345144491
923.31,700.1035499209922,719.7222909835479,669.334235020248,819.105038202517
897.28,705.3619161882467,726.5199275974185,679.9843843251859,830.5641937512809
883.64,683.1645081579944,706.574224200128,676.6908570012755,811.5071049356486
908.21,689.1555924527845,712.258374714765,679.4738376893168,818.1560791763271
907.66,692.4973608282155,715.8861839160585,667.3960379182388,822.63197052013
880.22,683.2291242825835,706.2297896696173,652.0476641398403,809.7246327657829
896.82,675.3652434396311,698.1176203435907,646.7539599185887,798.0055265262321
892.39,677.1179746885412,704.8961907439276,653.8204994210616,794.9856086664685
889.18,686.2285804893665,710.0317286879126,666.5343392339561,795.902348586259
861.04,685.6931783184215,707.4754444611146,666.1495295095654,789.2952375289797
881.09,677.5040324910975,700.0575767955268,660.3524463410897,770.9240588676739
873.14,683.8473443919429,712.1764041037159,673.9641764094401,776.1478805956327
866.98,704.8707790098706,731.7340746978681,684.408085514849,796.9753714342623
867.29,705.5640051126675,729.5103723024562,680.1686407375282,798.3906498426169
861.63,677.4393795261883,690.3415991716572,651.9974723484366,766.1848275236234
882.57,677.4850857839682,687.7652172023589,655.1229377256501,771.9497167449427
860.92,681.1932850567188,696.2456118188633,666.1373317693926,772.964452815081
826.77,679.8075831356956,687.8381799058404,644.5377325140055,775.3437768100304
858.88,672.840836872362,681.6435079145774,633.5780238821899,776.4390332405629
852.0,664.5246988670388,672.4581566981894,630.6843029886353,764.3346698015124
840.02,648.1922419620195,657.9969751056706,611.5025321526454,748.0011427301179
811.7,643.2863117631204,657.4735154882899,604.6147616518898,749.7532225343411
824.36,624.5062343007176,635.0749116867462,595.769487025693,737.1006580579722
837.19,624.3816052944791,639.8431067108502,608.2467760409555,732.8847263904001
821.48,623.4342672423792,636.8393222157127,606.6342213119641,725.921434131724
809.03,617.7313515265809,626.5960994069228,606.1478158683761,722.2819986644935
792.55,601.5980857403061,612.7995935675696,588.4161689924088,704.0037276966221
820.37,573.4115666187571,579.2194736530242,558.7828442352908,670.7561950047294
797.97,560.5050429456325,571.5873822209504,543.3984496091543,660.953615671995
730.06,558.6641384337091,570.7472512977994,537.3962440303778,663.6225072795603
764.15,549.3207350551929,565.9932685504035,531.5895320601571,664.1419728671019
759.39,533.2175255789568,551.3832008471378,528.9096081245004,668.1149614922105
742.69,520.1807471131317,549.1236393419795,524.7241604740994,659.8984037710046
714.93,515.7299916502562,526.9373831462233,504.0858976939539,651.2597089941188
697.32,439.77690456482924,452.06001813616456,427.67461856042195,566.3339750202163
677.3,394.9054466441416,420.60930557104945,388.3164259811825,521.8086310095151
638.69,393.04181884299356,418.26837817522033,386.076668394507,519.5855710733464
575.48,375.0989151941353,398.0043771068034,369.9842648131745,500.4385343695194
582.74,337.7704652170354,359.2626578666179,341.30037261514275,461.23426693799837
524.49,303.8281231871204,332.66046570186705,324.4519247937604,425.7732554888289
518.85,304.6782288516089,333.0252387847763,320.26861208484377,426.932287006396
476.77,305.02115113190166,341.40245624394686,314.3856307677652,424.00884855404
520.11,355.2799389042475,385.101752217812,346.98151031042056,461.8196829885568
568.99,384.8722630805864,401.48667692718936,354.97431879600106,500.3949253143593
583.87,407.87050778901795,421.65214451570995,358.8369742562078,528.3276424844219
575.86,398.02120145206993,420.73008521309646,344.5792949984444,517.7091497970913
610.4,398.99585345671255,418.60126730878983,347.2083002202813,521.0805512681507
603.71,389.4437856058872,399.8949270951377,333.82658943035,514.3322483357854
586.22,372.12380864193346,386.74343236484816,315.6046796597038,499.003585925797
566.22,376.7089504046411,393.7626931568484,338.1131934117387,501.36930506004995
548.08,374.4748752127245,392.7809911728765,353.2222012529132,488.25811364008865
569.36,394.1382218161751,418.06005874395925,374.82952709155967,505.95383401547963
571.53,406.4749200825525,435.52980418925654,385.3237385093329,514.4544404896226
575.19,419.2142866431865,443.8145937777,393.10276351518144,523.2911717557042
606.31,430.5895379133616,449.67350039478254,403.8210395576629,540.2361430131697
630.8,434.80411188035157,455.5917648546501,411.3902885917849,554.2078479373558
632.08,433.9983988017364,450.742307272481,407.6883108404308,562.3188788076329
615.01,430.01312437910445,445.20674814602927,408.5320188688214,555.6169398675454
595.81,430.42489313100157,450.0594548647335,420.11351483124776,552.6659062182508
619.1,427.9691892682336,444.5188710780206,419.1962995814719,545.9716004128053
616.75,419.79843305051367,441.4535982913357,417.10362652402983,533.631074347302
606.28,420.50014320949543,435.88037487944615,407.3295678889616,534.785778475059
575.36,406.5981123163021,412.9504653708578,377.25779120556945,513.6286763928157
582.23,405.75669917029836,413.4214499955254,370.64814265891647,505.64232844144084
564.68,396.2623969415887,406.0618780932465,358.2227975966294,491.32908319824264
530.78,383.73857231206904,389.8090537867585,350.6296850204444,473.17908573267914
540.94,370.27699350497477,365.5677393990563,331.46164394282187,464.5814849851898
518.4,368.23830948755284,365.0917849253356,319.88622124196655,465.63247013334234
520.58,354.89419559222966,352.3760500823105,308.2925877418421,453.0961179978567
483.3,335.03543265504135,344.2849992452179,309.4909674170446,432.275710384699
489.46,348.55292698134025,364.6465750466609,340.8583444821735,454.80467051445976
535.48,337.1583300503242,355.185001399023,335.79049388752225,449.1263066257317
529.49,334.72955736018645,358.90342970117496,337.0488037782898,447.945115206276
509.54,336.2597488142279,359.2923996861181,337.6944312888092,450.85099789822726
535.68,352.34016401623194,377.42362745779826,354.13995922350415,468.5072982324312
525.07,343.4179263669039,361.6528335822351,341.4402768761095,447.7015827186888
512.26,318.78428952511786,345.58764960628383,324.00401389063194,423.2413694380096
481.25,312.0399689415148,346.2106751310718,323.41138432566424,421.7107763346231
505.8,314.4752030644025,347.6305468983775,327.6473463449069,429.6016826973674
504.31,304.593920228042,329.7976376631838,308.504784392171,426.64657145360474
497.63,294.7471738440776,324.03798246296986,298.72945251969406,416.52597659268406
483.02,293.6268848652232,328.38369628889023,305.10812483814647,415.7361219241099
476.36,273.3834263187825,294.34366720789967,273.93209010646484,383.25812331928074
475.64,252.11592457935208,278.20206023399885,264.31526595812477,346.8868783102907
457.02,240.16354902630286,275.1326532445491,271.9848841983437,328.96877538530026
389.81,238.53829606791024,274.0146223077613,273.9080414642563,327.69284863310907
420.57,227.43967247250757,262.2807709546759,259.4315091392801,313.86454959739996
380.67,204.39889696219078,233.21067808552894,233.598635410938,287.64447601657446
347.76,184.49817469735288,226.05720441276483,226.08074178321218,263.4391501290117
328.21,199.8552131393599,249.83304854275653,245.27647689765698,279.36752982216166
359.84,208.83112533816964,242.4761731722094,216.8008367400567,291.2043804207904
357.86,224.37249117752614,255.2145486383749,227.8188186715716,312.83715483381405
362.28,230.39667155804574,266.8415963089451,247.90504812255068,318.53627599662894
389.0,243.80301055132082,286.8277386967675,267.67788236062654,331.79686210346523
379.23,267.4437540386856,305.45464668728863,286.2690345740067,356.46025873563934
419.23,270.4077384083565,302.37132124514835,288.0766219582789,360.14519649107194
431.71,269.24811025731066,299.6731586553461,291.97457314089615,357.6447406246724
385.38,261.8302075484912,287.4632360177688,278.45206134269125,340.6613161597897
405.01,258.1599924429834,287.04794946456224,271.98938051450017,329.4342294692118
400.59,281.0982242697654,314.2108728682307,296.153883733074,355.6353644298075
410.18,286.39213785186115,318.8196418558253,302.2558151601601,363.65330699922663
421.66,305.378754729077,336.1068489056651,322.43000761476367,388.8330090383025
440.26,307.4334912421295,326.7246993942586,319.01220081838443,386.2751990831205
457.74,314.89122103274724,339.95261802104204,331.8475768477072,396.08844683346604
474.78,335.8764881803756,361.310702919555,353.72985188019476,423.2782996126759
487.02,337.3668202050204,366.07061066869665,364.4668176461083,432.94471981748524
459.85,349.69277637314633,375.7781446708791,366.78160279128673,445.5172150027465
520.06,337.6407621305939,362.4830499665231,353.45847709596006,429.36680858357795
512.25,335.5859348645575,362.8168690935422,355.16489646816757,427.8425520152705
486.58,332.3086478320561,361.001156172299,353.55589638080573,425.87516659710906
521.27,323.7607509663635,349.63331789338906,340.1320959742875,419.83529583435035
506.16,307.5759267026591,340.98870710020145,329.6060401431281,401.8394778045693
476.86,303.2537583340856,333.510218238408,321.163331377127,389.66876584733484
441.48,286.4192379508378,312.1295259628974,302.0641888866838,369.8245898798676
428.99,290.048011290268,316.501630936266,299.7178163118162,358.34476960708963
437.29,316.73603600988093,343.4189650842254,325.424860578607,390.9234078798789
435.59,321.63460084036797,350.05146990467375,334.4778175680882,401.4997049223837
450.71,309.4617296809505,335.50823413647714,319.4329999414591,386.3163380397367
472.93,306.3179151286309,333.05237302843994,316.05055356268696,384.6164726503521
456.06,303.0829809862244,325.4975456318702,308.79596039925536,383.4577942607325
452.58,299.99855842137686,323.6666266438172,310.1996206285725,384.46445780801906
435.2,302.5692103730632,331.59878877394914,322.8695072438032,391.1325512763509
473.14,336.2445454430514,356.5870442484278,343.25043409735366,421.23443908098994
492.32,350.0317055221443,367.51543860805066,355.49510524380446,438.38357579897485
505.33,350.36160429996465,368.18425575233624,359.6007666445825,440.6273768354313
501.85,347.00310862206186,360.780425147299,354.38720180090144,440.27143644393254
499.63,310.60280918003434,328.49722288057455,319.4671347445102,405.2822848016721
503.91,314.75378507323575,338.74467064511333,330.2944680188515,407.8540850930963
480.63,335.96962500263095,357.44928385643686,348.9065347515876,430.4622626938775
485.08,346.1028533977563,374.4242880617867,360.770320117024,435.499966225506
521.34,374.5437405537611,397.53434583773975,375.63415562708917,460.3461815989891
527.23,384.8163969813234,403.77151179056773,381.6559791256587,470.4758023383655
548.47,391.10317336733095,412.06321477959233,393.2808127828377,484.5448250118805
565.23,403.03389040626445,424.65078753981476,406.0304568942706,500.2594400947309
589.49,409.75816356585335,428.751727089793,405.0896791148043,506.06103665170656
599.63,402.8425480728171,415.3645360775919,392.9544371975931,494.7994251898096
584.11,395.8475866169119,408.2019790195309,385.63407867129035,485.1848204461271
535.84,395.4787952434648,407.87565195568374,389.70760632738666,484.32050969328577
519.61,390.4673642514243,402.91599329463907,382.6951178644974,484.7409080655599
538.2,389.5733251572487,402.4573986986449,383.91816617754154,484.41685701466724
541.59,392.1273396609028,403.2779359627016,386.87923117647057,485.66508254168104
575.95,390.23303824971623,398.6712462068389,382.84824600333667,479.3227985756244
556.81,383.69009045065053,388.8977770168944,368.55327355897106,470.64404668957496
570.67,362.2662923048412,371.28579558792325,349.74247306658793,447.05863466755767
548.02,350.23991533098905,360.7527329075656,339.4134859923101,432.0766324825485
479.41,350.57063627693157,365.08463251194524,346.2323561087975,435.2087354072135
528.12,370.10605172348914,382.98475286794303,362.16274045449444,455.12539155982165
543.73,387.6006877470939,399.59789078150396,379.55728851639805,477.84034948096365
551.58,376.34806712042115,384.51381664876783,366.32054258947056,470.4541105781071
544.93,359.4818676559558,368.6683393572053,351.6591518274069,452.553789846709
505.13,347.0526858090988,355.7779184981974,334.96064141371454,423.48168603520423
515.01,360.3107892377695,369.94282843836334,347.90353277271385,437.6613626539703
506.92,366.71982067572196,374.3346501714085,355.21624019348656,449.6105807220128
503.25,350.8822999947841,359.5762992806855,343.6081302446018,431.8557837482327
493.93,336.06171232503215,344.4849703004979,328.8707738436861,414.06187044127125
480.75,328.1836434660703,337.34506734374315,320.3886333554207,412.7261931823941
482.83,319.64798926777013,327.89482793511354,309.5745554080061,407.52359327597475
467.1,325.44196616826946,336.30868533911064,319.7183408012374,416.1570064089021
508.07,340.3496623259256,347.0401672885768,329.2563805769558,440.8489794484951
506.86,333.38255305065616,345.3583356852154,328.0712445476026,431.1370587525725
503.07,338.5894165502336,346.07326972206977,328.95716978588433,434.46548284518184
506.12,341.25232205503426,355.83265422861047,338.61398185546966,442.2271039446287
503.91,360.9886924629851,371.9304760326495,349.75495205115647,458.7782207298156
544.57,354.7589008640133,369.27977455783224,343.1372678219721,453.9723344639421
531.66,358.1756141318628,372.57074372584805,341.41842787058175,455.09555719024877
505.47,352.82558555370645,369.121567846068,332.32685234151455,460.0192812638175
525.56,367.6840603479064,380.20925525762965,341.3796700566144,483.9007762438645
540.11,376.8286697643011,389.56954587952004,347.93924362263516,487.48343269072586
561.36,386.0516286578299,399.14551950399493,357.34796399036907,494.0814316092877
558.08,396.0895951732038,413.97782509121225,370.0925322245103,509.89887072152436
570.53,395.2567289814927,405.65307004513346,362.7076294571702,506.7314702773601
570.9,392.9789818363082,405.15662426646725,363.19324687732296,500.4441520690819
561.01,396.20204261306884,410.37327740723657,367.3995452504278,500.1692729617036
547.51,398.28856333703305,417.9587640371346,373.7288299747108,500.1785728961999
559.32,429.8105053134901,444.8798774628226,397.9993569392642,516.2365649228074
590.25,424.7711358805518,437.7177418220832,392.90558693297237,517.3729153827363
589.28,419.3788289914854,434.9177013701436,396.84118263305066,515.6773630064514
582.38,417.4019630314041,434.66071138314095,396.6272778498254,509.4601878693406
604.07,413.5427049675577,429.7780453971927,392.16224541504556,507.7676375298819
601.97,419.0687026830941,434.73371092694254,392.6825277794429,517.8950298791567
595.4,421.57202131193856,439.1469072340745,395.1866577938768,519.5820622574809
574.75,429.26195024967967,449.21396142862847,403.564301163091,529.1779170752567
596.08,442.7566601857349,462.78163496670953,424.10870648837584,545.3312572418776
618.91,445.6195088909393,464.9728657647467,428.365554273554,549.2225933406531
623.43,448.8702232700244,469.4061139886148,435.97593058321496,555.3948008234772
626.71,448.39572443822493,465.28326073791237,439.1597195786139,559.4080298608061
634.75,433.4348910606358,447.1414885477478,423.13563861750293,541.8058847973356
625.48,414.9864600449032,435.2629374022555,412.3610984205912,514.6153194724199
614.76,420.11104922542575,447.4759860757858,422.90334422467373,520.8913807165079
589.25,421.9127439555505,445.071948515775,421.6586230208035,525.048635637947
615.9,412.06808039749546,439.1246439995803,417.05097272098163,514.0372184717875
599.95,411.4697046411167,438.4072704146914,412.9482846036093,516.2352251931133
602.23,429.80573134711534,460.3394128640557,431.5720503843785,535.5862018228163
584.17,441.6253406758779,473.08046329688756,439.23161840553064,553.978796391251
627.58,436.52732954003807,454.16045641427496,421.65464067204135,544.5830168599049
630.04,451.1927772300486,475.32300097992356,440.4635542211934,558.0129875707889
636.73,466.08223832773683,490.17049376451826,454.38185865193856,571.4008677665416
640.76,477.19730438703783,502.2324054735902,460.2711630259302,585.3123432598788
624.58,496.49422099171335,517.6118545113723,477.54351623836345,604.5230463268684
678.69,511.1013477591715,530.3437937040308,481.2354500604616,621.9609635325786
681.22,520.2484209842995,532.6386715981208,479.44021137182045,629.7015730698747
660.22,504.83040911668405,518.7083437448157,454.3882661720249,611.2035415049507
686.45,500.7759917027971,513.1596047691667,441.132482784984,598.6087902735505
671.34,502.87357081264014,510.5410379375756,446.2945161075673,599.5866995016279
673.22,499.5338744805858,517.3617338962753,460.13956940208,594.7618692242582
638.39,520.26279320191,542.3871612538627,503.06578832832895,608.3378686747106
684.05,527.1868163748576,547.0913448737559,519.5096476660808,618.9425974589866
693.62,518.6033227743818,535.8319231645515,507.5924618072034,614.0018387807626
696.04,504.8659168955719,517.9078997305375,492.92027503422463,601.3664751397621
683.95,514.2310506717555,523.6372290573938,489.7390675568748,617.7429966619502
665.97,508.5139792875462,515.7989028170572,479.60534046960987,618.0846969218646
701.05,501.8943515068337,511.1331346657166,470.97398769898194,617.944068434115
698.95,508.8113750189382,522.1840320755375,476.8123724606093,624.2946531532998
667.86,525.4078161805368,537.9099068182115,485.6457251997628,641.4700138894754
721.18,530.8154144981306,542.5089490627219,482.63784783490263,650.4404530543704
738.85,539.4424713280023,552.8887353444148,486.3407465942624,654.5699546350571
734.42,542.3468804071445,555.4947144675656,495.353714763954,656.6553782363143
720.31,558.1674985694534,572.6392155950127,507.3417715149595,674.651186382107
730.07,580.8499759077769,588.2358787550295,520.101497294513,703.2892411348769
781.4,561.6265494521431,571.4137223426676,500.35912011727635,688.1454102056441
776.69,545.1579163468552,554.999852822669,483.3253609924312,681.1763097559937
732.6,532.3238548879835,537.3389636222358,466.90656744914367,665.5190685299023
725.23,499.8752261052747,506.1866953898226,435.4603296351196,624.3591902059819
692.29,478.13065749416177,478.91164083391646,407.2856281694638,605.7587964634913
662.72,451.8695186373605,446.1313386482056,382.2096388201816,566.6877571080764
592.4,421.2074809520278,420.5842685300055,361.85335724231845,523.048640246574
610.97,419.4941427879729,428.7694248202121,367.8723296595202,510.527244382556
596.05,418.3638548070823,428.0970916717059,364.88273318039194,508.81373819069904
582.54,397.7320956912733,400.81334369877067,336.12968900566136,488.2796840968536
557.68,372.6142746076458,369.5430273992735,315.3372396013782,459.8223940129038
528.61,411.7448506161805,420.4572323233307,357.16142527526165,511.04550502206297
569.05,423.96578132115053,430.898801619133,368.66179615691533,521.7172948702289
584.92,433.51224584912376,437.61259415688954,377.7609985308139,527.1809641552078
582.59,427.4918132972789,434.0199854323005,379.3483634662142,521.3563963107542
596.44,436.4958310662441,436.8514857206251,376.49147840016457,529.2963173717437
605.43,449.24042625671717,451.20307994009056,381.51905713354154,547.0152498445109
612.83,471.4106919564062,472.746268578311,400.03097660064657,574.4143906858405
613.22,466.13048477052365,462.7325645587117,396.63940101081323,576.3767730088063
649.46,466.39760943976626,465.2529402558213,398.1446326986288,575.0882306932983
660.31,478.5182985319435,476.02363558126353,410.4812644727209,578.2898189546332
654.39,481.07854084680486,480.3206132577014,421.1816037719739,576.5460857293024
630.36,477.9469330201019,483.3354462547292,424.42594387711534,572.7182955887405
621.32,502.11226559515296,509.55295718693804,458.07708114652525,595.6899317019798
665.58,505.8091279332619,512.7655346462332,456.70649813350536,598.2877682158161
672.45,528.3443266567625,528.8189476905998,466.9979251534955,611.6195576762068
680.18,520.6045896060749,523.2442443760905,458.9649328639915,609.0433239667339
665.81,512.954830095547,519.2097737492453,454.8399051358513,610.9239333584177
689.41,530.3582989062118,533.2439904070455,462.9677971917152,630.1750852999276
682.46,525.4344643116825,527.592129085271,455.76316848795517,625.7915535374777
662.23,495.6864682173197,506.7711787512982,426.1834374113231,597.1135890368249
675.74,452.9798742079196,464.44580927414955,396.21589097929655,550.2773811286886
630.98,450.8335859049259,460.1760583914482,391.9611134404063,546.8518324737954
628.4,458.41923966408154,467.8858316821699,406.2678262658472,557.5907112407277
617.99,468.79029928260286,480.40410869859005,425.88872293640816,570.3684869801035
603.25,474.37224037222023,485.2394195977921,437.2759509048345,584.0192435271957
653.28,470.2345620375318,474.39241898371614,424.2801343823795,586.2793684196902
657.64,463.9727031861635,469.00107263860883,415.93418896381525,583.8638294914134
634.99,465.1939975405472,469.53757103371674,420.20920082395384,586.7587436519254
657.27,441.35902200095825,445.8609837118601,408.2666508538724,563.6165665080009
646.54,442.6754236854572,450.93512771145936,421.02260813823017,570.4850569416565
645.16,450.75281215501207,453.18532189129184,420.05358281859384,571.3616409123996
630.11,450.9154576760915,457.8370574748036,420.1753032366233,572.6889428389637
643.21,442.4702069279947,458.37947458184647,423.26150491937443,570.2363066067629
642.74,447.4859266724362,459.26227198708654,420.8309701836766,574.486994870108
657.37,476.01125903075615,481.9073141687932,438.19847475490053,601.3500865885275
666.13,471.39356659876705,473.89298734202265,428.381657986215,598.9234506369629
655.61,441.57396370441626,444.71455697507696,402.0396743944926,582.2901017643078
648.57,445.3478474710423,444.76100183635026,401.20154273262216,578.6329973200787
651.59,445.415057693302,448.8848255150001,408.53722323796177,573.1244924668393
622.71,444.62731640114674,450.4954950978493,408.7901023843538,566.4994806081075
650.35,443.6303849882108,454.7447879217476,415.21878858241945,558.5389909673543
668.66,451.94711693137964,458.2252448275779,418.70837020658877,554.1472447120383
665.0,459.27258098693926,462.5422555513196,421.9573126561254,555.1461367488458
651.99,470.60295715290056,469.6963465240836,423.84171210807057,567.7993966985771
665.19,464.0401802761088,468.1350726223034,428.88354804537533,572.0160633754648
680.16,479.37299575829445,482.69791373067153,444.41096847570935,581.3689859333099
693.31,486.3800507232225,485.56235825072275,446.2308425560494,592.3717339431388
665.84,490.7402616644243,492.1065388526995,447.3326448825051,597.3567827731749
658.54,494.80318469956154,487.9952723319806,445.8633208258335,596.935197423754
692.49,474.5289483119323,470.41556661770574,425.4240694555532,559.5297385977584
676.97,465.9414930292156,460.8850224993369,413.734814657919,548.1342476150685
607.06,439.8454239662736,436.58107597307145,389.5950214102291,518.2702108018021
609.57,410.7361743294474,411.3359077864081,377.108029912581,503.1630476722721
588.62,404.0841423421901,413.17958430779237,379.15520876872057,501.3648321060478
581.32,419.1533958836623,435.941298885113,395.1605541806352,505.7590448657302
558.75,398.9637862043161,409.69501566280707,370.1144342441574,474.6676386394203
553.12,376.5838298946181,372.23388931586,337.7557982768631,447.1320484403258
498.43,269.32494209296027,272.3736699816857,252.1355757452877,362.5116021132433
448.69,231.20306393622417,222.5239229804513,197.68935094524863,319.3056330704467
409.07,205.4548007423659,207.63778020721665,179.71704063394984,305.2450764822286
379.37,184.68038332701715,249.15935230240189,188.77782124948504,279.7336489245758
386.5,162.08374483336652,224.07450060974415,155.09344592433098,256.6018832145652
373.51,139.82867541214864,173.83215530129658,60.94972829721902,216.16277587189415
304.16,145.76480742732616,179.39892446879125,127.45735263602442,213.13051920048775
322.4,194.2588549049123,226.22874821899563,177.87305231766027,244.72801707955244
360.84,220.20320834080522,237.5485341407082,205.07302360531096,257.05098738465114
382.03,254.31835124056065,269.4671277581479,251.39246335618185,297.46116698904456
396.15,263.89557294320133,275.1072909304339,264.9241474955789,306.0607427371159
425.31,305.4065646781263,304.604649746672,286.3690452608897,344.65326766582666
455.58,310.0065854374835,310.5416021328828,291.05438011499274,362.2364148051373
459.6,321.2716527011266,316.414259174854,297.93902637688416,370.76969594768826
452.62,319.01645362900973,317.9546913393741,301.3130857422662,370.0025636697945
441.52,326.27582345444915,323.72875649606306,304.82945567050683,377.14676616148296
458.84,327.26203882692107,326.44292306009845,306.7579754493734,378.1022540112525
457.23,328.09499038034977,328.9791445876275,311.6008799472641,381.1142422167234
437.94,324.50364141500364,325.8043158769433,306.905139949058,375.2452503373426
464.93,324.72764943141505,332.34402082928466,309.4950818518329,370.4555738123689
467.83,326.42987080420545,334.2116453559051,312.72442614955315,369.8514689369227
458.99,327.0001517729614,334.89625441794635,317.2051876039811,367.3649998125878
441.14,330.7017611211132,337.11096777522283,320.59437126863276,366.22007544203444
431.68,302.68408478134126,304.0824139467582,284.181534436651,324.48450781064
442.57,303.78570560182897,309.59451207903624,293.0685365660432,324.2598339728314
425.02,306.54646618550726,308.13541884885495,294.4010725137126,322.0951246111799
391.08,299.2080630906485,301.12457022948803,287.82724893211923,319.31540024802877
420.26,298.539448118852,307.9387211908088,292.2801546117336,325.74675063022784
425.6,301.70057312895625,309.3825220939184,293.49512680774853,328.01936079710174
418.12,298.5169791176913,303.4382618461367,290.2345455126535,318.1213183106712
388.52,277.9009076884882,279.7531518306861,267.54973914725616,299.2933834752051
411.52,279.56751705124077,282.2258777184876,267.2404817312956,302.0996005213213
417.6,299.38644661682,299.6505971041126,282.84945944225666,327.4761107394039
427.12,306.2495871171429,308.1348590556964,290.12245659200244,336.67993962274664
431.29,324.37218706553483,330.72551054803796,311.7237046763559,357.4888117229514
442.99,336.66167221518054,337.82144053915215,315.4909832431286,372.75404318840873
476.78,348.8318657122986,351.09340131949455,328.9777814957791,388.2254348829442
503.85,351.609195454635,355.3170496863375,333.8496622533448,393.87652525362734
491.87,352.1704810954448,354.3111409163434,332.49215755400553,393.3921891577829
523.35,362.6065746616992,368.29047088827207,343.74147063875733,395.8481715693135
528.07,382.81526672837856,385.1354512268312,363.45766872502315,418.826523403367
534.93,382.5691482300204,384.3987544447111,364.4837839613894,419.47235668055293
502.15,383.27985102131504,387.82465892318504,364.90252451925335,420.0185908041891
516.51,423.0446007949561,430.29202626974256,410.790336788536,471.0067953519605
545.96,430.67101881771487,440.746564256809,416.8386269122831,481.9288064521958
571.06,440.6300796569738,457.74896508078604,430.31658079244596,494.86495693113795
560.91,449.80412269214094,464.76296759098216,441.775294257367,496.5018846768649
583.85,478.21032873010205,490.53722657275466,465.7969190330241,517.0835373629877
621.39,466.3075986534638,474.3826940377207,450.40782681678655,502.94955172674696
630.25,443.0026915252867,452.6564728046251,429.2499151460426,475.21184834253285
580.5,444.3792588439824,459.4641335797752,433.8148234860461,473.4646089969697
589.74,432.6484868025414,446.01649209480394,421.22660287531437,471.17246717056486
598.34,443.4547761671335,459.9435986664501,434.892683198532,484.8634847963985
591.98,449.0497353679569,464.9233631568946,437.5100127344902,490.69195951188493
582.12,447.57811283472086,468.310623037995,442.82912958834305,494.87502242545946
602.86,464.4472828869587,479.60302851487944,456.0915684937234,512.6663506201942
638.38,466.2519356252343,483.54515842980385,460.1211043147469,519.9522607514518
636.08,466.3188646030981,479.5852067853337,457.3822295769165,523.3591259727236
628.05,469.85288823308247,485.6619466217398,465.74078337044233,525.6076803090338
624.1,494.2933595948422,506.3442973812085,491.5765081801523,546.9467070809122
671.5,505.06503613076467,517.1190981559951,503.38857243162363,556.4761028595433
667.57,518.9483961699581,536.2262969954909,522.4809300133344,570.2828835540624
668.3,523.555669979678,537.6286561325229,527.4928138717503,571.3507316848905
697.27,525.3606102521604,537.521548742002,528.7858246485383,574.219040844388
709.32,527.3982618420715,538.0737384178934,527.4688200407498,577.2507314328251
703.49,515.7789659140037,521.6402123406929,507.4297102578853,566.8392049688956
671.61,528.4232368255996,544.3092240927012,526.7444342153964,579.8105262725774
697.12,516.0741386465605,520.2245700218581,504.63224323709517,567.7279121006267
706.23,507.1840176695706,510.91825945454394,494.35499255203734,556.7714427213577
687.95,495.7328771368172,497.948401879683,478.9683677387106,545.4083038296377
682.48,506.5002343698291,519.3565312083186,493.1262735253114,559.5931614553899
660.3,515.6441411245063,528.885307889861,505.2823050642077,585.6225001187796
709.21,532.7614756606915,549.0690446830365,525.8695700586266,604.7281867080574
717.02,543.3025353861716,562.5205795608747,534.1076982365973,622.2715930258316
715.88,563.9707574335613,586.4517424809427,558.7599412371868,655.7037280696592
780.11,590.1084893045021,609.3887136499374,583.7201908799378,691.896077382172
825.18,615.9270806696734,628.0737754337532,607.1435180725787,725.2626240763742
846.69,616.1747698236355,632.1132985757357,617.0515694450336,724.1564063027575
833.22,612.2513601826528,627.1985878010009,615.8221810027329,709.8619136810994
854.12,608.5133283374181,617.1790863729603,607.6797819475994,705.4736250246184
862.43,600.6101460611387,600.7039810523896,585.8983038283411,681.8742765790226
857.91,592.7776082437997,587.4008919985444,559.2549942720397,662.935164845467
836.34,539.374421865277,527.3691750614358,499.4926097277542,612.2763819484419
763.45,537.5292312965859,549.2159899378885,523.2873996663308,628.4888032061738
779.22,543.7133993038622,550.9783122496792,529.2077460535633,643.233741524701
771.52,543.1673646570819,558.7372493970158,538.3506868730151,639.3521079083112
752.52,568.8048921381491,583.9331387133816,564.234074970199,669.0388008112719
786.17,589.6326444531978,603.8015610028244,582.7205018342513,693.9976190728005
839.27,615.6716002372557,630.769907313221,612.6742538127139,730.6561718552513
864.49,639.6653189196131,655.0608114675817,638.5534690697239,758.8603563596213
890.26,652.1901319479682,668.6273537382685,647.0397779054412,779.540309802642
893.86,680.6962812819827,698.5070953104843,687.9018911962229,822.0828718369601
937.9,689.9385058659012,709.242762679746,697.5469736672657,829.054053315431
963.21,711.5670463377321,728.2782244303162,690.6878209069712,845.783984029555
959.95,795.5727472266336,825.5218797883575,800.5071846450331,963.2714816124942
995.58,902.0955420680053,895.2080123771478,869.9866241679189,1168.7467278340416
1161.22,815.38344253137,818.9298768565488,792.5836188891357,996.2608382387817
1237.0,851.6386620967112,897.678160341078,856.8681132053096,1118.215610124768
1171.06,820.492086143045,845.6713514895446,798.925840855629,1094.2368108735584
1220.02,771.678457872935,793.0108183439414,757.5250591850236,1083.948264586901
1227.8,787.0406090325541,826.5091230956183,791.756361411543,1139.8358040177066
1246.86,824.8990699142245,842.6419405082395,807.0335426189197,1201.7765522042816
1294.78,812.1967692084606,839.964791277677,810.1323805315087,1206.735154177117
1309.34,844.7055258865015,872.6633394015381,850.1142482831344,1277.741568365107
1369.39,846.350743602824,870.3099303255074,854.959881660355,1240.7410080205586
1354.28,868.0861093222353,900.647144211767,902.219256356049,1195.2842957873036
1333.8,875.0019206979498,922.2433110275623,897.2513490574511,1195.7743583065824
1345.5,919.4659758939595,957.5770113154716,947.7436676197148,1390.6148985057218
1433.18,939.6523615960137,954.3673649079957,934.241064869687,1465.998864643208
1528.54,885.9430105913407,917.7435660256848,877.6848871049306,1478.9560311770226
1550.34,895.732775782447,931.2261528007523,885.6981779100128,1400.9015551535147
1464.8,857.3037140502157,873.1322079541536,849.6900679374985,1263.5755981425543
1367.76,824.8709904018566,838.4731276102375,811.9253863373264,1201.4409270030271
1321.71,847.2576624323685,864.3752440682626,817.7227175040551,1154.302119892903
1291.74,858.6051253185599,878.2678851725201,796.8361572553916,1148.6512128252764
1267.74,785.1894781868625,798.5752279338528,751.1454227284345,1069.1134278001207
1227.76,772.6446482850026,787.1361341858135,738.8096113253757,1124.9058616978998
1204.2,819.7241703344381,834.4084622975168,777.219236643782,1255.2138590091454
1280.36,826.4559813829632,821.7675600288607,762.9908319624329,1233.2233893474179
1312.28,796.9247752978806,794.3457623905915,739.2374406598029,1204.49884879801
1273.63,804.6833224769496,806.9170418452853,754.6165347725488,1121.4232779374847
1222.33,797.648123304457,786.2656495344287,726.8096767160024,1075.4622387926684
1194.14,780.1198871117167,781.7632115949971,712.6999077497721,1077.4368997248025
1204.39,817.9118278532234,833.6597951069562,781.052124226701,1199.2039360345464
1295.52,832.7705452544102,840.0118408593286,791.5776885540761,1260.0577779636587
1325.09,806.0662649681333,828.1987477745242,764.5659578246184,1234.462171172832
1306.05,820.912055011098,853.3942731804096,780.5234431678364,1224.4284071495972
1312.34,796.7238724520622,838.625366190125,780.3604184610219,1184.5305559946098
1320.15,735.593504383694,769.1980125902295,707.1257606342439,1096.1937893505278
1275.09,687.6735737608893,726.1402216051958,663.0722728362741,1021.3125659908337
1147.25,668.0141016808733,704.5562291674189,657.226948616278,972.1853690887522
1122.19,625.3378901531277,650.4583394791127,607.595749177162,904.6751596956727
1046.01,617.6181043822037,653.1151654325316,611.8052230061616,935.1569098392592
1059.91,626.4651042136402,661.8580006063436,627.7221938811183,929.9143849097023
1048.9,631.6630945873094,673.9227418317176,636.2278052475458,930.40305109099
1058.94,618.8866388096509,647.7296775968847,606.5448260285727,892.8937600687962
1024.78,614.7866858614191,647.048200860607,605.9762648737903,891.0438278813284
1034.39,643.5316377453213,669.9871407403731,625.7801258498523,933.2027725596691
1022.13,650.6125323930611,675.1559023633919,624.9492706004988,948.9345354637687
1025.42,640.1887219286971,658.2749299305157,606.2843658631135,846.8760730910924
988.04,669.3274590969594,681.2209781949965,628.0773426550044,863.4156426822492
965.4,665.8695224093204,674.8403380643174,618.4151294350561,851.0541203298496
953.8,680.7409407355416,695.1436908845474,641.0178016543243,885.5834589499153
934.52,678.1489869918644,688.6916721841566,639.6608199078235,877.0562609529237
979.73,640.3544054283785,631.2070365821444,580.4253211306999,839.6009131449858
960.37,608.1535062341296,613.7567410288381,565.1189300421053,814.1197359829613
915.24,629.2879317514568,639.8636375517492,599.1977447919396,815.1093595343264
948.61,690.0446410313859,694.8945047556219,658.9969346132203,850.4844674436264
980.95,710.1655560931307,712.5667488615845,678.7499577444581,842.6536754980483
958.8,690.6342029657865,690.478459164211,658.5451473895686,805.5062624487206
917.67,673.9668531731951,671.6176663572802,642.8838833802173,782.8718132068956
897.28,624.3004658369961,630.40151579203,597.3514741728848,739.8814786452862
851.4,622.947381976084,632.8846710846332,598.7559754397562,754.3782605667656
850.56,627.9405329809368,638.0996062085178,603.6707086781008,751.9981386643929
835.64,610.5121744905089,625.9655386888319,589.9716041527053,734.3225816252431
841.41,616.266483351568,625.0431109830162,587.6228468410114,750.3507806153195
847.2,599.257623790474,604.5603736581578,565.4369392804808,745.5492163479897
854.08,613.6304074838807,608.8079107263069,570.5607188725027,759.0435614750204
846.63,616.2566137399247,607.6561646067008,570.7091395372526,756.6839191965161
871.88,629.0805944292204,629.556435686347,589.1628342260557,774.7437198770871
898.54,650.5452601712383,647.0112554106861,610.2696564595445,808.0450645957543
902.35,644.8907679114726,636.5063333437153,603.7241828521823,809.4873595384564
916.75,672.691680299752,670.6817676738829,637.2755682154951,876.5980482382978
968.18,722.6653132110096,712.7132942641804,684.404709683554,981.235714009675
1065.04,722.423017120511,711.2923837795532,680.0728217602515,993.0039984825506
1077.52,720.71906425267,706.2922376065793,671.642056446359,1003.6492471263543
1075.27,722.6835860098421,718.2664423971795,686.4508552136384,1001.4620013727124
1102.77,751.5918833809081,750.3549435715053,723.904942363789,1014.5887636685081
1112.1,781.0838967565358,772.6482164047984,745.2558784430892,1066.3821448638903
1140.36,790.687955284645,784.1109445660798,757.0391856797179,1062.8460015676762
1130.59,801.0603079085519,799.2105401547086,767.868670967887,1070.0610336184504
1147.98,760.0024395327952,746.7210431377526,728.510284303058,1016.2279018334486
1120.17,741.5269209977075,741.9677199219433,721.3683461432469,981.7419386470003
1107.47,778.9954190028775,775.6824390913428,748.4249250205866,1016.5051189533448
1096.65,771.8305481929974,764.8136793261787,726.6201692102113,992.1016155051159
1083.53,694.0767466893814,678.2518900931575,642.8356567054071,883.8568376040575
1040.76,671.9420408841553,667.5578118512543,630.7729668568885,850.0897970930365
996.97,673.4694252855044,663.6244966568526,624.7544095671976,855.2991747198333
950.51,672.4903488482569,658.8413911870451,615.5876141911268,848.7809566596281
951.26,638.1490629906057,628.3018439722891,588.8621803726846,818.6724645536802
928.57,620.7565456390365,622.8914655583349,582.8588623959461,809.8477072902166
930.61,637.103898613049,643.7050262631967,598.8527154250387,828.3137138343307
922.96,641.3376430247229,642.5127683709626,596.5300662193084,818.0335383872645
921.42,644.809633845256,641.7611000421202,597.2350560653348,837.5035649610526
932.15,653.3561963725209,655.6517436821858,610.7412116599035,861.5551948297178
942.01,672.5297625996333,682.1258824880058,638.5124657933113,880.6640092520372
968.23,680.1988318292263,675.9540164520521,631.5426860440976,899.9672273485604
997.72,661.3799390460148,667.2839193456226,623.1262785711053,893.9389397216075
1004.13,682.4636552103664,691.152022419995,650.9112130429392,911.0243642506656
1001.13,689.213884621916,694.1709249245914,654.3284582490709,889.9785945146921
973.17,683.7465690437791,696.8918251803287,657.9698300794743,873.2221854943135
986.19,691.3777295838588,692.5258348015732,659.5688203822672,867.944930026771
971.22,691.7876572182889,694.2700927768312,659.008916702738,859.6428129081994
967.34,717.3686860248387,719.5326442033753,682.5420154700332,880.6225872539362
965.33,724.1185703953404,730.9251124827177,692.5197624385465,869.2484133384918
947.19,772.4135246955212,769.7949039512663,732.069114946721,922.8066794942815
995.16,772.1609474600463,767.5810567907876,728.6531366881874,903.5533063510253
997.14,764.9940495340092,765.8364160356169,722.1394742480687,881.0908537818067
976.36,752.5188999529531,741.3211857801286,696.4932892917483,863.6348830220966
958.19,725.1033975167209,716.3092365884778,676.0309866635387,842.4100944890639
934.77,721.5761920416115,713.590759706976,677.8960952658509,836.3674454270333
927.65,716.2661873264763,706.1839360505564,670.6611559639881,828.0415725917263
906.23,721.4213512771538,710.7219446669835,671.6830022159302,832.7372991117664
916.57,693.0850349208405,685.7112040175451,648.7942496348459,811.1175913313461
905.48,705.3816661940658,708.0410107674261,672.784260024482,836.9460864528477
935.93,727.1638748299177,735.7555604596498,701.1529608193633,868.8420978525327
975.57,742.9626242187223,749.3257184729852,709.6462180988934,889.2829216755056
977.07,745.741339516517,741.6123572944911,714.9899999964101,877.8297486353289
1004.59,734.010710343635,730.8563010543448,708.2162511853011,862.2494542585698
987.25,712.9594460086812,712.3926612761694,680.8733241799156,847.4568679278233
955.2,691.9370680789631,685.5277302373717,655.2482711906949,831.5688822979854
932.79,660.2482547271331,673.5969700683072,646.9271453654308,798.2809816005681
917.07,678.440170187304,691.974303758724,668.4693078659511,813.0117112365649
909.03,648.0015600587031,658.3563281687846,626.8000734774861,766.6797583564385
870.95,653.8586632971834,666.5209715889802,629.5123153594257,760.2372525455658
863.11,631.2272529325049,622.0770321063586,590.2904014145158,731.3133905884761
829.55,608.5694900577873,598.8059929135471,572.130082369478,699.1209089581267
812.24,618.7149503377723,618.9637087595653,596.2244847484709,701.1649024743832
807.04,617.4143756142606,613.1933438086982,583.2762443546836,707.764454077661
812.98,659.2690614791143,663.3989988538331,633.3582668793149,771.7758618825261
854.89,643.1986461776908,641.4616700062162,609.6319469222408,750.1393585102599
860.91,641.4551618491577,648.8570866415313,613.6904742781941,752.702722368352
852.85,630.4299708959553,634.1064695224228,600.2190258594566,760.5430541597801
889.82,642.4234764201768,649.6662932607572,619.4984639785454,789.5547569184565
889.66,631.5560249356531,634.7132727266895,600.9929906689358,773.3540347087576
887.85,637.2434731082224,646.6534181919678,611.4833428385291,785.7164079826998
880.83,639.223815536571,644.2692348689261,605.85531900103,782.178137831901
894.96,638.0903035783883,637.7446623027539,602.7087944388128,771.3631011376159
891.67,651.4807634951012,655.7790566405346,624.6140551354887,792.2781928664787
914.09,663.0391003742708,664.1787835353637,635.405565241859,812.6994535808668
919.12,674.6267091342216,671.9788677262161,639.8246263482622,815.5950012151778
915.1,708.3116406583567,712.3813486022265,685.714627471693,857.1919836487785
971.05,759.2253082528651,742.2050551488329,718.3032530654413,902.1196176665457
996.14,751.688174992537,719.6676585857401,689.2090019316694,882.374727260634
982.9,731.6849845218937,696.8284643222605,660.6622635502089,842.6349363546744
970.8,714.4154132029097,687.5075757706693,654.7719006909191,839.0394450996637
958.29,712.5150295447081,687.2386036941489,652.7855353194856,843.694375907047
956.53,711.9145386148217,683.3508734540337,646.7579548469723,841.1637010940731
927.92,697.5171258195268,664.218145171165,629.874357765916,813.3833833433448
925.61,656.3878779755141,644.4595106301756,615.6096348186342,793.4727663076208
899.24,649.7407601275572,640.1688074892535,609.8281395983365,780.5036599158747
898.23,664.9695017051023,652.0033119884647,618.4814168522214,784.7735914059996
884.7,689.1529183846626,676.0751555118575,638.4280556342277,806.9368403725019
915.37,601.338288700611,592.8567385560137,562.2941984887141,726.3278817037093
903.31,603.3301756273565,597.1847708253139,567.3624633123319,728.3389390751388
858.65,609.9235820855114,599.0174069317073,567.143912156036,737.6772333302206
861.68,576.7603175826877,572.9808987825836,540.394004683886,722.9531205751542
850.15,554.7270781062658,552.8873767452884,526.3128121250745,693.5225092308119
830.91,568.3222650737455,576.6170249108045,550.6846742309503,710.4678866303442
833.83,561.0013386673846,568.5048987149089,541.4514925978308,696.4614358929178
807.0,553.2478898292173,556.5963963890723,529.22725435094,684.2112180319119
820.13,555.6942991487554,565.3398192109189,546.5424016387665,695.7944769384428
832.56,584.8212456174563,597.9362010398916,584.4938358076123,723.0001674611727
860.05,646.3137504394765,656.5765013136198,639.6366850053529,810.9490576488413
881.3,606.7212111920079,597.9584139558995,576.366580819725,774.2501485419431
883.02,605.5765402109743,599.3941378434355,584.0574424465489,775.374609462427
884.32,612.8573960300055,602.3365814083064,584.5376155862076,795.2838750873799
890.74,617.6279811822021,598.2803120944199,574.3351246934227,799.8511492947775
899.36,637.5584910923044,616.4282977190813,590.2254968571757,802.584720823584
903.95,613.754102902492,589.5963270858094,567.3913488190228,772.2720318080628
882.48,593.3811784853303,577.1314101283324,551.8673904802457,742.184345497599
866.98,602.6027068961811,585.0778240711257,553.0850619036256,743.7330137200507
866.61,613.1550065135079,596.2063440356648,560.9591753701571,755.9137920701512
877.57,609.7128590479916,581.5789065706842,547.1533120894662,773.6092994905204
882.29,610.5890485577451,587.2110187851841,552.1493375378411,776.0044783013333
889.87,611.3512046967751,601.3343395979916,564.0770696122918,789.1726572039635
886.34,593.9712373147817,585.3370577234847,549.8863993028434,794.064902571715
884.25,578.1758745398049,571.0536216906164,537.9567146914206,780.3042450595757
890.48,559.4969848574436,553.7916331877884,520.5019371986682,762.3838670201751
885.15,581.2569805772875,569.3244574641186,533.5329712701712,786.8300630082803
899.27,601.0700067061865,586.474796434505,547.8243782903744,840.0769592702349
954.12,593.6072288931533,578.9474204677706,543.5304718386814,858.3791791418869
984.26,595.953422657686,586.9716160076399,548.8197408447953,882.5755402520128
989.34,590.1105218119254,586.3169778939198,546.764559552267,877.7853237018572
974.29,585.2824702528969,582.2821226900734,540.0191786862769,813.6969708447486
944.51,578.9148266683583,573.2721242096097,539.2389573121698,777.8978524147035
927.09,560.4657738599038,557.8340298747486,523.2536593242694,744.6037409784224
903.13,573.0506114509856,570.6676231919902,534.2971230763042,743.8406386721437
