refinery_gasoline_pre_tax,dubai_krw_l,brent_krw_l,wti_krw_l,mogas92_krw_l
835.06,729.2375688326323,777.4627502619369,785.1472133541184,793.0438560242853
857.42,782.0521322556482,813.6815383447512,824.4100946336648,850.8816977471998
890.6,809.4766210343826,848.2969880684416,854.420840384607,876.6783403684155
942.44,807.8278998934612,846.5427373809582,846.5089026917352,884.6333066567679
948.25,775.7899589137413,830.5541219671486,831.6281098518331,864.6930655108594
942.51,830.7111812377195,868.6599071937563,873.0938311230101,903.5596105385059
938.93,835.3461463886285,870.8648371996516,871.3227399164609,897.9024397178968
933.8,851.116425398253,892.3507292559309,893.2383123086229,911.1125734554545
947.68,885.9115983778087,911.6290504843358,911.8274230291356,923.1165002975783
987.13,849.0280698466324,862.65833329169,858.8872484908569,868.0341195434958
986.64,795.6720777154089,812.4907846158357,804.4864936314216,801.9130220474214
847.17,771.2331581398208,791.2056767975145,790.0515989552013,774.6916896638497
815.67,748.0300246426314,751.782686587718,761.457147866325,749.5003451850379
776.83,718.4843358189776,730.5563714277567,742.461601254904,729.2769511349549
763.05,734.870418752081,751.8032416893158,757.8203684963285,741.1892875497282
778.09,756.4919020562274,772.6793698375443,781.9263836630925,772.8151713447999
803.32,683.8545543121746,696.8956637619875,718.7708897136902,741.8657513068218
819.77,638.2841537492442,678.0024550674345,702.1323158053737,712.7210675717482
802.65,687.2801703578976,746.4823591957253,784.2852828453815,766.1049388399395
788.12,666.3287792325343,704.7492796337626,728.2805381821353,740.0707031095927
817.89,634.7204736614773,675.8301808605149,709.8961599036555,738.467038578853
800.23,551.6965304663001,590.3695074660311,617.5305151730479,652.4609217798013
782.1,509.6427604094851,566.6865809134623,583.7563572918679,576.515535219846
661.68,494.9654995563033,554.8752345989633,574.3444740478607,542.5727654827987
611.37,457.6683036489216,494.45965590180157,522.5056435783957,458.97167464259303
542.77,436.6658761004228,467.1191980964158,498.94043622566187,427.0742031082649
476.18,412.9871547356262,459.362038269894,475.81505736921645,378.4697694516576
460.37,426.7863948455758,492.5200705487011,499.8024754582707,387.2275348391496
458.18,360.0895721002515,392.84213532192035,397.2423180105682,324.0316558118792
417.68,354.66673716533853,374.46222640326516,334.2675545852991,357.43048900331036
402.76,313.35907075192296,325.0221446614974,305.243887707993,316.3123345884079
370.95,307.86427499052996,347.6064326624281,341.3965177640352,307.7301151238854
364.84,380.76229046379746,382.608072274701,362.93345882307176,369.1496608366019
409.33,378.62726002353844,382.8270520366736,318.0068257837615,412.1448843782688
461.2,365.848890346317,396.546348651731,359.700583245876,452.45013286666784
491.68,371.4000715656337,396.78346463378796,371.60003273692524,460.31724757090075
525.32,383.2744426825969,393.42735728688916,353.15378069135244,485.0214605822531
541.1,391.4192516337999,393.183863436711,326.85189194765826,514.3322159881872
551.35,379.32129122211387,380.3253939178725,338.6512112454198,505.03648308550004
533.33,399.65993706912116,417.36205508061005,398.0900739814618,497.21994115549467
551.74,418.48449247911486,433.5719226751692,426.45810446222384,494.5663023390475
554.09,413.4030505019331,422.5735847212347,437.4671018483255,467.9757283533341
538.53,411.69687014253486,435.0141044012776,443.87883790490923,485.95319990364226
550.77,434.039279876111,454.696049076632,458.840760318306,508.3451122450705
578.13,431.4115541814937,444.68536416620265,430.4424156452636,503.23308112102325
574.51,430.66804194013173,441.6225291304636,419.9794367321432,511.5724752523981
575.42,416.38158859518234,429.47421878356016,415.0894026821497,493.7542428413649
535.08,417.5536382239555,434.7384795020509,435.7579356259002,460.77805528174173
555.41,440.9782395525495,452.77909715831663,454.34985968891624,496.5226707043724
562.81,451.04917635743766,449.1432882162675,455.5850176847822,509.3274468042969
572.79,463.633404735419,468.0437364830172,474.79108695832286,527.2325468933361
579.84,482.80107471420615,497.7527833734561,505.4054496751044,549.877802928609
614.11,551.6690305150674,551.1407295404821,556.0459957150728,598.3261333658826
656.43,561.5497571524469,555.5209654420881,559.7406350543466,609.5551429414674
672.53,558.384373940451,551.6487027452018,553.9676697159981,595.4146185976584
672.46,554.128207251925,545.5433038352924,550.3107674442581,592.4799186883903
666.01,503.9204244536609,497.8738253904667,496.2324902844785,541.366537022299
648.03,500.19211306169984,504.4426440797757,494.22681968670184,537.9350750467372
614.49,518.074832206929,536.3360128603925,519.5730965814998,572.8488837414118
638.61,528.1766717506767,548.8208092140819,528.4831966931298,593.602696635221
688.08,549.8058519861172,569.3266849556758,548.6069008366791,625.4060806873231
704.69,557.9708943600243,565.9608760249357,539.2841433127445,633.4927017005444
717.62,556.2850462632139,572.9881904703553,555.7554477905211,618.7292623529082
704.06,560.9319521705983,571.5765655435141,571.2391791952438,626.0451883597067
699.7,530.5869371218947,529.6405524253987,541.9691224591719,586.1554492635242
672.91,527.6988635798676,533.8237528162657,544.5688755682042,578.133072377512
661.13,512.1031358045667,511.44198234543273,518.600696329113,552.0657998653658
618.64,494.65220408182813,502.17589781362864,513.2217525923006,518.8165419682331
600.37,504.40233537818114,507.4199296021373,522.5923243591675,525.1071344722895
605.22,531.3778314063346,539.5139756939294,553.8870801676853,547.803426930698
635.64,567.115224329112,578.3351900553536,590.7099021409387,589.2183319221164
655.48,577.087358090785,575.6518363757381,588.1249336813943,604.6321251237938
680.46,577.6517922311577,572.9437969859376,584.789923258364,595.5451294755118
672.53,568.9990945384081,560.574904772404,569.5987911550486,584.5622114419532
664.32,566.8467689156192,565.8857936552247,565.9703493785004,583.9099652534145
659.64,563.6595951034815,562.0063920231139,559.320145030544,580.4955819111832
657.22,552.1042854203813,538.1388559302552,523.387099456853,566.9946037294231
660.59,534.6796756571727,534.9023169875579,526.382480764801,555.8425886260235
639.27,548.6188442887877,556.6054716874695,563.488868972651,586.4613883550312
643.73,567.8896725554763,571.8988222012483,582.3913811958777,607.6319560235897
693.77,575.3047897766688,582.8100157255029,592.3073217881276,618.7340426090939
705.6,559.6632587007932,558.4294817676634,567.6490208012219,611.6957380671694
693.42,539.3643707476658,536.1547180503788,545.7059304869395,598.0382801759736
668.73,524.5689575962502,524.7162793412041,535.5785255580432,601.0621354572795
681.38,521.5549611440548,525.5150682367055,537.7062697017967,588.384850227494
689.49,535.3792625557471,549.8316096597665,559.9279977346652,598.1339158501936
679.46,547.6527365428045,563.5372618781741,576.7160256337867,621.2398744666133
685.1,551.4131996503353,569.5116988409437,581.8218684825802,630.659351309309
707.96,555.9494965396885,571.1855675438698,583.1501444312692,640.0279363945168
719.42,552.4311758715646,568.9389450780105,578.8360629622578,635.7828388744023
726.64,553.5844728787979,570.5839372596895,576.7593498503735,630.7096042017316
712.56,563.3906221284167,587.5926809085564,594.1577158274148,640.7791877987596
742.51,586.0621893406867,602.113549211109,605.4895224760539,652.9019129925376
747.69,589.1912354173173,600.9837832845122,592.5169351233187,646.6682989857063
738.72,585.1373400577244,600.5260863343694,585.4097715301685,639.0755575083567
722.36,592.6637581761328,607.0983608254246,591.7874302905424,646.0303603195816
748.78,587.0210799780829,584.8412391288067,566.0431871843108,633.5529679717137
738.5,572.2604369006065,566.6345803521899,532.9559485228136,610.5854714525055
710.79,531.7500237703199,533.2512398632308,505.9013859790983,578.6055180353671
676.04,536.62742248902,555.2854183185461,551.1864995949142,584.6750111112214
679.41,565.8998307157756,570.9966845264337,568.3327978111528,621.4082284402391
707.2,579.9960217776413,594.464057466811,589.6973495336822,642.6542783307648
719.87,563.3541717764577,582.4549945449211,581.0614734905658,625.6378063015497
722.34,555.124344351615,568.6165680153273,573.0910252822744,615.7403999845513
724.69,546.6996037778963,563.5790280187787,568.316996907953,604.3002172007044
698.76,553.6307173646709,573.0309665748607,577.0640579360582,610.8237887884196
698.99,558.1284783805224,580.6822014952864,589.9155556489301,620.3284422485685
693.9,553.3711090192988,579.4738147311482,587.6482163434817,615.5453924885138
712.66,570.4035023566627,596.992507483861,600.0680515315338,624.01143375684
715.75,560.2090013206449,574.305558988624,577.2944716754671,611.217890360407
698.02,543.3232288636063,559.8444133378812,555.6003194918567,592.0872368165483
673.56,534.4234233751188,556.8102858970427,548.6337421548697,582.3995381819026
668.86,551.8054672932109,573.2416348011723,554.1060159009825,592.3110669211692
692.14,555.5349342132649,575.2366872998242,552.443729435318,594.6305577433484
686.06,552.0802906908365,574.4073595759435,548.4510186592667,589.5799618967292
674.19,555.1977060088082,584.8314018647618,567.7495885856304,596.2344990257618
695.86,569.5409374755822,595.5937551040336,583.1014720784389,615.8691838600761
709.8,567.0080154030745,587.9118843124339,577.2817653591663,624.223181134971
722.25,562.0042840379614,583.8461694998589,574.0291209067192,615.7358093212334
702.4,565.4706355938667,589.2250027157106,579.58590994161,618.785677462797
701.75,595.1820456560665,613.8578110995637,604.5427621880007,644.3793002675978
720.14,592.9525368667694,603.2271494254812,585.5510559553271,649.4837081409913
728.09,591.6707489094846,608.322647332646,593.0713576820336,649.9563658553237
734.89,616.3518486633442,642.4746772769369,627.4659550772305,690.8449286989395
733.18,632.148350792615,652.3344938876824,634.428222096751,713.8986171907679
774.72,642.4303700527813,659.7561444251766,635.9419746810719,716.6154128957053
803.93,657.6023613633778,677.6596810469671,655.4584083772687,735.8073273993792
796.1,651.4071969697859,678.6010635468117,656.9665540445598,738.007200397415
829.46,640.3484229197915,668.9947164261264,635.8271793447005,728.5237103534198
835.78,650.8411229858909,684.1691302124138,638.464397262315,736.3557935072944
833.2,652.6315391867599,685.3357643141136,633.7671863469329,741.2008733811674
832.76,652.735804481357,686.608719579988,617.5312663561627,727.7830033676613
818.84,679.0848191829764,703.7194246556211,607.3722245776355,742.8889903025773
840.43,693.7562341063193,721.5021358096004,601.7314638733262,754.0274868055425
837.07,737.9560498591411,766.9802720368837,662.3971757652065,804.752564308088
847.87,770.246933781905,812.187777474692,716.0341822649424,842.0248139274098
880.81,770.0339895426389,806.8044039140085,727.6015522109228,842.9271025576829
928.01,762.3465585583181,801.7380341205215,712.0131179204824,834.1596580499596
932.89,774.2731108439772,816.5959509186516,738.152878704669,848.524542639583
918.74,764.5685420383006,813.6040541658703,739.3718943504648,842.9943055915875
905.69,785.0544727899415,842.7933632098157,753.864859255351,861.5912929522738
903.52,792.6443811568113,844.89050922126,746.8786900563584,870.4777568535728
902.27,792.4640226300579,841.5568744696994,754.7074108571043,872.6555211667504
911.83,800.1359069992429,847.1259151574267,766.2039197949449,896.4895756983336
931.86,755.2837695801533,793.1727207688054,714.3878647302796,876.8913214480019
924.73,725.3607469214819,772.8786265500296,679.8639569125422,836.5196309928016
891.11,727.1598017281718,767.047554142695,675.5957542218347,800.3267416551067
864.09,732.8990896225666,778.857215686452,685.2417010925863,804.6306426161138
855.47,747.169369168392,798.4762730366347,679.4761307746148,818.8693095730071
861.5,746.5065381268712,794.9930126722896,654.7826266153716,815.3749162435985
875.62,712.2511405338347,745.8777870771931,630.0567982200345,786.4574977483709
857.23,704.892854448586,743.7339239455238,633.7875078269878,779.5702142586779
855.23,723.4726041335837,771.388585653769,645.8253115899212,820.4008281771212
900.06,736.963529400644,786.2833625401026,645.2667674080628,826.0679647536241
920.21,741.0298013107443,782.191108320254,653.2811014231884,821.7654349713647
912.92,741.1423880249907,778.6712107067157,647.8874341379068,825.8612330503103
916.98,688.9015263292457,722.9810787840288,568.4033901545182,783.4987842401255
909.98,697.2033747830429,737.4887339912415,575.1332513617044,799.9066586719155
891.9,710.0345330449719,747.9410498780172,576.2072500289216,816.5105811141533
897.36,729.6988069462388,762.9654840250281,590.4459448406911,846.6829588280965
949.65,728.7348233592073,760.0123738396348,587.6782007699687,844.4795231015315
944.62,731.0057325815399,770.9524825225454,605.5816008130112,845.1666858267457
947.77,758.6445188074006,774.6034804590608,601.2284793870921,871.705627654389
948.99,754.7810438747049,772.2029624974483,600.3977508324984,868.2259524821831
972.75,736.6354420883255,772.1250101769372,597.6118444839043,873.4383644934044
979.07,760.2120546650749,817.3008500116939,628.3476957942612,898.3758998323747
983.76,762.4391751233683,796.8812893433026,626.249001590823,878.4224977067012
955.8,761.6082300195752,787.009418759488,654.4389226014545,854.1658514559738
935.71,771.7150016735113,802.9390806754907,684.1509517607428,814.4404785933887
919.38,778.7342705524112,786.2846411687777,704.0517486047656,785.5357187916088
914.56,769.744567494215,773.5299714985393,698.5085734160153,772.319502807036
853.41,773.4879025484735,787.8656902356203,717.4609854037171,787.8321475733259
877.2,762.7943113176327,776.7027173833142,711.1930883340092,787.5547417591068
874.81,755.2390957498841,767.2555662717729,695.8964410608423,798.9507691728011
888.35,756.6241812694517,776.5550712638334,710.8417224320293,811.3141964393196
873.59,763.4495972818623,783.2152719181928,722.9322500844736,824.5276152551884
928.18,780.4210971640687,806.5064618676239,733.3858131508706,854.1843542821715
953.67,803.4342019997176,814.9163099665271,730.9564833632076,874.1480600164314
974.78,790.9269510215779,798.5901779155096,717.1009188963529,871.2180963346734
963.98,775.9162906616099,786.1880359651548,706.1783668723914,866.9957850018912
944.23,797.8771829374615,821.481327813042,692.7026512663185,887.9376937882458
973.39,821.7309398520108,839.5591577869143,717.7297427281268,914.8288066136475
980.25,845.7548577129659,868.8740141494707,754.7684966007622,930.1951315119849
1002.09,859.2802583314033,876.7280433516679,762.3555242342991,940.9576905179235
1034.99,861.6589892870516,876.4311795585583,750.344224835408,941.1122051107656
1032.65,871.6895562893261,885.6946061960396,751.9173514363129,953.9638753441611
1036.51,869.4872239752792,884.143504715364,756.4438416121308,950.5959341675699
1032.77,870.3113365474866,886.617303465174,750.6816048938675,965.3046296978937
1069.5,859.5563091406736,879.1354917862051,734.8146991155547,962.5318645610878
1060.03,848.5288349861615,869.823355955573,734.2450255628103,948.8944864415043
1047.32,830.4539189917648,852.0571196130903,737.6797510516175,930.8046321465279
1015.01,827.300162045706,854.1860318645585,745.5693365541,923.2394373447196
1001.6,783.0207388535961,806.8117081814017,694.460582391647,868.5313434616088
1001.1,776.5147760404049,797.9296534374528,677.3245302771535,851.7135791342533
959.4,766.3741616103462,788.90281982919,670.9654210672859,842.8740605834561
934.24,757.9912024524866,765.8448830194583,649.7938003046955,834.2035456538825
954.18,716.781444132068,736.2489269266717,623.9675120082301,785.4362499269965
906.61,707.2365709262197,718.4319839268466,614.143077380157,758.8945073364714
880.19,676.2008978146023,679.3922094236826,593.6311616231349,709.8658295375761
802.69,663.5510110005328,680.8963412931578,588.0966331271048,699.5266233178852
826.99,690.1549256748904,711.218837920759,616.2249697019387,741.8811370825107
858.77,697.5480285583864,721.1583356514329,616.310813937878,770.2659712420183
886.51,727.2732267843394,756.8844563347653,647.5367367529574,819.3576648579337
912.61,729.1198532269749,757.746890028364,645.1326030486962,824.9843390817505
908.17,753.6307569911976,792.7452122147276,658.8703099398788,878.5911095625686
951.43,780.7836149005444,813.6804340336888,671.3312364616942,906.0039253510575
991.32,795.5079693640533,813.4246427049101,686.5361764967394,897.9108923250278
978.59,788.6735337629979,808.0343907868768,683.9298873757722,870.0873168499982
987.71,797.5302558447967,814.6413661639524,684.6029806928371,859.8966822505155
977.33,807.9615763432206,822.5328404067548,693.4760589782724,885.614298790667
970.46,779.1485848805816,788.015418282466,664.3179680622694,858.530490423958
944.42,766.0641341418385,782.8588957326621,645.9883273112915,861.9883489382345
917.61,770.2036032755075,797.6808599724283,638.6884546986681,878.5429547713102
968.16,774.5440004142381,788.3982907451393,637.6605666342087,855.6763378314159
972.97,745.9767177137126,756.7666580630236,604.6041732047299,792.5399487329566
864.57,733.3608282254016,743.6996759258788,590.5262522460636,776.4036584462456
896.04,721.9447354168053,741.6406380808038,588.4298655046338,775.5650568456562
880.52,728.7674575931176,748.2091153232423,588.7434476147711,797.4433531235593
895.84,741.0553037977853,755.4496354843471,598.8050988618734,813.1979067077131
895.01,741.4665073652575,755.3869314622324,600.0787073695234,804.8880639044266
911.3,728.289003368888,741.5955068914371,596.199969761721,783.462916144935
895.25,710.8327684371254,731.5220011481214,582.5571347820221,768.8954969528704
889.61,716.5001035919397,735.490329023449,595.7851854948318,779.8988685525101
876.47,723.5214202535175,742.7461549897916,607.3059775949681,798.9528546943436
872.07,719.6442146639099,744.3802307556062,623.96072350532,794.5655858857517
921.36,712.3970434771875,739.7389569244946,629.0327604183111,783.5874463112899
916.91,723.4873429573078,753.2979873640327,640.2319616821106,806.1194641876297
899.96,746.4264436765204,782.4956160305386,661.7390926322729,846.2757654642628
961.47,765.3510115704859,803.2250990377433,660.1505200532046,885.4129547595504
1000.34,773.963616212296,809.8915930970506,661.7272902516344,905.1563526832207
1014.04,757.5554677244654,787.3675587876676,643.5310806477961,892.9347175194445
972.24,736.3659138128241,766.7987903296356,630.145165568637,864.0252421566755
985.58,724.3344906136454,757.2617003153435,622.1041879150879,837.659326733516
953.41,727.9547161002384,757.1574925275878,639.6184993653268,831.4917988699051
945.61,734.0421378324216,758.2100573167882,652.1271448843687,833.7084710539642
918.41,741.4623632785042,764.6135096925873,672.8359272257836,842.7135715689263
925.04,732.8271036368434,743.8969109134736,662.2190653965314,789.257339621999
935.99,696.247420588732,706.147269149398,625.0061969821488,755.583934625373
895.57,699.9379661597387,715.3541135477329,640.1820259758598,760.9002489192554
849.56,697.8151873723161,715.9273992489485,652.9954676379372,755.7844501985568
844.26,696.8529721206553,715.9965682979908,659.7452055457023,758.8264614679238
878.86,699.5047051244389,722.7405384492795,663.8254857629329,777.4032783040136
881.15,702.7889693541736,726.2920396663063,668.1297066057451,785.0227379989716
859.64,704.756255033907,724.013854930001,662.3382195717664,795.2973047319192
904.24,702.859103439897,728.344767932634,665.5755411466324,802.0964967261391
918.04,714.330455830289,740.3218507609341,684.007725581145,819.4337284381252
928.4,725.3970984335573,741.6902521081608,688.2394851082487,828.5613823217716
895.84,718.9838959525197,737.6181729056306,693.8415499981538,826.824068297604
907.89,739.5347447396665,773.9186853983296,747.6628820981505,866.3962114858331
942.65,737.2974806136893,766.7193949468248,753.7093445825965,868.2880814358847
961.79,737.7422699735869,757.611155911938,746.2156191034838,827.0562611549166
894.78,736.7582695130505,759.0255420657076,741.4488069392052,808.6983908346566
898.1,733.7250145588205,759.4493998339054,741.5020070572458,795.6858595893515
898.66,741.1571016894716,771.1078992539608,749.941317528342,799.4448562724283
916.09,754.7777561007607,776.8499708388939,745.6582277540854,799.7951798629091
875.01,773.8264588015472,797.9054592310522,757.4476136435516,820.3551749334607
922.91,763.7986593160114,797.8656357434313,752.4140757637418,818.951041171247
938.48,749.9053928248546,773.0862208559635,743.0106451268658,784.5672379898764
909.84,736.6395466391253,748.0316006895016,723.8827150710707,770.2035394788554
875.52,715.0038582466262,736.7287091995183,699.9537769469268,764.1343357342967
847.26,714.2683089056997,745.135988359994,693.3441050381194,758.0211338648543
873.51,717.5398740074887,741.6057736597032,682.1435263057613,760.9474800068749
883.97,702.942333810189,722.2132878730929,654.8635486251106,742.0519997920895
803.97,704.2865247772161,720.4255637112337,645.1724579853709,738.0077646832955
841.37,693.0734059592704,702.3436040273183,630.2310133987538,725.2788742517718
845.28,696.8809150542753,719.2727869612056,631.1186332917661,748.9374268890608
864.65,708.6885404964313,728.8383689197434,628.2339814067982,758.2311497479348
835.77,722.4852808558719,738.6015057476808,622.4182273843227,765.8394612025742
861.73,722.1321295461777,743.0189422858165,640.7143991536467,766.3239599349542
885.28,708.3786109692627,726.3862870894347,646.031382863104,764.59351887687
888.46,704.6637220334857,730.4914650733278,650.2690862613856,761.0906378970988
852.86,722.7766662238006,746.3415572889071,663.8344433520144,785.6101407311891
841.99,696.0457252267566,714.383538239014,620.3925201450646,764.3610888038371
877.13,688.8705867500659,713.3151150397725,624.0155113513081,760.8126731882655
874.6,696.3560590989034,719.8562298082709,643.0959254809102,767.811503776339
830.38,704.8851880678013,727.4178205485076,659.3548652805557,778.1503973025802
870.59,697.3581265916055,727.707264161997,664.9954202181983,769.1763307139594
878.2,705.1267626271501,732.952986112514,673.9699810062368,786.4029336399374
890.87,713.1112083600391,736.6985531510517,683.5220192050972,791.2362929007116
861.91,713.2648756255159,737.7751306406847,690.0329015488552,795.7712671327145
883.81,707.5535719977831,733.3181913952777,690.6506894583601,794.3962812521552
891.83,698.1694420945283,726.4840819658378,668.5274041524044,787.9677558935365
886.44,700.1035499209922,719.7222909835479,669.334235020248,778.2543355270174
865.48,705.3619161882467,726.5199275974185,679.9843843251859,779.9784059053354
831.69,683.1645081579944,706.574224200128,676.6908570012755,769.3946060171257
866.84,689.1555924527845,712.258374714765,679.4738376893168,778.675530009626
869.4,692.4973608282155,715.8861839160585,667.3960379182388,781.1623082332331
853.42,683.2291242825835,706.2297896696173,652.0476641398403,763.038036992265
861.26,675.3652434396311,698.1176203435907,646.7539599185887,745.9511801834402
855.06,677.1179746885412,704.8961907439276,653.8204994210616,756.6722632786141
859.48,686.2285804893665,710.0317286879126,666.5343392339561,769.6304289937972
831.58,685.6931783184215,707.4754444611146,666.1495295095654,772.8271651153948
861.77,677.5040324910975,700.0575767955268,660.3524463410897,754.3930281439101
853.67,683.8473443919429,712.1764041037159,673.9641764094401,759.2379453812474
850.3,704.8707790098706,731.7340746978681,684.408085514849,782.6406033571521
845.37,705.5640051126675,729.5103723024562,680.1686407375282,792.3944752938248
852.34,677.4393795261883,690.3415991716572,651.9974723484366,778.7098148695912
884.72,677.4850857839682,687.7652172023589,655.1229377256501,775.2025319208251
865.88,681.1932850567188,696.2456118188633,666.1373317693926,752.9666661904338
819.5,679.8075831356956,687.8381799058404,644.5377325140055,731.750434495682
827.03,672.840836872362,681.6435079145774,633.5780238821899,713.1606795188374
803.57,664.5246988670388,672.4581566981894,630.6843029886353,707.2508577821126
790.7,648.1922419620195,657.9969751056706,611.5025321526454,694.4830100597655
768.58,643.2863117631204,657.4735154882899,604.6147616518898,706.1566463587124
778.8,624.5062343007176,635.0749116867462,595.769487025693,705.439517177899
794.35,624.3816052944791,639.8431067108502,608.2467760409555,708.7639328639589
782.55,623.4342672423792,636.8393222157127,606.6342213119641,703.5025295166467
774.46,617.7313515265809,626.5960994069228,606.1478158683761,703.4954705518734
764.48,601.5980857403061,612.7995935675696,588.4161689924088,688.2143429375104
794.58,573.4115666187571,579.2194736530242,558.7828442352908,648.2604082355164
767.03,560.5050429456325,571.5873822209504,543.3984496091543,633.7480347716815
694.98,558.6641384337091,570.7472512977994,537.3962440303778,634.4135129249922
727.02,549.3207350551929,565.9932685504035,531.5895320601571,621.601987858111
716.8,533.2175255789568,551.3832008471378,528.9096081245004,612.999969866372
695.03,520.1807471131317,549.1236393419795,524.7241604740994,593.7269599338905
666.08,515.7299916502562,526.9373831462233,504.0858976939539,591.5283404052868
649.93,439.77690456482924,452.06001813616456,427.67461856042195,505.0998807838884
621.55,394.9054466441416,420.60930557104945,388.3164259811825,458.18437004301404
571.33,393.04181884299356,418.26837817522033,386.076668394507,458.44179402695994
508.09,375.0989151941353,398.0043771068034,369.9842648131745,436.8273508181545
510.58,337.7704652170354,359.2626578666179,341.30037261514275,393.81478536964914
451.12,303.8281231871204,332.66046570186705,324.4519247937604,359.8396069333349
437.56,304.6782288516089,333.0252387847763,320.26861208484377,364.7336296219013
398.2,305.02115113190166,341.40245624394686,314.3856307677652,365.18820413026873
455.22,355.2799389042475,385.101752217812,346.98151031042056,427.1158461482872
508.96,384.8722630805864,401.48667692718936,354.97431879600106,461.64108560881914
523.44,407.87050778901795,421.65214451570995,358.8369742562078,485.86040273116845
518.01,398.02120145206993,420.73008521309646,344.5792949984444,487.417182113881
557.12,398.99585345671255,418.60126730878983,347.2083002202813,505.32884786682007
568.25,389.4437856058872,399.8949270951377,333.82658943035,499.02042734340705
556.8,372.12380864193346,386.74343236484816,315.6046796597038,481.55831503275186
538.13,376.7089504046411,393.7626931568484,338.1131934117387,484.1985179148489
520.27,374.4748752127245,392.7809911728765,353.2222012529132,476.7478452919155
543.14,394.1382218161751,418.06005874395925,374.82952709155967,500.39745381828897
545.22,406.4749200825525,435.52980418925654,385.3237385093329,517.3242295517399
554.21,419.2142866431865,443.8145937777,393.10276351518144,532.7221364885
594.6,430.5895379133616,449.67350039478254,403.8210395576629,546.016631863744
616.08,434.80411188035157,455.5917648546501,411.3902885917849,561.8426943065471
624.88,433.9983988017364,450.742307272481,407.6883108404308,569.2350639778161
613.73,430.01312437910445,445.20674814602927,408.5320188688214,565.5583595846821
597.56,430.42489313100157,450.0594548647335,420.11351483124776,580.62678646531
630.99,427.9691892682336,444.5188710780206,419.1962995814719,579.8833865419975
638.7,419.79843305051367,441.4535982913357,417.10362652402983,561.7174039716332
627.29,420.50014320949543,435.88037487944615,407.3295678889616,551.9929854217097
594.64,406.5981123163021,412.9504653708578,377.25779120556945,533.3344181179477
602.4,405.75669917029836,413.4214499955254,370.64814265891647,535.4062611192069
592.76,396.2623969415887,406.0618780932465,358.2227975966294,524.3375545594616
564.47,383.73857231206904,389.8090537867585,350.6296850204444,514.8857858282705
578.56,370.27699350497477,365.5677393990563,331.46164394282187,494.1630041651694
562.61,368.23830948755284,365.0917849253356,319.88622124196655,483.6144541736061
560.62,354.89419559222966,352.3760500823105,308.2925877418421,462.7517664524495
515.04,335.03543265504135,344.2849992452179,309.4909674170446,429.1142852607665
506.91,348.55292698134025,364.6465750466609,340.8583444821735,456.3439372668986
541.0,337.1583300503242,355.185001399023,335.79049388752225,451.0420643785451
531.12,334.72955736018645,358.90342970117496,337.0488037782898,458.7735123571817
510.54,336.2597488142279,359.2923996861181,337.6944312888092,466.61322864569865
542.37,352.34016401623194,377.42362745779826,354.13995922350415,473.9210893180006
523.76,343.4179263669039,361.6528335822351,341.4402768761095,451.3432429818433
510.31,318.78428952511786,345.58764960628383,324.00401389063194,422.6314959075425
471.2,312.0399689415148,346.2106751310718,323.41138432566424,416.8142314319378
488.82,314.4752030644025,347.6305468983775,327.6473463449069,419.53337683047005
475.23,304.593920228042,329.7976376631838,308.504784392171,412.9702306519317
465.26,294.7471738440776,324.03798246296986,298.72945251969406,405.68978277205616
447.06,293.6268848652232,328.38369628889023,305.10812483814647,404.1638836645933
441.52,273.3834263187825,294.34366720789967,273.93209010646484,392.570881841179
447.98,252.11592457935208,278.20206023399885,264.31526595812477,393.65823557375063
439.7,240.16354902630286,275.1326532445491,271.9848841983437,379.62183635161307
411.06,238.53829606791024,274.0146223077613,273.9080414642563,379.34690782429306
443.57,227.43967247250757,262.2807709546759,259.4315091392801,379.98972109376484
427.95,204.39889696219078,233.21067808552894,233.598635410938,360.67256208094125
401.0,184.49817469735288,226.05720441276483,226.08074178321218,341.3047170772964
388.45,199.8552131393599,249.83304854275653,245.27647689765698,352.7691722409064
391.21,208.83112533816964,242.4761731722094,216.8008367400567,306.85695370874566
379.48,224.37249117752614,255.2145486383749,227.8188186715716,315.1282777108741
358.88,230.39667155804574,266.8415963089451,247.90504812255068,325.4302141061171
384.41,243.80301055132082,286.8277386967675,267.67788236062654,344.38923398930547
367.96,267.4437540386856,305.45464668728863,286.2690345740067,372.4879437583217
406.7,270.4077384083565,302.37132124514835,288.0766219582789,378.75763971390995
425.95,269.24811025731066,299.6731586553461,291.97457314089615,380.8643300639261
401.96,261.8302075484912,287.4632360177688,278.45206134269125,372.80126349349564
423.34,258.1599924429834,287.04794946456224,271.98938051450017,355.97448317167294
416.59,281.0982242697654,314.2108728682307,296.153883733074,375.154512628624
417.29,286.39213785186115,318.8196418558253,302.2558151601601,364.8900149841753
418.52,305.378754729077,336.1068489056651,322.43000761476367,392.8439072514688
435.1,307.4334912421295,326.7246993942586,319.01220081838443,387.49658059631054
442.86,314.89122103274724,339.95261802104204,331.8475768477072,393.3566229735093
455.44,335.8764881803756,361.310702919555,353.72985188019476,424.5880853147887
472.77,337.3668202050204,366.07061066869665,364.4668176461083,431.071270027547
449.25,349.69277637314633,375.7781446708791,366.78160279128673,425.9177333407701
497.62,337.6407621305939,362.4830499665231,353.45847709596006,407.7144710619694
480.75,335.5859348645575,362.8168690935422,355.16489646816757,412.4313385345534
451.77,332.3086478320561,361.001156172299,353.55589638080573,400.55262385398106
479.9,323.7607509663635,349.63331789338906,340.1320959742875,375.6597740263572
456.36,307.5759267026591,340.98870710020145,329.6060401431281,356.37956855035424
424.14,303.2537583340856,333.510218238408,321.163331377127,352.37871965771035
399.17,286.4192379508378,312.1295259628974,302.0641888866838,333.2317898806665
383.09,290.048011290268,316.501630936266,299.7178163118162,336.5727926962723
400.79,316.73603600988093,343.4189650842254,325.424860578607,368.07864174260106
398.14,321.63460084036797,350.05146990467375,334.4778175680882,386.05657784036185
432.31,309.4617296809505,335.50823413647714,319.4329999414591,383.7369881782992
460.64,306.3179151286309,333.05237302843994,316.05055356268696,386.04956559989716
461.44,303.0829809862244,325.4975456318702,308.79596039925536,388.56330464809946
447.7,299.99855842137686,323.6666266438172,310.1996206285725,388.4528546724263
441.64,302.5692103730632,331.59878877394914,322.8695072438032,388.3051160028728
473.3,336.2445454430514,356.5870442484278,343.25043409735366,407.7946940041687
485.54,350.0317055221443,367.51543860805066,355.49510524380446,423.13365193584383
490.92,350.36160429996465,368.18425575233624,359.6007666445825,431.45877628366935
484.18,347.00310862206186,360.780425147299,354.38720180090144,433.487293271253
481.01,310.60280918003434,328.49722288057455,319.4671347445102,398.2328230339855
483.3,314.75378507323575,338.74467064511333,330.2944680188515,402.38901407886
454.06,335.96962500263095,357.44928385643686,348.9065347515876,430.4721790298293
468.52,346.1028533977563,374.4242880617867,360.770320117024,434.76523905270153
507.65,374.5437405537611,397.53434583773975,375.63415562708917,460.04575777298345
512.19,384.8163969813234,403.77151179056773,381.6559791256587,467.22092859727235
533.18,391.10317336733095,412.06321477959233,393.2808127828377,484.5899840561234
549.69,403.03389040626445,424.65078753981476,406.0304568942706,507.7216958534703
577.59,409.75816356585335,428.751727089793,405.0896791148043,510.21239532482053
588.03,402.8425480728171,415.3645360775919,392.9544371975931,497.3207165036584
565.17,395.8475866169119,408.2019790195309,385.63407867129035,494.81086276142344
534.41,395.4787952434648,407.87565195568374,389.70760632738666,491.30740311906135
509.52,390.4673642514243,402.91599329463907,382.6951178644974,489.81651759106865
524.65,389.5733251572487,402.4573986986449,383.91816617754154,490.05382496308187
523.63,392.1273396609028,403.2779359627016,386.87923117647057,478.1524085583504
560.7,390.23303824971623,398.6712462068389,382.84824600333667,463.65981205666645
534.32,383.69009045065053,388.8977770168944,368.55327355897106,457.50307660979314
535.57,362.2662923048412,371.28579558792325,349.74247306658793,438.5929024985036
520.72,350.23991533098905,360.7527329075656,339.4134859923101,429.2368790639487
457.74,350.57063627693157,365.08463251194524,346.2323561087975,433.76353996320165
506.82,370.10605172348914,382.98475286794303,362.16274045449444,457.7587933593871
522.48,387.6006877470939,399.59789078150396,379.55728851639805,476.5325235041781
532.56,376.34806712042115,384.51381664876783,366.32054258947056,470.52897729716307
529.08,359.4818676559558,368.6683393572053,351.6591518274069,446.94540279843517
490.96,347.0526858090988,355.7779184981974,334.96064141371454,424.30536640755736
494.47,360.3107892377695,369.94282843836334,347.90353277271385,440.249866885712
489.75,366.71982067572196,374.3346501714085,355.21624019348656,447.533569293389
494.44,350.8822999947841,359.5762992806855,343.6081302446018,434.29449883210964
494.1,336.06171232503215,344.4849703004979,328.8707738436861,419.3313247463696
479.67,328.1836434660703,337.34506734374315,320.3886333554207,404.5193891606044
473.35,319.64798926777013,327.89482793511354,309.5745554080061,395.46821847738204
457.55,325.44196616826946,336.30868533911064,319.7183408012374,399.98566749948947
489.28,340.3496623259256,347.0401672885768,329.2563805769558,415.97115508025735
473.57,333.38255305065616,345.3583356852154,328.0712445476026,413.7139028341962
471.35,338.5894165502336,346.07326972206977,328.95716978588433,422.6165576069628
473.51,341.25232205503426,355.83265422861047,338.61398185546966,427.82092135603096
472.85,360.9886924629851,371.9304760326495,349.75495205115647,457.90078314189634
511.49,354.7589008640133,369.27977455783224,343.1372678219721,460.2172593476276
509.24,358.1756141318628,372.57074372584805,341.41842787058175,464.1702598526521
503.87,352.82558555370645,369.121567846068,332.32685234151455,470.444368559768
535.77,367.6840603479064,380.20925525762965,341.3796700566144,480.0929751219311
533.39,376.8286697643011,389.56954587952004,347.93924362263516,479.97274808468745
547.52,386.0516286578299,399.14551950399493,357.34796399036907,478.948146895628
542.29,396.0895951732038,413.97782509121225,370.0925322245103,486.11291077872505
556.68,395.2567289814927,405.65307004513346,362.7076294571702,479.7257121725012
544.52,392.9789818363082,405.15662426646725,363.19324687732296,476.99770712622654
533.9,396.20204261306884,410.37327740723657,367.3995452504278,482.291023176299
517.11,398.28856333703305,417.9587640371346,373.7288299747108,484.6155485427276
524.69,429.8105053134901,444.8798774628226,397.9993569392642,516.5466481010677
567.79,424.7711358805518,437.7177418220832,392.90558693297237,510.1028438935431
569.6,419.3788289914854,434.9177013701436,396.84118263305066,502.55769382011584
564.82,417.4019630314041,434.66071138314095,396.6272778498254,502.16789268160665
580.79,413.5427049675577,429.7780453971927,392.16224541504556,496.84493904318384
574.85,419.0687026830941,434.73371092694254,392.6825277794429,503.39989858373235
567.33,421.57202131193856,439.1469072340745,395.1866577938768,499.26211691643846
560.1,429.26195024967967,449.21396142862847,403.564301163091,501.1375641705685
570.6,442.7566601857349,462.78163496670953,424.10870648837584,510.66462822649254
581.89,445.6195088909393,464.9728657647467,428.365554273554,514.5454783121694
585.88,448.8702232700244,469.4061139886148,435.97593058321496,521.5717450548235
586.23,448.39572443822493,465.28326073791237,439.1597195786139,528.9780781060028
590.32,433.4348910606358,447.1414885477478,423.13563861750293,515.8755351758509
582.23,414.9864600449032,435.2629374022555,412.3610984205912,490.7035120971814
571.26,420.11104922542575,447.4759860757858,422.90334422467373,493.1800576972094
545.5,421.9127439555505,445.071948515775,421.6586230208035,500.55802909308056
574.2,412.06808039749546,439.1246439995803,417.05097272098163,490.53762552646646
561.55,411.4697046411167,438.4072704146914,412.9482846036093,485.7623311030915
561.69,429.80573134711534,460.3394128640557,431.5720503843785,506.2609115627361
549.65,441.6253406758779,473.08046329688756,439.23161840553064,522.9461837218456
582.83,436.52732954003807,454.16045641427496,421.65464067204135,510.1851298936751
586.44,451.1927772300486,475.32300097992356,440.4635542211934,519.1905089574
589.67,466.08223832773683,490.17049376451826,454.38185865193856,527.8780405207406
594.47,477.19730438703783,502.2324054735902,460.2711630259302,544.6930642876888
586.11,496.49422099171335,517.6118545113723,477.54351623836345,563.4574567591189
625.49,511.1013477591715,530.3437937040308,481.2354500604616,588.9569507486514
630.85,520.2484209842995,532.6386715981208,479.44021137182045,602.0792338006343
632.33,504.83040911668405,518.7083437448157,454.3882661720249,578.133013073582
646.47,500.7759917027971,513.1596047691667,441.132482784984,563.3042693163495
629.59,502.87357081264014,510.5410379375756,446.2945161075673,561.0404990292412
628.82,499.5338744805858,517.3617338962753,460.13956940208,550.4280140097409
595.22,520.26279320191,542.3871612538627,503.06578832832895,565.4305182822285
634.47,527.1868163748576,547.0913448737559,519.5096476660808,574.8230486770394
644.92,518.6033227743818,535.8319231645515,507.5924618072034,572.7647018126047
649.04,504.8659168955719,517.9078997305375,492.92027503422463,560.5138181302016
635.86,514.2310506717555,523.6372290573938,489.7390675568748,578.2511896325144
628.85,508.5139792875462,515.7989028170572,479.60534046960987,576.5837266525858
653.79,501.8943515068337,511.1331346657166,470.97398769898194,579.2744825409336
656.34,508.8113750189382,522.1840320755375,476.8123724606093,579.398845578031
634.79,525.4078161805368,537.9099068182115,485.6457251997628,593.4771780700306
673.45,530.8154144981306,542.5089490627219,482.63784783490263,603.2560654826817
689.5,539.4424713280023,552.8887353444148,486.3407465942624,613.4086988425781
686.58,542.3468804071445,555.4947144675656,495.353714763954,617.0678861127166
674.95,558.1674985694534,572.6392155950127,507.3417715149595,627.4696561815969
681.64,580.8499759077769,588.2358787550295,520.101497294513,638.5737330429374
716.3,561.6265494521431,571.4137223426676,500.35912011727635,604.2362165790264
713.7,545.1579163468552,554.999852822669,483.3253609924312,575.3933826599148
661.44,532.3238548879835,537.3389636222358,466.90656744914367,555.8495586349014
645.22,499.8752261052747,506.1866953898226,435.4603296351196,511.277628691457
599.44,478.13065749416177,478.91164083391646,407.2856281694638,485.98564364614055
563.83,451.8695186373605,446.1313386482056,382.2096388201816,464.34506807067277
487.85,421.2074809520278,420.5842685300055,361.85335724231845,425.0554748633288
511.44,419.4941427879729,428.7694248202121,367.8723296595202,422.98763847153026
497.88,418.3638548070823,428.0970916717059,364.88273318039194,423.22269409128774
487.93,397.7320956912733,400.81334369877067,336.12968900566136,402.8516287624808
466.98,372.6142746076458,369.5430273992735,315.3372396013782,379.231231914414
446.28,411.7448506161805,420.4572323233307,357.16142527526165,422.7052996485783
477.53,423.96578132115053,430.898801619133,368.66179615691533,426.26763371684046
490.06,433.51224584912376,437.61259415688954,377.7609985308139,425.549114487847
488.99,427.4918132972789,434.0199854323005,379.3483634662142,413.91310563401777
489.55,436.4958310662441,436.8514857206251,376.49147840016457,428.24500825304983
499.63,449.24042625671717,451.20307994009056,381.51905713354154,443.79804348847426
509.63,471.4106919564062,472.746268578311,400.03097660064657,471.6118239310455
508.21,466.13048477052365,462.7325645587117,396.63940101081323,475.32234324542577
546.4,466.39760943976626,465.2529402558213,398.1446326986288,491.4766098113187
561.48,478.5182985319435,476.02363558126353,410.4812644727209,518.3553982017881
570.54,481.07854084680486,480.3206132577014,421.1816037719739,531.4516234662934
565.89,477.9469330201019,483.3354462547292,424.42594387711534,533.777002449898
567.85,502.11226559515296,509.55295718693804,458.07708114652525,564.8703064019717
606.62,505.8091279332619,512.7655346462332,456.70649813350536,569.886302898087
631.03,528.3443266567625,528.8189476905998,466.9979251534955,582.0353931815259
645.94,520.6045896060749,523.2442443760905,458.9649328639915,574.5327757070728
641.08,512.954830095547,519.2097737492453,454.8399051358513,551.3035700456954
655.14,530.3582989062118,533.2439904070455,462.9677971917152,571.7759597332919
636.51,525.4344643116825,527.592129085271,455.76316848795517,569.4399428825858
618.88,495.6864682173197,506.7711787512982,426.1834374113231,526.4048940562092
622.2,452.9798742079196,464.44580927414955,396.21589097929655,479.81793068238403
571.88,450.8335859049259,460.1760583914482,391.9611134404063,480.6105672444076
564.22,458.41923966408154,467.8858316821699,406.2678262658472,485.78140091080303
550.62,468.79029928260286,480.40410869859005,425.88872293640816,505.6241005698281
544.81,474.37224037222023,485.2394195977921,437.2759509048345,540.9258935462436
593.71,470.2345620375318,474.39241898371614,424.2801343823795,540.3963157400719
602.99,463.9727031861635,469.00107263860883,415.93418896381525,514.8839312326376
585.27,465.1939975405472,469.53757103371674,420.20920082395384,513.1906665503842
590.75,441.35902200095825,445.8609837118601,408.2666508538724,500.53316187692735
581.1,442.6754236854572,450.93512771145936,421.02260813823017,505.8045192990559
577.0,450.75281215501207,453.18532189129184,420.05358281859384,504.09112632379293
567.44,450.9154576760915,457.8370574748036,420.1753032366233,506.02597365229457
571.47,442.4702069279947,458.37947458184647,423.26150491937443,496.02559953880666
569.95,447.4859266724362,459.26227198708654,420.8309701836766,512.1970750269675
588.12,476.01125903075615,481.9073141687932,438.19847475490053,551.7802083117011
604.4,471.39356659876705,473.89298734202265,428.381657986215,532.8839850007004
597.26,441.57396370441626,444.71455697507696,402.0396743944926,521.6820153216175
585.05,445.3478474710423,444.76100183635026,401.20154273262216,512.5383934055137
584.32,445.415057693302,448.8848255150001,408.53722323796177,499.6892346037043
553.99,444.62731640114674,450.4954950978493,408.7901023843538,495.8691413944366
584.77,443.6303849882108,454.7447879217476,415.21878858241945,510.67752323711636
590.37,451.94711693137964,458.2252448275779,418.70837020658877,529.1517110279539
601.19,459.27258098693926,462.5422555513196,421.9573126561254,527.9496841610489
597.25,470.60295715290056,469.6963465240836,423.84171210807057,535.531601772607
614.19,464.0401802761088,468.1350726223034,428.88354804537533,530.8465248007454
617.85,479.37299575829445,482.69791373067153,444.41096847570935,531.1054466581992
621.6,486.3800507232225,485.56235825072275,446.2308425560494,521.4448804701284
610.9,490.7402616644243,492.1065388526995,447.3326448825051,533.5078048387343
605.2,494.80318469956154,487.9952723319806,445.8633208258335,529.8661571552013
630.55,474.5289483119323,470.41556661770574,425.4240694555532,509.133140172888
613.41,465.9414930292156,460.8850224993369,413.734814657919,500.37106177229623
558.06,439.8454239662736,436.58107597307145,389.5950214102291,477.281239216136
567.51,410.7361743294474,411.3359077864081,377.108029912581,469.4822431625469
547.72,404.0841423421901,413.17958430779237,379.15520876872057,473.81970835091397
544.3,419.1533958836623,435.941298885113,395.1605541806352,481.9308470465186
529.29,398.9637862043161,409.69501566280707,370.1144342441574,454.56344638742536
530.59,376.5838298946181,372.23388931586,337.7557982768631,420.5776444607199
468.65,269.32494209296027,272.3736699816857,252.1355757452877,319.8754728539043
414.12,231.20306393622417,222.5239229804513,197.68935094524863,228.60457058643468
348.68,205.4548007423659,207.63778020721665,179.71704063394984,176.8101075435999
297.59,184.68038332701715,249.15935230240189,188.77782124948504,162.51965477754496
310.3,162.08374483336652,224.07450060974415,155.09344592433098,148.90758326232418
298.71,139.82867541214864,173.83215530129658,60.94972829721902,138.7848642424519
247.01,145.76480742732616,179.39892446879125,127.45735263602442,154.29000706158146
269.98,194.2588549049123,226.22874821899563,177.87305231766027,197.0943914546627
303.3,220.20320834080522,237.5485341407082,205.07302360531096,226.36529461955533
333.47,254.31835124056065,269.4671277581479,251.39246335618185,261.02838606565416
354.61,263.89557294320133,275.1072909304339,264.9241474955789,260.4237142086942
386.15,305.4065646781263,304.604649746672,286.3690452608897,317.2838560643757
422.96,310.0065854374835,310.5416021328828,291.05438011499274,334.605941013482
421.89,321.2716527011266,316.414259174854,297.93902637688416,346.14446049600275
418.54,319.01645362900973,317.9546913393741,301.3130857422662,330.13345964566116
406.12,326.27582345444915,323.72875649606306,304.82945567050683,342.2090786494906
420.12,327.26203882692107,326.44292306009845,306.7579754493734,339.9563946031375
417.95,328.09499038034977,328.9791445876275,311.6008799472641,338.8997621034574
393.56,324.50364141500364,325.8043158769433,306.905139949058,331.79723050666746
421.65,324.72764943141505,332.34402082928466,309.4950818518329,336.47125178828327
428.39,326.42987080420545,334.2116453559051,312.72442614955315,349.50197855760285
424.79,327.0001517729614,334.89625441794635,317.2051876039811,354.6779393183207
407.27,330.7017611211132,337.11096777522283,320.59437126863276,356.82689809525857
404.17,302.68408478134126,304.0824139467582,284.181534436651,328.7837372393337
412.59,303.78570560182897,309.59451207903624,293.0685365660432,339.29160653192264
398.61,306.54646618550726,308.13541884885495,294.4010725137126,342.5394761194506
375.13,299.2080630906485,301.12457022948803,287.82724893211923,341.6608794092609
402.05,298.539448118852,307.9387211908088,292.2801546117336,337.5184450790857
403.66,301.70057312895625,309.3825220939184,293.49512680774853,328.4025189968929
395.33,298.5169791176913,303.4382618461367,290.2345455126535,322.5318450424033
365.04,277.9009076884882,279.7531518306861,267.54973914725616,302.996957041406
389.8,279.56751705124077,282.2258777184876,267.2404817312956,298.77870083948216
390.12,299.38644661682,299.6505971041126,282.84945944225666,316.50964415518763
401.82,306.2495871171429,308.1348590556964,290.12245659200244,316.7896099223903
403.22,324.37218706553483,330.72551054803796,311.7237046763559,338.77492463491905
409.33,336.66167221518054,337.82144053915215,315.4909832431286,351.81862818240245
444.96,348.8318657122986,351.09340131949455,328.9777814957791,367.5578499035313
474.57,351.609195454635,355.3170496863375,333.8496622533448,374.3309149223552
454.53,352.1704810954448,354.3111409163434,332.49215755400553,376.96789292861587
490.79,362.6065746616992,368.29047088827207,343.74147063875733,389.66663899275005
495.23,382.81526672837856,385.1354512268312,363.45766872502315,410.6676755945242
500.8,382.5691482300204,384.3987544447111,364.4837839613894,409.50318002848644
467.95,383.27985102131504,387.82465892318504,364.90252451925335,415.096627877636
483.07,423.0446007949561,430.29202626974256,410.790336788536,452.9296680398056
511.75,430.67101881771487,440.746564256809,416.8386269122831,469.19090272183803
532.61,440.6300796569738,457.74896508078604,430.31658079244596,489.0619847026925
526.24,449.80412269214094,464.76296759098216,441.775294257367,497.6750206458125
550.98,478.21032873010205,490.53722657275466,465.7969190330241,526.1669208627987
589.34,466.3075986534638,474.3826940377207,450.40782681678655,520.2115680844512
602.5,443.0026915252867,452.6564728046251,429.2499151460426,491.779938631356
555.51,444.3792588439824,459.4641335797752,433.8148234860461,502.46311483410517
578.81,432.6484868025414,446.01649209480394,421.22660287531437,493.5945229808382
578.2,443.4547761671335,459.9435986664501,434.892683198532,503.7849751758084
578.88,449.0497353679569,464.9233631568946,437.5100127344902,511.9740877569898
563.34,447.57811283472086,468.310623037995,442.82912958834305,510.9761625539521
593.81,464.4472828869587,479.60302851487944,456.0915684937234,528.0413033418198
625.6,466.2519356252343,483.54515842980385,460.1211043147469,522.6228128690606
622.94,466.3188646030981,479.5852067853337,457.3822295769165,519.1108395185485
606.02,469.85288823308247,485.6619466217398,465.74078337044233,526.8214628322686
602.15,494.2933595948422,506.3442973812085,491.5765081801523,543.204805204965
649.62,505.06503613076467,517.1190981559951,503.38857243162363,553.8608247004407
644.07,518.9483961699581,536.2262969954909,522.4809300133344,576.0489831146828
642.59,523.555669979678,537.6286561325229,527.4928138717503,586.7816349689523
690.46,525.3606102521604,537.521548742002,528.7858246485383,600.488531671348
695.12,527.3982618420715,538.0737384178934,527.4688200407498,600.6737989461354
689.38,515.7789659140037,521.6402123406929,507.4297102578853,586.1651274852112
650.07,528.4232368255996,544.3092240927012,526.7444342153964,604.9917387647823
689.63,516.0741386465605,520.2245700218581,504.63224323709517,592.1207642035879
692.46,507.1840176695706,510.91825945454394,494.35499255203734,582.169329310616
675.76,495.7328771368172,497.948401879683,478.9683677387106,563.8549799881655
668.44,506.5002343698291,519.3565312083186,493.1262735253114,569.0191105133684
636.29,515.6441411245063,528.885307889861,505.2823050642077,583.582077417952
684.58,532.7614756606915,549.0690446830365,525.8695700586266,602.3329755496462
689.98,543.3025353861716,562.5205795608747,534.1076982365973,615.189215779839
684.08,563.9707574335613,586.4517424809427,558.7599412371868,638.852052676807
744.5,590.1084893045021,609.3887136499374,583.7201908799378,672.0156846842885
784.93,615.9270806696734,628.0737754337532,607.1435180725787,714.3927896521128
808.07,616.1747698236355,632.1132985757357,617.0515694450336,729.8011179067752
802.74,612.2513601826528,627.1985878010009,615.8221810027329,742.6008639551721
850.28,608.5133283374181,617.1790863729603,607.6797819475994,709.0978966566257
847.25,600.6101460611387,600.7039810523896,585.8983038283411,686.09433436246
838.76,592.7776082437997,587.4008919985444,559.2549942720397,656.6192028389403
821.34,539.374421865277,527.3691750614358,499.4926097277542,604.1369301189263
744.75,537.5292312965859,549.2159899378885,523.2873996663308,625.3493079567646
769.19,543.7133993038622,550.9783122496792,529.2077460535633,641.6164604521879
756.68,543.1673646570819,558.7372493970158,538.3506868730151,644.4060526298933
738.93,568.8048921381491,583.9331387133816,564.234074970199,670.574896600538
772.83,589.6326444531978,603.8015610028244,582.7205018342513,687.3828227653041
810.97,615.6716002372557,630.769907313221,612.6742538127139,707.4721494988154
828.39,639.6653189196131,655.0608114675817,638.5534690697239,729.297657192011
848.65,652.1901319479682,668.6273537382685,647.0397779054412,752.0166064473591
842.18,680.6962812819827,698.5070953104843,687.9018911962229,800.2990970382263
890.49,689.9385058659012,709.242762679746,697.5469736672657,812.9328163429825
912.12,711.5670463377321,728.2782244303162,690.6878209069712,831.3683918840446
910.51,795.5727472266336,825.5218797883575,800.5071846450331,910.053053932631
945.78,902.0955420680053,895.2080123771478,869.9866241679189,1034.3196502600117
1074.14,815.38344253137,818.9298768565488,792.5836188891357,947.947657864077
1112.14,851.6386620967112,897.678160341078,856.8681132053096,981.4646837882398
1043.42,820.492086143045,845.6713514895446,798.925840855629,936.9376208621096
1062.67,771.678457872935,793.0108183439414,757.5250591850236,916.7967176802806
1046.92,787.0406090325541,826.5091230956183,791.756361411543,939.2156986716317
1046.5,824.8990699142245,842.6419405082395,807.0335426189197,990.4096438282482
1070.16,812.1967692084606,839.964791277677,810.1323805315087,1000.3316972180227
1083.35,844.7055258865015,872.6633394015381,850.1142482831344,1070.4713350473496
1142.51,846.350743602824,870.3099303255074,854.959881660355,1095.3965450528428
1199.61,868.0861093222353,900.647144211767,902.219256356049,1165.3346834028725
1218.38,875.0019206979498,922.2433110275623,897.2513490574511,1141.4023308100245
1226.25,919.4659758939595,957.5770113154716,947.7436676197148,1191.6052605700067
1270.4,939.6523615960137,954.3673649079957,934.241064869687,1220.0403098830723
1309.87,885.9430105913407,917.7435660256848,877.6848871049306,1204.2097762833562
1293.27,895.732775782447,931.2261528007523,885.6981779100128,1175.0591684450812
1245.81,857.3037140502157,873.1322079541536,849.6900679374985,1042.2685549678702
1146.76,824.8709904018566,838.4731276102375,811.9253863373264,928.640076435968
1067.72,847.2576624323685,864.3752440682626,817.7227175040551,896.1897646796058
1049.49,858.6051253185599,878.2678851725201,796.8361572553916,921.5945152495034
1032.03,785.1894781868625,798.5752279338528,751.1454227284345,865.6660453243815
1003.42,772.6446482850026,787.1361341858135,738.8096113253757,885.8550341095503
985.79,819.7241703344381,834.4084622975168,777.219236643782,917.7416098945351
998.59,826.4559813829632,821.7675600288607,762.9908319624329,860.4995615114059
981.6,796.9247752978806,794.3457623905915,739.2374406598029,846.4516815875234
957.01,804.6833224769496,806.9170418452853,754.6165347725488,836.4831060616577
925.97,797.648123304457,786.2656495344287,726.8096767160024,791.0273579665396
892.36,780.1198871117167,781.7632115949971,712.6999077497721,790.7373410817256
896.09,817.9118278532234,833.6597951069562,781.052124226701,815.8860559187688
929.2,832.7705452544102,840.0118408593286,791.5776885540761,825.8756466009628
921.58,806.0662649681333,828.1987477745242,764.5659578246184,822.0959357739303
901.15,820.912055011098,853.3942731804096,780.5234431678364,823.7800946072767
902.03,796.7238724520622,838.625366190125,780.3604184610219,847.6867506274942
926.58,735.593504383694,769.1980125902295,707.1257606342439,795.3980791815387
902.18,687.6735737608893,726.1402216051958,663.0722728362741,771.182736321052
851.24,668.0141016808733,704.5562291674189,657.226948616278,725.4637263990484
831.28,625.3378901531277,650.4583394791127,607.595749177162,680.0336883547267
797.47,617.6181043822037,653.1151654325316,611.8052230061616,678.4025786839624
812.9,626.4651042136402,661.8580006063436,627.7221938811183,694.3454042753632
811.59,631.6630945873094,673.9227418317176,636.2278052475458,721.9768502920549
831.4,618.8866388096509,647.7296775968847,606.5448260285727,714.4642994093064
806.33,614.7866858614191,647.048200860607,605.9762648737903,717.8590234987024
817.05,643.5316377453213,669.9871407403731,625.7801258498523,777.0862996960601
809.11,650.6125323930611,675.1559023633919,624.9492706004988,806.2532403758171
822.94,640.1887219286971,658.2749299305157,606.2843658631135,757.9661779910642
820.61,669.3274590969594,681.2209781949965,628.0773426550044,775.048255442248
816.79,665.8695224093204,674.8403380643174,618.4151294350561,769.9152657701694
824.19,680.7409407355416,695.1436908845474,641.0178016543243,782.7419043537876
814.91,678.1489869918644,688.6916721841566,639.6608199078235,794.0965717689442
846.35,640.3544054283785,631.2070365821444,580.4253211306999,767.7703531386456
840.54,608.1535062341296,613.7567410288381,565.1189300421053,750.6672928787317
815.15,629.2879317514568,639.8636375517492,599.1977447919396,772.9961579540859
847.19,690.0446410313859,694.8945047556219,658.9969346132203,830.0214154293908
902.96,710.1655560931307,712.5667488615845,678.7499577444581,837.7419667601399
912.66,690.6342029657865,690.478459164211,658.5451473895686,785.7434146330594
868.6,673.9668531731951,671.6176663572802,642.8838833802173,755.9426101860125
850.0,624.3004658369961,630.40151579203,597.3514741728848,698.4288752237431
808.53,622.947381976084,632.8846710846332,598.7559754397562,717.4246365872749
801.51,627.9405329809368,638.0996062085178,603.6707086781008,732.7449416358382
795.91,610.5121744905089,625.9655386888319,589.9716041527053,711.1124664380983
798.46,616.266483351568,625.0431109830162,587.6228468410114,726.2005624555499
804.22,599.257623790474,604.5603736581578,565.4369392804808,713.5275983257636
802.64,613.6304074838807,608.8079107263069,570.5607188725027,711.1797925725849
791.18,616.2566137399247,607.6561646067008,570.7091395372526,707.1851732882369
814.41,629.0805944292204,629.556435686347,589.1628342260557,707.4645603928487
823.55,650.5452601712383,647.0112554106861,610.2696564595445,738.8363241517178
833.86,644.8907679114726,636.5063333437153,603.7241828521823,759.6769157676379
851.78,672.691680299752,670.6817676738829,637.2755682154951,800.1652723286413
882.39,722.6653132110096,712.7132942641804,684.404709683554,832.0440936754907
907.55,722.423017120511,711.2923837795532,680.0728217602515,857.5463704570169
918.58,720.71906425267,706.2922376065793,671.642056446359,864.5533211907951
924.49,722.6835860098421,718.2664423971795,686.4508552136384,859.2408113338844
952.23,751.5918833809081,750.3549435715053,723.904942363789,862.0377401265814
962.43,781.0838967565358,772.6482164047984,745.2558784430892,901.254477557227
981.97,790.687955284645,784.1109445660798,757.0391856797179,893.9077476514527
975.44,801.0603079085519,799.2105401547086,767.868670967887,849.6457265686556
965.73,760.0024395327952,746.7210431377526,728.510284303058,783.3872560111774
902.4,741.5269209977075,741.9677199219433,721.3683461432469,778.9636302992438
898.74,778.9954190028775,775.6824390913428,748.4249250205866,805.525747383943
882.58,771.8305481929974,764.8136793261787,726.6201692102113,816.5067119819851
873.03,694.0767466893814,678.2518900931575,642.8356567054071,773.9389700380643
858.39,671.9420408841553,667.5578118512543,630.7729668568885,750.2712693202818
844.25,673.4694252855044,663.6244966568526,624.7544095671976,740.005449917027
814.58,672.4903488482569,658.8413911870451,615.5876141911268,744.7344450433209
815.43,638.1490629906057,628.3018439722891,588.8621803726846,713.1768407383398
794.2,620.7565456390365,622.8914655583349,582.8588623959461,707.3356659963634
797.36,637.103898613049,643.7050262631967,598.8527154250387,724.8665142576623
794.63,641.3376430247229,642.5127683709626,596.5300662193084,719.0409948546937
797.02,644.809633845256,641.7611000421202,597.2350560653348,725.7367032879408
799.19,653.3561963725209,655.6517436821858,610.7412116599035,754.8160260051212
804.4,672.5297625996333,682.1258824880058,638.5124657933113,800.5279778608958
847.42,680.1988318292263,675.9540164520521,631.5426860440976,808.2173173535133
875.71,661.3799390460148,667.2839193456226,623.1262785711053,789.6375011762303
875.33,682.4636552103664,691.152022419995,650.9112130429392,812.9751656388999
876.2,689.213884621916,694.1709249245914,654.3284582490709,802.2005113268498
849.93,683.7465690437791,696.8918251803287,657.9698300794743,802.8419129830758
867.72,691.3777295838588,692.5258348015732,659.5688203822672,792.0675731615644
857.5,691.7876572182889,694.2700927768312,659.008916702738,791.2074729877615
858.36,717.3686860248387,719.5326442033753,682.5420154700332,834.3518306384286
878.93,724.1185703953404,730.9251124827177,692.5197624385465,845.1226212095768
886.24,772.4135246955212,769.7949039512663,732.069114946721,877.2156169029703
946.4,772.1609474600463,767.5810567907876,728.6531366881874,890.4033696967181
947.44,764.9940495340092,765.8364160356169,722.1394742480687,874.7004231113912
941.17,752.5188999529531,741.3211857801286,696.4932892917483,856.5622675624196
922.34,725.1033975167209,716.3092365884778,676.0309866635387,799.9818093310006
898.27,721.5761920416115,713.590759706976,677.8960952658509,784.2708639034624
879.35,716.2661873264763,706.1839360505564,670.6611559639881,777.5890613432842
849.18,721.4213512771538,710.7219446669835,671.6830022159302,755.1454287864352
836.62,693.0850349208405,685.7112040175451,648.7942496348459,737.7583584109932
823.33,705.3816661940658,708.0410107674261,672.784260024482,747.3157258766648
837.18,727.1638748299177,735.7555604596498,701.1529608193633,770.4446530849291
868.4,742.9626242187223,749.3257184729852,709.6462180988934,795.5400078630291
870.34,745.741339516517,741.6123572944911,714.9899999964101,809.6941936758315
896.7,734.010710343635,730.8563010543448,708.2162511853011,805.9334412370052
881.52,712.9594460086812,712.3926612761694,680.8733241799156,789.39513320218
863.71,691.9370680789631,685.5277302373717,655.2482711906949,773.7562168904961
847.29,660.2482547271331,673.5969700683072,646.9271453654308,729.2985710116617
823.94,678.440170187304,691.974303758724,668.4693078659511,739.3306619452316
824.29,648.0015600587031,658.3563281687846,626.8000734774861,705.459704774839
793.93,653.8586632971834,666.5209715889802,629.5123153594257,706.2750340755778
787.91,631.2272529325049,622.0770321063586,590.2904014145158,671.2963504755281
760.15,608.5694900577873,598.8059929135471,572.130082369478,641.8952554160427
746.92,618.7149503377723,618.9637087595653,596.2244847484709,663.617952558018
756.28,617.4143756142606,613.1933438086982,583.2762443546836,663.0072712361392
759.6,659.2690614791143,663.3989988538331,633.3582668793149,698.8707577925203
783.36,643.1986461776908,641.4616700062162,609.6319469222408,688.9573924285087
786.42,641.4551618491577,648.8570866415313,613.6904742781941,688.5118258277088
770.95,630.4299708959553,634.1064695224228,600.2190258594566,677.6296723597814
789.49,642.4234764201768,649.6662932607572,619.4984639785454,695.9749891162877
782.34,631.5560249356531,634.7132727266895,600.9929906689358,680.0390769254682
778.9,637.2434731082224,646.6534181919678,611.4833428385291,692.244532898854
773.07,639.223815536571,644.2692348689261,605.85531900103,706.6924753382455
801.47,638.0903035783883,637.7446623027539,602.7087944388128,712.9124251804504
807.11,651.4807634951012,655.7790566405346,624.6140551354887,735.3623727073129
832.84,663.0391003742708,664.1787835353637,635.405565241859,738.0884476802255
827.41,674.6267091342216,671.9788677262161,639.8246263482622,736.1319723881176
829.19,708.3116406583567,712.3813486022265,685.714627471693,767.689990922065
865.13,759.2253082528651,742.2050551488329,718.3032530654413,789.5542582263168
880.79,751.688174992537,719.6676585857401,689.2090019316694,763.6138709653869
858.93,731.6849845218937,696.8284643222605,660.6622635502089,765.7671418568801
862.39,714.4154132029097,687.5075757706693,654.7719006909191,768.9194081177865
859.89,712.5150295447081,687.2386036941489,652.7855353194856,778.0076006272036
863.61,711.9145386148217,683.3508734540337,646.7579548469723,781.955919715926
845.37,697.5171258195268,664.218145171165,629.874357765916,753.709624928448
835.59,656.3878779755141,644.4595106301756,615.6096348186342,719.1070836935472
802.91,649.7407601275572,640.1688074892535,609.8281395983365,710.3283525696687
804.97,664.9695017051023,652.0033119884647,618.4814168522214,729.0534220427063
798.81,689.1529183846626,676.0751555118575,638.4280556342277,754.3177400075325
830.76,601.338288700611,592.8567385560137,562.2941984887141,658.6497909713562
816.88,603.3301756273565,597.1847708253139,567.3624633123319,662.7830601486945
769.66,609.9235820855114,599.0174069317073,567.143912156036,682.6664782455584
782.09,576.7603175826877,572.9808987825836,540.394004683886,672.8967874347982
775.98,554.7270781062658,552.8873767452884,526.3128121250745,657.0918812197939
763.02,568.3222650737455,576.6170249108045,550.6846742309503,667.6470588748203
769.17,561.0013386673846,568.5048987149089,541.4514925978308,659.1911343178463
746.1,553.2478898292173,556.5963963890723,529.22725435094,652.0078855794393
760.31,555.6942991487554,565.3398192109189,546.5424016387665,653.5322302050974
766.45,584.8212456174563,597.9362010398916,584.4938358076123,679.8123687831475
792.84,646.3137504394765,656.5765013136198,639.6366850053529,736.6334041896359
815.37,606.7212111920079,597.9584139558995,576.366580819725,699.4370833688461
799.8,605.5765402109743,599.3941378434355,584.0574424465489,675.4971892928844
780.68,612.8573960300055,602.3365814083064,584.5376155862076,676.0493852585865
778.02,617.6279811822021,598.2803120944199,574.3351246934227,665.9480551895113
777.96,637.5584910923044,616.4282977190813,590.2254968571757,684.3916834854484
783.13,613.754102902492,589.5963270858094,567.3913488190228,674.8953936765354
770.32,593.3811784853303,577.1314101283324,551.8673904802457,675.7483252631486
768.98,602.6027068961811,585.0778240711257,553.0850619036256,685.8815752233394
775.16,613.1550065135079,596.2063440356648,560.9591753701571,692.0623844716644
785.43,609.7128590479916,581.5789065706842,547.1533120894662,692.6806171606452
789.72,610.5890485577451,587.2110187851841,552.1493375378411,699.6437647536735
789.93,611.3512046967751,601.3343395979916,564.0770696122918,691.7696773449295
788.23,593.9712373147817,585.3370577234847,549.8863993028434,683.1161844403897
784.21,578.1758745398049,571.0536216906164,537.9567146914206,675.4688761589734
784.49,559.4969848574436,553.7916331877884,520.5019371986682,676.0535634900269
773.7,581.2569805772875,569.3244574641186,533.5329712701712,689.6632646451316
783.57,601.0700067061865,586.474796434505,547.8243782903744,715.3566186895084
816.54,593.6072288931533,578.9474204677706,543.5304718386814,712.7134586978049
822.64,595.953422657686,586.9716160076399,548.8197408447953,735.5486930761323
834.76,590.1105218119254,586.3169778939198,546.764559552267,720.7617756619787
811.28,585.2824702528969,582.2821226900734,540.0191786862769,717.2399749314101
825.51,578.9148266683583,573.2721242096097,539.2389573121698,721.2031047274082
825.85,560.4657738599038,557.8340298747486,523.2536593242694,694.845747041074
814.39,573.0506114509856,570.6676231919902,534.2971230763042,677.5847837774016
