date,dom_level,intl_level,dom_chg,intl_chg,excluded
2008-05-10,,,,,True
2008-05-17,,,,,True
2008-05-24,,,,,True
2008-05-31,,,,,True
2008-06-07,,,,,True
2008-06-14,,,,,True
2008-06-21,,,,,True
2008-06-28,,,,,True
2008-07-05,,,,,True
2008-07-12,,,,,True
2008-07-19,,,,,True
2008-07-26,,,,,True
2008-08-02,,,,,True
2008-08-09,,,,,True
2008-08-16,,,,,True
2008-08-23,,,,,True
2008-08-30,,,,,True
2008-09-06,,,,,True
2008-09-13,,,,,True
2008-09-20,,,,,True
2008-09-27,,,,,True
2008-10-04,,,,,True
2008-10-11,,,,,True
2008-10-18,,,,,True
2008-10-25,,,,,True
2008-11-01,,,,,True
2008-11-08,,,,,True
2008-11-15,,,,,True
2008-11-22,,,,,True
2008-11-29,,,,,True
2008-12-06,,,,,True
2008-12-13,,,,,True
2008-12-20,,,,,True
2008-12-27,,,,,True
2009-01-03,,,,,True
2009-01-10,,,,,True
2009-01-17,409.33,412.1448843782688,,,False
2009-01-24,461.2,452.45013286666784,11.93101117115587,9.330260481399044,False
2009-01-31,491.68,460.31724757090075,6.3996309987270905,1.7238366945868222,False
2009-02-07,525.32,485.0214605822531,6.617950233478442,5.227721817833242,False
2009-02-14,541.1,514.3322159881872,2.9596503931730744,5.867625269653498,False
2009-02-21,551.35,505.03648308550004,1.8765711555997378,-1.8238720878708037,False
2009-02-28,533.33,497.21994115549467,-3.322944666445604,-1.5598204657591985,False
2009-03-07,551.74,494.5663023390475,3.393655128193984,-0.5351244113891873,False
2009-03-14,554.09,467.9757283533341,0.42502076043948733,-5.526478954822167,False
2009-03-21,538.53,485.95319990364226,-2.848392307547787,3.769589068926038,False
2009-03-28,550.77,508.3451122450705,2.247409378913545,4.504824896546555,False
2009-04-04,578.13,487.5584934953714,4.848145773771506,-4.175030183734041,False
2009-04-11,574.51,503.23308112102325,-0.6281253300235434,3.1643174824571574,False
2009-04-18,575.42,511.5724752523981,0.1582705364603143,1.6435822230593367,False
2009-04-25,574.62,493.7542428413649,-0.13912561807236656,-3.545135767756946,False
2009-05-02,535.08,460.77805528174173,-7.1292684334197,-6.912142411367839,False
2009-05-09,555.41,496.5226707043724,3.7290311324635894,7.471265831762253,False
2009-05-16,562.81,509.3274468042969,1.3235513631708606,2.546198019137247,False
2009-05-23,572.79,527.2325468933361,1.7577064009752341,3.4550592994481377,False
2009-05-30,579.84,549.877802928609,1.2233046021077776,4.205436038358101,False
2009-06-06,614.11,586.5666627149849,5.742186178104536,6.4590246504411475,False
2009-06-13,656.43,598.3261333658826,6.6641996815064,1.9849655257447196,False
2009-06-20,672.53,609.5551429414674,2.423065813577008,1.859343844128336,False
2009-06-27,672.46,595.4146185976584,-0.01040899933277828,-2.3471416405332235,False
2009-07-04,666.01,592.4799186883903,-0.9637944710432222,-0.49410209201585786,False
2009-07-11,648.03,541.366537022299,-2.7367693865748777,-9.022041288953897,False
2009-07-18,614.49,537.9350750467372,-5.314433609625713,-0.6358692508561248,False
2009-07-25,622.44,572.8488837414118,1.2854582670635217,6.2884079204586385,False
2009-08-01,638.61,593.602696635221,2.5646701261387683,3.5588280959581553,False
2009-08-08,688.08,625.4060806873231,7.4611170830527485,5.219093316160528,False
2009-08-15,704.69,633.4927017005444,2.385287955342097,1.2847311242298431,False
2009-08-22,717.62,618.7292623529082,1.818219123960585,-2.3580681163839934,False
2009-08-29,704.06,626.0451883597067,-1.907660123711885,1.1754756440940817,False
2009-09-05,699.7,603.269179738138,-0.6211908047281334,-3.705905636056528,False
2009-09-12,672.91,586.1554492635242,-3.9040080618812922,-2.877847183295046,False
2009-09-19,661.13,578.133072377512,-1.7661098909165673,-1.3780954978853899,False
2009-09-26,643.36,552.0657998653658,-2.7246049074908463,-4.613682937290786,False
2009-10-03,618.64,518.8165419682331,-3.918092284818364,-6.211690483542487,False
2009-10-10,600.37,525.1071344722895,-2.9977388478723554,1.2051970442316318,False
2009-10-17,605.22,547.803426930698,0.8045896472742342,4.231420518116025,False
2009-10-24,635.64,589.2183319221164,4.904033704963684,7.288028473062624,False
2009-10-31,655.48,604.6321251237938,3.0735426333587945,2.5823418095845874,False
2009-11-07,680.46,595.5451294755118,3.740124837727077,-1.5143045344492734,False
2009-11-14,672.53,584.5622114419532,-1.172231990885475,-1.861395953384104,False
2009-11-21,664.32,583.9099652534145,-1.2282759049025316,-0.11164087075288265,False
2009-11-28,659.64,580.4955819111832,-0.7069729436844696,-0.586461158079743,False
2009-12-05,657.22,589.4468991527918,-0.3675413824169027,1.5302447871602176,False
2009-12-12,660.59,566.9946037294231,0.5114557252154484,-3.8834851696732287,False
2009-12-19,639.27,555.8425886260235,-3.2806474742617553,-1.9864646266124275,False
2009-12-26,636.57,586.4613883550312,-0.42325119618196183,5.362169173532916,False
2010-01-02,643.73,607.6319560235897,1.118499515004423,3.5462531269542907,False
2010-01-09,693.77,618.7340426090939,7.48611099397678,1.8106160638510005,False
2010-01-16,705.6,611.6957380671694,1.6908011218651708,-1.1440524961320975,False
2010-01-23,693.42,598.0382801759736,-1.7412628477177172,-2.258023329230152,False
2010-01-30,668.73,601.0621354572795,-3.625548499445408,0.5043550401280683,False
2010-02-06,681.38,613.892025873066,1.8739762239671443,2.112074308083134,False
2010-02-13,689.49,588.384850227494,1.183204040432706,-4.2437818064327,False
2010-02-20,679.46,598.1339158501936,-1.4653828820303083,1.6433427436907344,False
2010-02-27,685.1,621.2398744666133,0.8266447964207835,3.7902610203991216,False
2010-03-06,707.96,630.659351309309,3.2822781913699473,1.5048582839872537,False
2010-03-13,719.42,640.0279363945168,1.6057736897763242,1.4745964544893297,False
2010-03-20,726.64,635.7828388744023,0.9985837373641893,-0.6654769294803131,False
2010-03-27,722.73,630.7096042017316,-0.5395460766165705,-0.8011515324197305,False
2010-04-03,712.56,640.7791877987596,-1.4171589304178944,1.5839375361868413,False
2010-04-10,742.51,652.9019129925376,4.117221947601646,1.8741991421102888,False
2010-04-17,747.69,646.6682989857063,0.6952114968801659,-0.9593420590682022,False
2010-04-24,738.72,639.0755575083567,-1.2069494809752612,-1.1810796841378313,False
2010-05-01,722.36,646.0303603195816,-2.2395329174536904,1.082380932759186,False
2010-05-08,748.78,633.5529679717137,3.5921585820828383,-1.9502892174570796,False
2010-05-15,738.5,610.5854714525055,-1.3824113433535956,-3.692532177187413,False
2010-05-22,710.79,578.6055180353671,-3.8244074444939713,-5.379735675986552,False
2010-05-29,676.04,584.6750111112214,-5.012478163646783,1.043522693155019,False
2010-06-05,679.41,604.5317963521946,0.49725285977260114,3.339811179395369,False
2010-06-12,707.2,621.4082284402391,4.008873683568037,2.7533970552108045,False
2010-06-19,719.87,642.6542783307648,1.775712882899505,3.361867121201545,False
2010-06-26,727.53,625.6378063015497,1.0584595156394982,-2.6835290387457356,False
2010-07-03,722.34,615.7403999845513,-0.7159293133833344,-1.5946173361827576,False
2010-07-10,724.69,604.3002172007044,0.3248035031739427,-1.875432331828275,False
2010-07-17,698.76,610.8237887884196,-3.643664156970061,1.0737396729178172,False
2010-07-24,698.99,620.3284422485685,0.032910034280231315,1.5440563813779562,False
2010-07-31,693.9,615.5453924885138,-0.7308578074328054,-0.7740391464608365,False
2010-08-07,712.66,624.01143375684,2.6676590430673386,1.3659999658735877,False
2010-08-14,715.75,611.217890360407,0.43264956420481226,-2.0715183228270817,False
2010-08-21,698.02,592.0872368165483,-2.508318833122125,-3.1799524786480404,False
2010-08-28,673.56,582.3995381819026,-3.5670676904895338,-1.6497279589811953,False
2010-09-04,668.86,594.3679051295634,-0.7002308076919483,2.034179261261393,False
2010-09-11,692.14,592.3110669211692,3.42134766288682,-0.346654877449204,False
2010-09-18,686.06,594.6305577433484,-0.8823159836034655,0.3908353581240753,False
2010-09-25,684.64,589.5799618967292,-0.207193478951595,-0.8529946975240676,False
2010-10-02,674.19,596.2344990257618,-1.5381182372495417,1.1223690054156243,False
2010-10-09,695.86,615.8691838600761,3.163652037986253,3.240053269406662,False
2010-10-16,709.8,624.223181134971,1.9834749536522978,1.347338938125997,False
2010-10-23,722.25,615.7358093212334,1.7388099133948565,-1.368997593312038,False
2010-10-30,702.4,618.785677462797,-2.7868297025437805,0.49409822007815407,False
2010-11-06,701.75,628.0553076507869,-0.09258270789151979,1.486925933139993,False
2010-11-13,720.14,644.3793002675978,2.5868422310682426,2.5659296199190607,False
2010-11-20,728.09,649.4837081409913,1.0979029376527727,0.7890223805309127,False
2010-11-27,734.89,649.9563658553237,0.9296161219533694,0.07274790806226505,False
2010-12-04,733.18,690.8449286989395,-0.23295902420805703,6.101015162385526,False
2010-12-11,774.72,713.8986171907679,5.51104358430381,3.2825576720738603,False
2010-12-18,803.93,716.6154128957053,3.701052696230711,0.3798353478784655,False
2010-12-25,812.0,735.8073273993792,0.9988139449677469,2.64289880264279,False
2011-01-01,796.1,738.007200397415,-1.9775534067145273,0.2985280156082126,False
2011-01-08,829.46,728.5237103534198,4.105008055288373,-1.293340927011144,False
2011-01-15,835.78,736.3557935072944,0.7590533910433628,1.0693245094047121,False
2011-01-22,833.2,741.2008733811674,-0.3091711171032685,0.6558255731643037,False
2011-01-29,832.76,727.7830033676613,-0.052822397924412456,-1.8268741277378098,False
2011-02-05,818.84,751.6791401286375,-1.685678083515274,3.2306626070012,False
2011-02-12,840.43,742.8889903025773,2.6024961048298323,-1.1762931380745023,False
2011-02-19,837.07,754.0274868055425,-0.4005966609089917,1.4882195836354306,False
2011-02-26,847.87,804.752564308088,1.281962314154672,6.510603464654974,False
2011-03-05,880.81,842.0248139274098,3.8114616506014443,4.527462739135313,False
2011-03-12,928.01,842.9271025576829,5.220056993102062,0.10709963978099424,False
2011-03-19,932.89,834.1596580499596,0.5244786056738171,-1.0455659880616253,False
2011-03-26,921.61,848.524542639583,-1.2165154069745832,1.707418844539088,False
2011-04-02,,,,,True
2011-04-09,,,,,True
2011-04-16,,,,,True
2011-04-23,,,,,True
2011-04-30,,,,,True
2011-05-07,,,,,True
2011-05-14,,,,,True
2011-05-21,,,,,True
2011-05-28,,,,,True
2011-06-04,,,,,True
2011-06-11,,,,,True
2011-06-18,,,,,True
2011-06-25,,,,,True
2011-07-02,,,,,True
2011-07-09,,,,,True
2011-07-16,,,,,True
2011-07-23,920.21,821.7654349713647,,,False
2011-07-30,912.92,825.8612330503103,-0.7953651329425604,0.4971765261210237,False
2011-08-06,916.98,800.3106873623873,0.4437408232123019,-3.1426749200178072,False
2011-08-13,909.98,783.4987842401255,-0.766304052040212,-2.123050138785576,False
2011-08-20,891.9,799.9066586719155,-2.0068602575236127,2.072553410943101,False
2011-08-27,897.18,816.5105811141533,0.5902492151645511,2.05448272370079,False
2011-09-03,897.36,846.6829588280965,0.020060851316117123,3.628644243210566,False
2011-09-10,949.65,844.4795231015315,5.663637632127738,-0.26058252792928727,False
2011-09-17,944.62,845.1666858267457,-0.5310765437100073,0.08133806467514049,False
2011-09-24,947.77,871.705627654389,0.33291265640897905,3.0917914712730976,False
2011-10-01,948.99,868.2259524821831,0.1286404361375837,-0.3999789245747287,False
2011-10-08,972.75,873.4383644934044,2.4728850718052087,0.5985570838793031,False
2011-10-15,979.07,898.3758998323747,0.6476029641910408,2.8151011867420195,False
2011-10-22,983.76,878.4224977067012,0.4778823357618478,-2.246089483972824,False
2011-10-29,955.8,854.1658514559738,-2.8833278720134636,-2.8002302185519135,False
2011-11-05,935.71,814.1836530400104,-2.124308673323405,-4.793942184519118,False
2011-11-12,919.38,814.4404785933887,-1.7606069592683404,0.031538959851928894,False
2011-11-19,914.56,785.5357187916088,-0.5256454516691988,-3.6135418794725815,False
2011-11-26,883.88,772.319502807036,-3.412176848454429,-1.6967601197209525,False
2011-12-03,853.41,787.8321475733259,-3.5081218297113637,1.988672832764582,False
2011-12-10,877.2,787.5547417591068,2.7494928023942933,-0.035217484538563326,False
2011-12-17,874.81,798.9507691728011,-0.2728296622184878,1.4366446685772694,False
2011-12-24,888.35,811.3141964393196,1.5359089560367245,1.5356069317875587,False
2011-12-31,873.59,824.5276152551884,-1.6754651443237734,1.6155237141954437,False
2012-01-07,928.18,854.1843542821715,6.061452145588575,3.5336407242108514,False
2012-01-14,953.67,874.1480600164314,2.709202016269874,2.310272434478833,False
2012-01-21,974.78,871.2180963346734,2.189410485417742,-0.3357423224208844,False
2012-01-28,963.98,866.9957850018912,-1.114125700408053,-0.4858227957825534,False
2012-02-04,944.23,867.8504858224197,-2.070076697045753,0.09853332875122689,False
2012-02-11,973.39,887.9376937882458,3.0415043540727993,2.2882127410916553,False
2012-02-18,980.25,914.8288066136475,0.7022817094811451,2.983537529602387,False
2012-02-25,1010.34,930.1951315119849,3.0234545677831903,1.6657431794837585,False
2012-03-03,1002.09,940.9576905179235,-0.8199088879788263,1.1503793350917668,False
2012-03-10,1034.99,941.1122051107656,3.2303945846559934,0.016419644514620302,False
2012-03-17,1032.65,953.9638753441611,-0.22634510833858812,1.356343145121297,False
2012-03-24,1036.51,950.5959341675699,0.3730986948988324,-0.3536717167285097,False
2012-03-31,1032.77,965.3046296978937,-0.3614787822287191,1.53546429179503,False
2012-04-07,1069.5,962.5318645610878,3.4946736662100797,-0.2876558315001887,False
2012-04-14,1060.03,948.8944864415043,-0.889403993004656,-1.4269563162310206,False
2012-04-21,1047.32,930.8046321465279,-1.2062689270742055,-1.924820055153731,False
2012-04-28,1015.01,923.2394373447196,-3.133605567756792,-0.8160795001782795,False
2012-05-05,1001.6,907.152848244172,-1.3299743298269995,-1.7577656352564475,False
2012-05-12,1001.1,868.5313434616088,-0.04993259203960321,-4.350728236317725,False
2012-05-19,959.4,851.7135791342533,-4.254658535747424,-1.9553378635198015,False
2012-05-26,954.71,842.8740605834561,-0.4900459624227693,-1.0432743069133998,False
2012-06-02,934.24,834.2035456538825,-2.1674264908508434,-1.0340120397644093,False
2012-06-09,954.18,785.4362499269965,2.1118968360651635,-6.023813630666464,False
2012-06-16,906.61,758.8945073364714,-5.113996422715239,-3.4376517092173486,False
2012-06-23,880.19,709.8658295375761,-2.957457541057895,-6.6786799023729415,False
2012-06-30,802.69,699.5266233178852,-9.216920615262136,-1.4672125816937331,False
2012-07-07,826.99,741.8811370825107,2.9824015946629423,5.878518384541476,False
2012-07-14,858.77,770.2659712420183,3.770852987841433,3.754683467836717,False
2012-07-21,886.51,819.3576648579337,3.1791272835918427,6.17848253492248,False
2012-07-28,912.61,824.9843390817505,2.9016220370043477,0.6843705471696993,False
2012-08-04,908.17,835.3915300689704,-0.4877040389986931,1.2536110015307855,False
2012-08-11,951.43,878.5911095625686,4.653453023295029,5.041909938387601,False
2012-08-18,991.32,906.0039253510575,4.107127238291852,3.0724026028179807,False
2012-08-25,1027.35,897.9108923250278,3.57005619496098,-0.8972804308699622,False
2012-09-01,978.59,870.0873168499982,-4.862519018895828,-3.147726353407432,False
2012-09-08,987.71,859.8966822505155,0.927637227150413,-1.178132569535073,False
2012-09-15,977.33,885.614298790667,-1.0564768703154037,2.946928203080734,False
2012-09-22,970.46,858.530490423958,-0.7054177799856731,-3.1059331508751065,False
2012-09-29,944.42,861.9883489382345,-2.7199203437265673,0.40195586248072956,False
2012-10-06,917.61,864.2387596672662,-2.8798518703745835,0.26073185766710694,False
2012-10-13,968.16,878.5429547713102,5.36248991234638,1.641572918060863,False
2012-10-20,972.97,855.6763378314159,0.4955886359787165,-2.637260738657332,False
2012-10-27,925.28,792.5399487329566,-5.025685482388997,-7.664928165328533,False
2012-11-03,864.57,776.4036584462456,-6.78641209046722,-2.057034962937543,False
2012-11-10,896.04,775.5650568456562,3.5752781330374184,-0.10806940551617572,False
2012-11-17,880.52,797.4433531235593,-1.747241279047973,2.781893227786192,False
2012-11-24,895.84,813.1979067077131,1.724918355545224,1.956370603872326,False
2012-12-01,895.01,804.8880639044266,-0.09269342037896422,-1.0271290909194875,False
2012-12-08,911.3,783.462916144935,1.8037260105288055,-2.69794870448834,False
2012-12-15,895.25,768.8954969528704,-1.7769142623539125,-1.8768664113353317,False
2012-12-22,889.61,779.8988685525101,-0.6319844438209543,1.420919003426846,False
2012-12-29,876.47,798.9528546943436,-1.4880687704162732,2.4137683060882154,False
2013-01-05,872.07,806.8457126955154,-0.5032780819716365,0.9830525104035814,False
2013-01-12,921.36,794.5655858857517,5.498114344419847,-1.53369312832341,False
2013-01-19,916.91,783.5874463112899,-0.48415180495142707,-1.391286704711714,False
2013-01-26,902.14,806.1194641876297,-1.6239602649424256,2.834928470814546,False
2013-02-02,899.96,846.2757654642628,-0.2419400769531066,4.8613320278867,False
2013-02-09,961.47,885.4129547595504,6.611304540183305,4.520888132698442,False
2013-02-16,1000.34,905.1563526832207,3.963185790121937,2.205354244926472,False
2013-02-23,1014.04,892.9347175194445,1.360240990960726,-1.3594220650779754,False
2013-03-02,972.24,864.0252421566755,-4.209494354229726,-3.2911489686340722,False
2013-03-09,985.58,837.659326733516,1.3627612803028377,-3.0990497354847157,False
2013-03-16,953.41,831.4917988699051,-3.318526887284623,-0.7390050952053251,False
2013-03-23,945.61,833.7084710539642,-0.8214809600702644,0.2662350629448085,False
2013-03-30,918.41,842.7135715689263,-2.9186307884259577,1.0743341353710356,False
2013-04-06,925.04,830.2923175792732,0.7193065812941768,-1.4849298871765448,False
2013-04-13,935.99,789.257339621999,1.1767812839130087,-5.068540175665159,False
2013-04-20,895.57,755.583934625373,-4.414440559319566,-4.360155322806758,False
2013-04-27,849.56,760.9002489192554,-5.274181866659511,0.7011396664178271,False
2013-05-04,844.26,755.7844501985568,-0.6258064371826855,-0.6746053579892219,False
2013-05-11,878.86,758.8264614679238,4.016510907195592,0.40168934955922,False
2013-05-18,881.15,777.4032783040136,0.26022594102030894,2.4186125183737417,False
2013-05-25,896.27,785.0227379989716,1.7013834356703228,0.975344754690255,False
2013-06-01,859.64,795.2973047319192,-4.17280099100763,1.3003329995198598,False
2013-06-08,904.24,802.0964967261391,5.058111492547113,0.8512907774138156,False
2013-06-15,918.04,819.4337284381252,1.5146150773488465,2.138460589000424,False
2013-06-22,928.4,828.5613823217716,1.122171174431763,1.1077395995582329,False
2013-06-29,895.84,826.824068297604,-3.570084879969926,-0.2098985056758984,False
2013-07-06,907.89,831.580089842234,1.336140028756727,0.5735676143724611,False
2013-07-13,942.65,866.3962114858331,3.7571831964442026,4.101470926068362,False
2013-07-20,961.79,868.2880814358847,2.0101073764950073,0.21812276825921018,False
2013-07-27,958.62,827.0562611549166,-0.33013813500071265,-4.865082752506655,False
2013-08-03,894.78,808.6983908346566,-6.891687226478904,-2.244669284441514,False
2013-08-10,898.1,795.6858595893515,0.3703542674157845,-1.6221571089411135,False
2013-08-17,898.66,799.4448562724283,0.06233442620411367,0.4713097934862631,False
2013-08-24,916.09,799.7951798629091,1.920984818375704,0.04381125886903092,False
2013-08-31,875.01,820.3551749334607,-4.587929825896442,2.5381716926410114,False
2013-09-07,922.91,818.951041171247,5.329640675921077,-0.17130833663738798,False
2013-09-14,938.48,784.5672379898764,1.67298235745168,-4.28920266947781,False
2013-09-21,909.84,770.2035394788554,-3.0992785321275917,-1.8477459679391295,False
2013-09-28,875.52,764.1343357342967,-3.845076432211325,-0.7911211079570712,False
2013-10-05,847.26,748.9032237966356,-3.2810382244860214,-2.0133837867676085,False
2013-10-12,873.51,758.0211338648543,3.051196439627457,1.2101498386755338,False
2013-10-19,883.97,760.9474800068749,1.1903547704708473,0.3853074692549363,False
2013-10-26,872.3,742.0519997920895,-1.3289723971026568,-2.5145019740266505,False
2013-11-02,803.97,738.0077646832955,-8.1571446389205,-0.5464975497980085,False
2013-11-09,841.37,725.2788742517718,4.546956060985696,-1.7398110761591035,False
2013-11-16,845.28,748.9374268890608,0.4636417756181288,3.2099202788573145,False
2013-11-23,864.65,758.2311497479348,2.2656867355925314,1.2332848229344329,False
2013-11-30,835.77,765.8394612025742,-3.3971345156799337,0.9984281047473509,False
2013-12-07,861.73,766.3239599349542,3.0588540925342578,0.06324374304265135,False
2013-12-14,885.28,764.59351887687,2.6961982609325474,-0.22606597925713956,False
2013-12-21,888.46,761.0906378970988,0.3585647735372177,-0.4591890292894085,False
2013-12-28,852.86,785.6101407311891,-4.089421947569694,3.170821077469732,False
2014-01-04,841.99,781.6290274676539,-1.282726972223447,-0.5080426660165394,False
2014-01-11,877.13,764.3610888038371,4.088707631074939,-2.233993172264004,False
2014-01-18,874.6,760.8126731882655,-0.28885750191696147,-0.46531380311298776,False
2014-01-25,872.29,767.811503776339,-0.26447015512491845,0.9157096425937539,False
2014-02-01,830.38,778.1503973025802,-4.923851008441016,1.337555299248372,False
2014-02-08,870.59,769.1763307139594,4.728771537780219,-1.1599576285672875,False
2014-02-15,878.2,786.4029336399374,0.8703215406653975,2.214905735540107,False
2014-02-22,890.87,791.2362929007116,1.432415521900765,0.6127350666228715,False
2014-03-01,861.91,795.7712671327145,-3.304765648653163,0.5715141742190788,False
2014-03-08,883.81,794.3962812521552,2.5091250549634125,-0.17293601855170593,False
2014-03-15,891.83,787.9677558935365,0.9033424047401262,-0.8125261412931906,False
2014-03-22,886.44,778.2543355270174,-0.6062090128481579,-1.2403789930934828,False
2014-03-29,865.48,779.9784059053354,-2.392917500941838,0.22128543907484755,False
2014-04-05,831.69,767.9944186618983,-3.9824491083059854,-1.548376880971425,False
2014-04-12,866.84,769.3946060171257,4.139464010796168,0.18215139042787598,False
2014-04-19,869.4,778.675530009626,0.29489032105614044,1.1990458274843796,False
2014-04-26,864.49,781.1623082332331,-0.5663580878237262,0.3188511356089663,False
2014-05-03,853.42,763.038036992265,-1.2887931528077878,-2.347506735700833,False
2014-05-10,861.26,745.9511801834402,0.9144627142562811,-2.2647725983167,False
2014-05-17,855.06,756.6722632786141,-0.7224791377764106,1.4270062234458258,False
2014-05-24,859.48,769.6304289937972,0.5155913296352566,1.698021909977676,False
2014-05-31,831.58,772.8271651153948,-3.3000049538926213,0.4144996544126478,False
2014-06-07,861.77,754.3930281439101,3.5660908044235384,-2.4141944141586436,False
2014-06-14,853.67,759.2379453812474,-0.944371146632772,0.6401737105496075,False
2014-06-21,850.3,782.6406033571521,-0.3955473856762204,3.035836428314731,False
2014-06-28,845.37,792.3944752938248,-0.5814827049103855,1.238575160785249,False
2014-07-05,852.34,792.0634668136756,0.8211106915859467,-0.04178192127017866,False
2014-07-12,884.72,778.7098148695912,3.728570250860219,-1.7003056792944449,False
2014-07-19,865.88,775.2025319208251,-2.152487993545016,-0.4514139953648133,False
2014-07-26,855.94,752.9666661904338,-1.1546050604517966,-2.910336791031387,False
2014-08-02,819.5,731.750434495682,-4.350588204325234,-2.85814394646966,False
2014-08-09,827.03,713.1606795188374,0.9146571877144183,-2.5732767353802366,False
2014-08-16,803.57,707.2508577821126,-2.877666982307936,-0.8321328971757858,False
2014-08-23,790.7,694.4830100597655,-1.614567116106791,-1.8217724684079784,False
2014-08-30,768.58,706.1566463587124,-2.837397262219543,1.666939323855754,False
2014-09-06,778.8,708.5123727807397,1.3209617043358435,0.33304307475265915,False
2014-09-13,794.35,705.439517177899,1.9769896667988007,-0.43464851418821837,False
2014-09-20,782.55,708.7639328639589,-1.4966352029521346,0.4701476028076357,False
2014-09-27,774.46,703.5025295166467,-1.0391805836669654,-0.7451041045482221,False
2014-10-04,764.48,703.4954705518734,-1.2970148162396278,-0.0010034079328313794,False
2014-10-11,794.58,688.2143429375104,3.8617809029482864,-2.196110370517612,False
2014-10-18,767.03,648.2604082355164,-3.5287759135638197,-5.980785419327894,False
2014-10-25,729.37,633.7480347716815,-5.034476619819905,-2.264102623871711,False
2014-11-01,694.98,634.4135129249922,-4.8298079660781035,0.10495164683144154,False
2014-11-08,727.02,621.601987858111,4.507091929917628,-2.0400973398658984,False
2014-11-15,716.8,612.999969866372,-1.4157125810765336,-1.3935110239679638,False
2014-11-22,695.03,593.7269599338905,-3.084185155990493,-3.1945336504503707,False
2014-11-29,666.08,591.5283404052868,-4.254522665415017,-0.3709955230316808,False
2014-12-06,649.93,545.9534623956323,-2.454511866390785,-8.017585663908555,False
2014-12-13,621.55,505.0998807838884,-4.464830654503338,-7.777754495546407,False
2014-12-20,571.33,458.18437004301404,-8.424938207084587,-9.748453565935034,False
2014-12-27,541.38,458.44179402695994,-5.384554093241434,0.05616771608840665,False
2015-01-03,508.09,436.8273508181545,-6.346283799357977,-4.8295296138439525,False
2015-01-10,510.58,393.81478536964914,0.48887371949630776,-10.36573279346138,False
2015-01-17,451.12,359.8396069333349,-12.381395493692082,-9.022231500461064,False
2015-01-24,437.56,364.7336296219013,-3.0519540247336607,1.350890943120131,False
2015-01-31,398.2,365.18820413026873,-9.425944762149374,0.12455431420610452,False
2015-02-07,455.22,427.1158461482872,13.382642694794189,15.664243044143245,False
2015-02-14,508.96,461.64108560881914,11.158860942279603,7.773243929674756,False
2015-02-21,523.44,485.86040273116845,2.8052982560649475,5.113362727680748,False
2015-02-28,518.01,487.417182113881,-1.0427863469034904,0.31990477015275687,False
2015-03-07,557.12,505.32884786682007,7.2786109487375406,3.608900807896287,False
2015-03-14,568.25,499.02042734340705,1.9780806152828845,-1.256236976824443,False
2015-03-21,556.8,481.55831503275186,-2.035535371244279,-3.561969638962914,False
2015-03-28,538.13,484.1985179148489,-3.4105942359894392,0.5467648520757429,False
2015-04-04,520.27,484.63745954781865,-3.375225906926449,0.09061217238288677,False
2015-04-11,543.14,476.7478452919155,4.301920599890519,-1.641338043469176,False
2015-04-18,545.22,500.39745381828897,0.38222693453544565,4.841496539318335,False
2015-04-25,559.66,517.3242295517399,2.614007355088077,3.326712411722621,False
2015-05-02,554.21,532.7221364885,-0.9785780192678395,2.9330153918119883,False
2015-05-09,594.6,546.016631863744,7.034523427048445,2.4649468247508466,False
2015-05-16,616.08,561.8426943065471,3.548791466699708,2.857247077442082,False
2015-05-23,624.88,569.2350639778161,1.418280607104716,1.3071559183856607,False
2015-05-30,613.73,565.5583595846821,-1.8004539282309828,-0.6479976323817915,False
2015-06-06,597.56,564.3565429771655,-2.6700394845615705,-0.21272700413188517,False
2015-06-13,630.99,580.62678646531,5.4435317380979065,2.8421966197440973,False
2015-06-20,638.7,579.8833865419975,1.2144846012447807,-0.12811607210121423,False
2015-06-27,627.29,561.7174039716332,-1.8025906927793933,-3.1828142120265746,False
2015-07-04,594.64,551.9929854217097,-5.345277322271169,-1.7463544892194705,False
2015-07-11,602.4,533.3344181179477,1.2965496068646054,-3.438668509814047,False
2015-07-18,592.76,535.4062611192069,-1.6132081163705791,0.38771717721939325,False
2015-07-25,596.12,524.3375545594616,0.5652393758613705,-2.0890160289505744,False
2015-08-01,564.47,514.8857858282705,-5.455475127864062,-1.8190564034266998,False
2015-08-08,578.56,494.1630041651694,2.4655019961805635,-4.1079670271107815,False
2015-08-15,562.61,483.6144541736061,-2.795558724812075,-2.1577423715724464,False
2015-08-22,560.62,462.7517664524495,-0.35433563599607254,-4.409723825086864,False
2015-08-29,515.04,429.1142852607665,-8.479874660517694,-7.546748608027265,False
2015-09-05,506.91,453.83058638987524,-1.5911094509830193,5.600068800983049,False
2015-09-12,541.0,456.3439372668986,6.508580580581302,0.5522802935211679,False
2015-09-19,531.12,451.0420643785451,-1.8431294435576895,-1.1686169318923412,False
2015-09-26,522.43,458.7735123571817,-1.6496980838759612,1.6996046864646175,False
2015-10-03,510.54,466.61322864569865,-2.30220144826232,1.6944059183474636,False
2015-10-10,542.37,473.9210893180006,6.04794362725114,1.5540119270437636,False
2015-10-17,523.76,451.3432429818433,-3.491486122919696,-4.8812708655721515,False
2015-10-24,510.31,422.6314959075425,-2.6015179939022914,-6.572748965667863,False
2015-10-31,471.2,416.8142314319378,-7.973575185643611,-1.3859996924916906,False
2015-11-07,488.82,419.53337683047005,3.671169121322837,0.6502451737874893,False
2015-11-14,475.23,412.9702306519317,-2.8195426181736316,-1.5767576487366597,False
2015-11-21,465.26,405.68978277205616,-2.120250825697134,-1.778672391696734,False
2015-11-28,447.06,404.1638836645933,-3.990357531820621,-0.3768337358699192,False
2015-12-05,441.52,399.26469075157354,-1.2469494662445513,-1.2195866052133297,False
2015-12-12,447.98,392.570881841179,1.4525269430074594,-1.6907470693269921,False
2015-12-19,439.7,393.65823557375063,-1.8655912374556216,0.2765998871684161,False
2015-12-26,437.35,379.62183635161307,-0.5358886320900424,-3.6307520751042155,False
2016-01-02,411.06,379.34690782429306,-6.199460062300144,-0.07244792132876654,False
2016-01-09,443.57,379.98972109376484,7.6116435452300735,0.1693092097882598,False
2016-01-16,427.95,360.67256208094125,-3.5849258367544046,-5.217368611599138,False
2016-01-23,401.0,341.3047170772964,-6.504493902104969,-5.519483975609418,False
2016-01-30,388.45,352.7691722409064,-3.1796965910139363,3.3038263315974703,False
2016-02-06,391.21,337.63320357513663,0.7080038809708533,-4.385383033755286,False
2016-02-13,379.48,306.85695370874566,-3.0442605681462176,-9.557841953980528,False
2016-02-20,358.88,315.1282777108741,-5.581382375277855,2.659809658997503,False
2016-02-27,384.41,325.4302141061171,6.872162055402509,3.21682559173313,False
2016-03-05,367.96,344.38923398930547,-4.373545471696616,5.662446919614439,False
2016-03-12,406.7,372.4879437583217,10.010157630422167,7.843215967504857,False
2016-03-19,425.95,378.75763971390995,4.624615557567147,1.6691855935598632,False
2016-03-26,431.76,380.8643300639261,1.3547909821537196,0.5546695158914261,False
2016-04-02,401.96,372.80126349349564,-7.15172971296294,-2.139775063588889,False
2016-04-09,423.34,355.97448317167294,5.182305751126659,-4.618642020589991,False
2016-04-16,416.59,375.154512628624,-1.6073113993863686,5.24789229850926,False
2016-04-23,417.29,364.8900149841753,0.16788990368494794,-2.7741995420812238,False
2016-04-30,418.52,392.8439072514688,0.29432547778363016,7.38163710417723,False
2016-05-07,435.1,387.49658059631054,3.8851211213787984,-1.3705325918254907,False
2016-05-14,442.86,393.3566229735093,1.7677803283381976,1.5009613501419494,False
2016-05-21,455.44,424.5880853147887,2.8010291632810436,7.640284992338131,False
2016-05-28,472.77,431.071270027547,3.734502765926262,1.515394821434235,False
2016-06-04,449.25,432.2936237657732,-5.1029486638420885,0.28316058800834654,False
2016-06-11,497.62,425.9177333407701,10.225720787963244,-1.485882860923482,False
2016-06-18,480.75,407.7144710619694,-3.4489349074411813,-4.367910981362133,False
2016-06-25,480.85,412.4313385345534,0.02079866896016469,1.1502636299359104,False
2016-07-02,451.77,400.55262385398106,-6.238217039165317,-2.922458661510152,False
2016-07-09,479.9,375.6597740263572,6.040454809736229,-6.416127582009157,False
2016-07-16,456.36,356.37956855035424,-5.029577713603128,-5.268751079382827,False
2016-07-23,424.14,352.37871965771035,-7.321838231725053,-1.128986131132237,False
2016-07-30,399.17,333.2317898806665,-6.067619809813518,-5.586819179549352,False
2016-08-06,383.09,325.8307546472446,-4.111744279207485,-2.246022451278318,False
2016-08-13,400.79,336.5727926962723,4.516765083888785,3.2436359676466964,False
2016-08-20,398.14,368.07864174260106,-0.6633897133808908,8.948216701530054,False
2016-08-27,443.52,386.05657784036185,10.793919433569688,4.768731771401136,False
2016-09-03,432.31,383.7369881782992,-2.559997307123929,-0.6026542140451951,False
2016-09-10,460.64,386.04956559989716,6.347390337362135,0.6008378211763699,False
2016-09-17,461.44,388.56330464809946,0.17352077926640064,0.6490333349463917,False
2016-09-24,447.7,388.4528546724263,-3.0228669409609665,-0.028429261114304438,False
2016-10-01,441.64,388.3051160028728,-1.362829467598381,-0.03803982113161908,False
2016-10-08,473.3,407.7946940041687,6.923436634126556,4.897243474780488,False
2016-10-15,485.54,423.13365193584383,2.5532236714759016,3.69242443781701,False
2016-10-22,490.92,431.45877628366935,1.1019508102346975,1.9483878952406108,False
2016-10-29,484.18,433.487293271253,-1.3824443324200963,0.4690513728165868,False
2016-11-05,481.01,419.709143795361,-0.656867849466547,-3.2300527239287113,False
2016-11-12,483.3,398.2328230339855,0.4749518940596609,-5.252513985901963,False
2016-11-19,454.06,402.38901407886,-6.2408230951558785,1.038250066965496,False
2016-11-26,460.43,430.4721790298293,1.3931487555180588,6.746337957800286,False
2016-12-03,468.52,434.76523905270153,1.7417954747013908,0.9923508076232324,False
2016-12-10,507.65,460.04575777298345,8.021344354555815,5.651975288530053,False
2016-12-17,512.19,467.22092859727235,0.8903416204019798,1.5476268354154499,False
2016-12-24,533.18,484.5899840561234,4.016342827246344,3.6500913382318423,False
2016-12-31,549.69,507.7216958534703,3.049540473647827,4.663031495766035,False
2017-01-07,577.59,510.21239532482053,4.950979144916001,0.4893645793949908,False
2017-01-14,588.03,497.3207165036584,1.7913692595939779,-2.5591977630273988,False
2017-01-21,565.17,494.81086276142344,-3.9651396159900543,-0.5059528693163173,False
2017-01-28,534.41,491.30740311906135,-5.596323622318433,-0.7105586630304472,False
2017-02-04,509.52,493.872629659686,-4.769422855909777,0.5207641755991865,False
2017-02-11,524.65,489.81651759106865,2.9262267540809184,-0.8246782162323107,False
2017-02-18,523.63,490.05382496308187,-0.1946045563976817,0.048436485185199274,False
2017-02-25,560.7,478.1524085583504,6.840067508968417,-2.458570390823933,False
2017-03-04,534.32,463.65981205666645,-4.819109271224686,-3.077840836778467,False
2017-03-11,535.57,457.50307660979314,0.23366898816936654,-1.3367510136242267,False
2017-03-18,520.72,438.5929024985036,-2.8119131034942235,-4.221195584421267,False
2017-03-25,497.95,429.2368790639487,-4.471279888648283,-2.156272148801275,False
2017-04-01,457.74,433.76353996320165,-8.419833304745605,1.0490614636461615,False
2017-04-08,506.82,457.7587933593871,10.18545736372678,5.384284650319238,False
2017-04-15,522.48,476.5325235041781,3.0430794626941093,4.019358242747728,False
2017-04-22,532.56,470.52897729716307,1.9108861698046375,-1.2678430324787548,False
2017-04-29,529.08,446.94540279843517,-0.6555918134601768,-5.1421099670054815,False
2017-05-06,490.96,428.0497455704038,-7.477699107700531,-4.3197028967093765,False
2017-05-13,494.47,424.30536640755736,0.7123823800839979,-0.8786016995012247,False
2017-05-20,489.75,440.249866885712,-0.9591425057030811,3.68890452145223,False
2017-05-27,502.73,447.533569293389,2.615818983343665,1.6409105066577112,False
2017-06-03,494.44,434.29449883210964,-1.6627437638464748,-3.0028677367853973,False
2017-06-10,494.1,419.3313247463696,-0.0687883167917569,-3.5061514086525136,False
2017-06-17,479.67,404.5193891606044,-2.963955838626564,-3.596168963005386,False
2017-06-24,473.35,395.46821847738204,-1.3263294890538901,-2.2629242851048836,False
2017-07-01,457.55,399.98566749948947,-3.39489042135126,1.1358289068063243,False
2017-07-08,489.28,415.97115508025735,6.7048754379309905,3.9187203893088274,False
2017-07-15,473.57,413.7139028341962,-3.263518577184943,-0.5441240127804114,False
2017-07-22,471.35,422.6165576069628,-0.4698819126688569,2.1290605763219617,False
2017-07-29,473.51,427.82092135603096,0.45721138851453347,1.2239415234814643,False
2017-08-05,472.85,447.2178585315779,-0.13948182657834707,4.4341155170076085,False
2017-08-12,511.49,457.90078314189634,7.854982139691824,2.3606674803671623,False
2017-08-19,509.24,460.2172593476276,-0.4408616664994369,0.5046150961026008,False
2017-08-26,514.28,464.1702598526521,0.9848446022602708,0.8552743345249247,False
2017-09-02,503.87,470.444368559768,-2.0449565923958524,1.3426288796260621,False
2017-09-09,535.77,480.0929751219311,6.1386666209428675,2.030207026120401,False
2017-09-16,533.39,479.97274808468745,-0.44521005858868534,-0.02504558489402342,False
2017-09-23,547.52,478.948146895628,2.61461267881975,-0.2136988742961421,False
2017-09-30,542.29,486.11291077872505,-0.9598077004704386,1.4848584898364159,False
2017-10-07,556.68,479.7257121725012,2.618965485252822,-1.3226416024085808,False
2017-10-14,544.52,476.99770712622654,-2.208589590737997,-0.5702823584402772,False
2017-10-21,533.9,482.291023176299,-1.9696117138131797,1.1036030357180593,False
2017-10-28,517.11,484.6155485427276,-3.1952937671730908,0.4808178810089103,False
2017-11-04,524.69,498.9812436193961,1.4551994167016247,2.92126139271911,False
2017-11-11,567.79,516.5466481010677,7.8944020047201136,3.459709315482762,False
2017-11-18,569.6,510.1028438935431,0.3182728049138994,-1.2553240180801062,False
2017-11-25,575.16,502.55769382011584,0.9713902861774315,-1.4901913166991854,False
2017-12-02,564.82,502.16789268160665,-1.8141166642581474,-0.07759355654988198,False
2017-12-09,580.79,496.84493904318384,2.788214941454825,-1.0656527810008143,False
2017-12-16,574.85,503.39989858373235,-1.0280108531757648,1.3106897699085351,False
2017-12-23,567.33,499.26211691643846,-1.3167992192458122,-0.8253638998963808,False
2017-12-30,560.1,501.1375641705685,-1.282580579150494,0.3749400338030284,False
2018-01-06,570.6,500.8045896752815,1.8573099563613304,-0.06646581467144586,False
2018-01-13,581.89,510.66462822649254,1.9592987652211846,1.9497085469923903,False
2018-01-20,585.88,514.5454783121694,0.6833564018494442,0.7570874687704787,False
2018-01-27,571.66,521.5717450548235,-2.457058139375512,1.3562894799766134,False
2018-02-03,586.23,528.9780781060028,2.5167794983611103,1.4100151357973267,False
2018-02-10,590.32,515.8755351758509,0.6952558710149326,-2.508146526030419,False
2018-02-17,582.23,490.7035120971814,-1.379920408184443,-5.00254250952521,False
2018-02-24,571.26,493.1800576972094,-1.9021111142611957,0.5034235566938605,False
2018-03-03,545.5,500.55802909308056,-4.614164225252981,1.4849198320701973,False
2018-03-10,574.2,490.53762552646646,5.1274962413838665,-2.0221549700226937,False
2018-03-17,561.55,485.7623311030915,-2.2276950277919205,-0.9782510944251754,False
2018-03-24,561.69,506.2609115627361,0.024927887312653496,4.133269825871011,False
2018-03-31,549.65,522.9461837218456,-2.166838425729889,3.2426387684385105,False
2018-04-07,582.83,510.1851298936751,5.861383660621833,-2.4704899935619196,False
2018-04-14,586.44,519.1905089574,0.6174812438973554,1.7497225453115384,False
2018-04-21,589.67,527.8780405207406,0.5492697316882733,1.6594388068624788,False
2018-04-28,594.47,544.6930642876888,0.8107193897020082,3.135717805874183,False
2018-05-05,586.11,545.2210813222451,-1.4162767012313004,0.0968914988380476,False
2018-05-12,625.49,563.4574567591189,6.502785729728355,3.290046621023368,False
2018-05-19,630.85,588.9569507486514,0.8532773804812877,4.426125984800677,False
2018-05-26,658.06,602.0792338006343,4.222799620476447,2.203596198850022,False
2018-06-02,632.33,578.133013073582,-3.988470280679124,-4.058508563477403,False
2018-06-09,646.47,563.3042693163495,2.2115383651206244,-2.5984043633744847,False
2018-06-16,629.59,561.0404990292412,-2.6457979546255395,-0.40268312884625956,False
2018-06-23,628.82,550.4280140097409,-0.1223766651721192,-1.9096910829363267,False
2018-06-30,595.22,565.4305182822285,-5.491396212007338,2.689123737754784,False
2018-07-07,634.47,574.8230486770394,6.385891960788825,1.647483175579012,False
2018-07-14,644.92,572.7647018126047,1.633627338277055,-0.3587262186908191,False
2018-07-21,649.04,560.5138181302016,0.6368069991270708,-2.1621094388067696,False
2018-07-28,635.86,578.2511896325144,-2.0515934764087973,3.1154462978311592,False
2018-08-04,628.85,574.2033001436628,-1.10856588295567,-0.7024843360258437,False
2018-08-11,653.79,576.5837266525858,3.889344448266474,0.41370468185819576,False
2018-08-18,656.34,579.2744825409336,0.389274838392506,0.46558664853373344,False
2018-08-25,656.74,579.398845578031,0.06092545958704676,0.021466453841156863,False
2018-09-01,634.79,593.4771780700306,-3.399396642051933,2.4007667295496304,False
2018-09-08,673.45,603.2560654826817,5.911951850971864,1.634299894466551,False
2018-09-15,689.5,613.4086988425781,2.3552943188532183,1.6689673804079597,False
2018-09-22,686.58,617.0678861127166,-0.4243945675677985,0.5947611033919387,False
2018-09-29,674.95,627.4696561815969,-1.7084137502842545,1.671626918643021,False
2018-10-06,681.64,641.1315978093274,0.986304518435599,2.1539423489925547,False
2018-10-13,716.3,638.5737330429374,4.959741438121323,-0.3997589306066196,False
2018-10-20,713.7,604.2362165790264,-0.3636367643383487,-5.527193880628634,False
2018-10-27,690.84,575.3933826599148,-3.2554457501302814,-4.891125789750728,False
2018-11-03,,,,,True
2018-11-10,,,,,True
2018-11-17,,,,,True
2018-11-24,,,,,True
2018-12-01,,,,,True
2018-12-08,,,,,True
2018-12-15,,,,,True
2018-12-22,,,,,True
2018-12-29,,,,,True
2019-01-05,,,,,True
2019-01-12,,,,,True
2019-01-19,,,,,True
2019-01-26,,,,,True
2019-02-02,,,,,True
2019-02-09,,,,,True
2019-02-16,,,,,True
2019-02-23,,,,,True
2019-03-02,,,,,True
2019-03-09,,,,,True
2019-03-16,,,,,True
2019-03-23,,,,,True
2019-03-30,,,,,True
2019-04-06,,,,,True
2019-04-13,,,,,True
2019-04-20,,,,,True
2019-04-27,,,,,True
2019-05-04,,,,,True
2019-05-11,,,,,True
2019-05-18,,,,,True
2019-05-25,,,,,True
2019-06-01,,,,,True
2019-06-08,,,,,True
2019-06-15,,,,,True
2019-06-22,,,,,True
2019-06-29,,,,,True
2019-07-06,,,,,True
2019-07-13,,,,,True
2019-07-20,,,,,True
2019-07-27,,,,,True
2019-08-03,,,,,True
2019-08-10,,,,,True
2019-08-17,,,,,True
2019-08-24,,,,,True
2019-08-31,,,,,True
2019-09-07,,,,,True
2019-09-14,569.95,512.1970750269675,,,False
2019-09-21,588.12,551.7802083117011,3.1382371026668743,7.444033049480048,False
2019-09-28,604.4,532.8839850007004,2.7305221689128523,-3.484605732689783,False
2019-10-05,597.26,518.9103742638508,-1.1883700925551466,-2.6572557336066005,False
2019-10-12,585.05,521.6820153216175,-2.0655215808066174,0.5327057241366617,False
2019-10-19,584.32,512.5383934055137,-0.12485356984184293,-1.7682614046443668,False
2019-10-26,584.37,499.6892346037043,0.00855658900658085,-2.538924776936291,False
2019-11-02,553.99,495.8691413944366,-5.3387707813759455,-0.7674310316822641,False
2019-11-09,584.77,510.67752323711636,5.40719714872413,2.9426256926708305,False
2019-11-16,590.37,529.1517110279539,0.953085145701138,3.5536858065849053,False
2019-11-23,601.19,527.9496841610489,1.8161565353508102,-0.22741950591402826,False
2019-11-30,597.25,535.531601772607,-0.6575238134696626,1.4258917711674535,False
2019-12-07,614.19,530.8465248007454,2.796854032667806,-0.878695277003505,False
2019-12-14,617.85,531.1054466581992,0.5941383017602497,0.048763384699679335,False
2019-12-21,621.6,521.4448804701284,0.6051089503237961,-1.8357008158464083,False
2019-12-28,610.9,533.5078048387343,-1.736351939771641,2.2870125489671267,False
2020-01-04,605.2,531.8289986343534,-0.9374297741520543,-0.31516936025548503,False
2020-01-11,630.55,529.8661571552013,4.103347248768241,-0.36975655484106085,False
2020-01-18,613.41,509.133140172888,-2.7558900278810583,-3.991488658932507,False
2020-01-25,599.91,500.37106177229623,-2.2253910158051227,-1.7359607666143084,False
2020-02-01,558.06,477.281239216136,-7.231316048259107,-4.724402955291218,False
2020-02-08,567.51,469.4822431625469,1.6791886863251726,-1.6475439983313578,False
2020-02-15,547.72,473.81970835091397,-3.5494162881649416,0.9196410017134227,False
2020-02-22,544.3,481.9308470465186,-0.6263642023878191,1.6973745689647046,False
2020-02-29,529.29,454.56344638742536,-2.7964079632070593,-5.846313301297368,False
2020-03-07,530.59,420.5776444607199,0.24531091291892793,-7.770838957454718,False
2020-03-14,468.65,319.8754728539043,-12.413337374477784,-27.369733758755554,False
2020-03-21,414.12,228.60457058643468,-12.370043429458288,-33.59380277474892,False
2020-03-28,348.68,176.8101075435999,-17.200119075453735,-25.691742704357168,False
2020-04-04,297.59,159.36847845099078,-15.84378958995405,-10.385732238142076,False
2020-04-11,310.3,162.51965477754496,4.182287121049999,1.9579951380562122,False
2020-04-18,298.71,148.90758326232418,-3.806636838623234,-8.747307998142784,False
2020-04-25,274.44,138.7848642424519,-8.474054524541241,-7.0400872069365406,False
2020-05-02,247.01,154.29000706158146,-10.530383618428196,10.590899934113374,False
2020-05-09,269.98,197.0943914546627,8.891906054227317,24.48487642016861,False
2020-05-16,303.3,226.36529461955533,11.637453251385477,13.846728383725004,False
2020-05-23,333.47,261.02838606565416,9.483049159245827,14.247911801900681,False
2020-05-30,354.61,260.4237142086942,6.146568774510097,-0.23191857034117191,False
2020-06-06,386.15,299.14950585092026,8.520730098317753,13.86334934131499,False
2020-06-13,422.96,317.2838560643757,9.105171691192204,5.885335021275484,False
2020-06-20,421.89,334.605941013482,-0.25329953769288593,5.315672576077013,False
2020-06-27,418.54,346.14446049600275,-0.7972151737742017,3.390265984224339,False
2020-07-04,406.12,330.13345964566116,-3.0123782379501307,-4.735920793443249,False
2020-07-11,420.12,342.2090786494906,3.3891702321552586,3.592489547796518,False
2020-07-18,417.95,339.9563946031375,-0.5178576609409902,-0.6604533132073875,False
2020-07-25,423.36,338.8997621034574,1.286107278142623,-0.31129815721033793,False
2020-08-01,393.56,331.79723050666746,-7.298934692902659,-2.1180345800093647,False
2020-08-08,421.65,336.47125178828327,6.894205202308612,1.3988681567844274,False
2020-08-15,428.39,349.50197855760285,1.5858409610096658,3.799651035313456,False
2020-08-22,424.79,354.6779393183207,-0.8439066469741796,1.4700941753782004,False
2020-08-29,407.27,356.82689809525857,-4.2118573001338255,0.604062038203157,False
2020-09-05,404.17,349.459784709866,-0.7640774627468261,-2.0862295057141544,False
2020-09-12,412.59,328.7837372393337,2.061878226252656,-6.098828883767382,False
2020-09-19,398.61,339.29160653192264,-3.4470868523399645,3.1459732875173785,False
2020-09-26,389.78,342.5394761194506,-2.2401017877448304,0.9526975920389091,False
2020-10-03,375.13,341.6608794092609,-3.830984483180533,-0.25682453568371955,False
2020-10-10,402.05,337.5184450790857,6.930382643208599,-1.2198503541192451,False
2020-10-17,403.66,328.4025189968929,0.39964804778147567,-2.7380112842248394,False
2020-10-24,395.33,322.5318450424033,-2.085208032116359,-1.8038172384687634,False
2020-10-31,365.04,302.996957041406,-7.971392253166254,-6.247911298715358,False
2020-11-07,389.8,298.77870083948216,6.562685045431316,-1.401959430439792,False
2020-11-14,390.12,316.50964415518763,0.08205970303540866,5.765054399750191,False
2020-11-21,401.82,316.7896099223903,2.954984304619934,0.08841500558789406,False
2020-11-28,403.22,338.77492463491905,0.3478091551551543,6.709808530494055,False
2020-12-05,409.33,346.02436734187404,1.5039357981780022,2.117325067628073,False
2020-12-12,444.96,351.81862818240245,8.346271380230963,1.6606583538655073,False
2020-12-19,474.57,367.5578499035313,6.442474039294321,4.37649390078203,False
2020-12-26,479.3,374.3309149223552,0.9917575286987557,1.8259484500060985,False
2021-01-02,454.53,376.96789292861587,-5.306278812573151,0.7019813707670686,False
2021-01-09,490.79,389.66663899275005,7.675241969120616,3.3131582608780796,False
2021-01-16,495.23,410.6676755945242,0.9005963387535232,5.249271044268955,False
2021-01-23,500.8,409.50318002848644,1.1184518667293197,-0.28396433268840227,False
2021-01-30,467.95,415.096627877636,-6.784536718262313,1.3566662487140668,False
2021-02-06,483.07,436.6274049221176,3.1800118084558626,5.056887970518709,False
2021-02-13,511.75,452.9296680398056,5.76746538535744,3.6656644146329853,False
2021-02-20,532.61,469.19090272183803,3.9953224478917804,3.5272872439005454,False
2021-02-27,526.24,489.0619847026925,-1.20320665795699,4.147951184699661,False
2021-03-06,550.98,497.6750206458125,4.594112841273912,1.7458055499563585,False
2021-03-13,589.34,526.1669208627987,6.730475582920548,5.567120741482778,False
2021-03-20,602.5,520.2115680844512,2.2084398682118866,-1.1382911908790483,False
2021-03-27,594.7,491.779938631356,-1.3030588652261699,-5.620425330199552,False
2021-04-03,555.51,502.46311483410517,-6.817046599471421,2.1490896695295802,False
2021-04-10,578.81,493.5945229808382,4.108766101533323,-1.780785746223934,False
2021-04-17,578.2,503.7849751758084,-0.10544421509210977,2.043516401854095,False
2021-04-24,578.88,511.9740877569898,0.11753726246839236,1.6124473428993369,False
2021-05-01,563.34,510.9761625539521,-2.721184870841853,-0.19510734159364773,False
2021-05-08,593.81,528.0413033418198,5.26760493764451,3.285156617971907,False
2021-05-15,625.6,522.6228128690606,5.2151786356144925,-1.031450190033123,False
2021-05-22,622.94,519.1108395185485,-0.42609832677751314,-0.674258078862966,False
2021-05-29,606.02,526.8214628322686,-2.7537217138278614,1.4744286953981778,False
2021-06-05,602.15,531.5392549070358,-0.6406405118559277,0.8915340950317763,False
2021-06-12,649.62,543.204805204965,7.588099284437355,2.1709370423423913,False
2021-06-19,644.07,553.8608247004407,-0.8580160701279205,1.9427013922541647,False
2021-06-26,657.49,576.0489831146828,2.062213896120113,3.9279260975598085,False
2021-07-03,642.59,586.7816349689523,-2.2922670030379066,1.8460051651966403,False
2021-07-10,690.46,600.488531671348,7.1851157354061,2.3090794509746715,False
2021-07-17,695.12,600.6737989461354,0.6726450396485006,0.030847999730632125,False
2021-07-24,689.38,586.1651274852112,-0.829184960297713,-2.445048596906929,False
2021-07-31,650.07,604.9917387647823,-5.871259352899916,3.161326560357569,False
2021-08-07,689.63,592.1207642035879,5.907517248453775,-2.150419533608261,False
2021-08-14,692.46,582.169329310616,0.4095252776855851,-1.694925841912287,False
2021-08-21,675.76,563.8549799881655,-2.4412491241126766,-3.196425849365081,False
2021-08-28,668.44,569.0191105133684,-1.0891344084059895,0.9116928947305425,False
2021-09-04,636.29,580.0306094470678,-4.92922050772302,1.9166857354838918,False
2021-09-11,684.58,583.582077417952,7.315107727174919,0.6104228733067707,False
2021-09-18,689.98,602.3329755496462,0.7857100134270212,3.1625302138058586,False
2021-09-25,686.41,615.189215779839,-0.5187494831773165,2.111948049336032,False
2021-10-02,684.08,638.852052676807,-0.3400246984497812,3.774300969204347,False
2021-10-09,744.5,672.0156846842885,8.46379822763641,5.0608782441583955,False
2021-10-16,784.93,714.3927896521128,5.288168970776486,6.115125608440319,False
2021-10-23,808.07,729.8011179067752,2.9054146600153707,2.1339119160815656,False
2021-10-30,802.74,742.6008639551721,-0.6617812718399563,1.7386649361614381,False
2021-11-06,,,,,True
2021-11-13,,,,,True
2021-11-20,,,,,True
2021-11-27,,,,,True
2021-12-04,,,,,True
2021-12-11,,,,,True
2021-12-18,,,,,True
2021-12-25,,,,,True
2022-01-01,,,,,True
2022-01-08,,,,,True
2022-01-15,,,,,True
2022-01-22,,,,,True
2022-01-29,,,,,True
2022-02-05,,,,,True
2022-02-12,,,,,True
2022-02-19,,,,,True
2022-02-26,,,,,True
2022-03-05,,,,,True
2022-03-12,,,,,True
2022-03-19,,,,,True
2022-03-26,,,,,True
2022-04-02,,,,,True
2022-04-09,,,,,True
2022-04-16,,,,,True
2022-04-23,,,,,True
2022-04-30,,,,,True
2022-05-07,,,,,True
2022-05-14,,,,,True
2022-05-21,,,,,True
2022-05-28,,,,,True
2022-06-04,,,,,True
2022-06-11,,,,,True
2022-06-18,,,,,True
2022-06-25,,,,,True
2022-07-02,,,,,True
2022-07-09,,,,,True
2022-07-16,,,,,True
2022-07-23,,,,,True
2022-07-30,,,,,True
2022-08-06,,,,,True
2022-08-13,,,,,True
2022-08-20,,,,,True
2022-08-27,,,,,True
2022-09-03,,,,,True
2022-09-10,,,,,True
2022-09-17,,,,,True
2022-09-24,,,,,True
2022-10-01,,,,,True
2022-10-08,,,,,True
2022-10-15,,,,,True
2022-10-22,,,,,True
2022-10-29,,,,,True
2022-11-05,,,,,True
2022-11-12,,,,,True
2022-11-19,,,,,True
2022-11-26,,,,,True
2022-12-03,,,,,True
2022-12-10,,,,,True
2022-12-17,,,,,True
2022-12-24,,,,,True
2022-12-31,,,,,True
2023-01-07,,,,,True
2023-01-14,,,,,True
2023-01-21,,,,,True
2023-01-28,,,,,True
2023-02-04,,,,,True
2023-02-11,,,,,True
2023-02-18,,,,,True
2023-02-25,,,,,True
2023-03-04,,,,,True
2023-03-11,,,,,True
2023-03-18,,,,,True
2023-03-25,,,,,True
2023-04-01,,,,,True
2023-04-08,,,,,True
2023-04-15,,,,,True
2023-04-22,,,,,True
2023-04-29,,,,,True
2023-05-06,,,,,True
2023-05-13,,,,,True
2023-05-20,,,,,True
2023-05-27,,,,,True
2023-06-03,,,,,True
2023-06-10,,,,,True
2023-06-17,,,,,True
2023-06-24,,,,,True
2023-07-01,,,,,True
2023-07-08,,,,,True
2023-07-15,,,,,True
2023-07-22,,,,,True
2023-07-29,,,,,True
2023-08-05,,,,,True
2023-08-12,,,,,True
2023-08-19,,,,,True
2023-08-26,,,,,True
2023-09-02,,,,,True
2023-09-09,,,,,True
2023-09-16,,,,,True
2023-09-23,,,,,True
2023-09-30,,,,,True
2023-10-07,,,,,True
2023-10-14,,,,,True
2023-10-21,,,,,True
2023-10-28,,,,,True
2023-11-04,,,,,True
2023-11-11,,,,,True
2023-11-18,,,,,True
2023-11-25,,,,,True
2023-12-02,,,,,True
2023-12-09,,,,,True
2023-12-16,,,,,True
2023-12-23,,,,,True
2023-12-30,,,,,True
2024-01-06,,,,,True
2024-01-13,,,,,True
2024-01-20,,,,,True
2024-01-27,,,,,True
2024-02-03,,,,,True
2024-02-10,,,,,True
2024-02-17,,,,,True
2024-02-24,,,,,True
2024-03-02,,,,,True
2024-03-09,,,,,True
2024-03-16,,,,,True
2024-03-23,,,,,True
2024-03-30,,,,,True
2024-04-06,,,,,True
2024-04-13,,,,,True
2024-04-20,,,,,True
2024-04-27,,,,,True
2024-05-04,,,,,True
2024-05-11,,,,,True
2024-05-18,,,,,True
2024-05-25,,,,,True
2024-06-01,,,,,True
2024-06-08,,,,,True
2024-06-15,,,,,True
2024-06-22,,,,,True
2024-06-29,,,,,True
2024-07-06,,,,,True
2024-07-13,,,,,True
2024-07-20,,,,,True
2024-07-27,,,,,True
2024-08-03,,,,,True
2024-08-10,,,,,True
2024-08-17,,,,,True
2024-08-24,,,,,True
2024-08-31,,,,,True
2024-09-07,,,,,True
2024-09-14,,,,,True
2024-09-21,,,,,True
2024-09-28,,,,,True
2024-10-05,,,,,True
2024-10-12,,,,,True
2024-10-19,,,,,True
2024-10-26,,,,,True
2024-11-02,,,,,True
2024-11-09,,,,,True
2024-11-16,,,,,True
2024-11-23,,,,,True
2024-11-30,,,,,True
2024-12-07,,,,,True
2024-12-14,,,,,True
2024-12-21,,,,,True
2024-12-28,,,,,True
2025-01-04,,,,,True
2025-01-11,,,,,True
2025-01-18,,,,,True
2025-01-25,,,,,True
2025-02-01,,,,,True
2025-02-08,,,,,True
2025-02-15,,,,,True
2025-02-22,,,,,True
2025-03-01,,,,,True
2025-03-08,,,,,True
2025-03-15,,,,,True
2025-03-22,,,,,True
2025-03-29,,,,,True
2025-04-05,,,,,True
2025-04-12,,,,,True
2025-04-19,,,,,True
2025-04-26,,,,,True
2025-05-03,,,,,True
2025-05-10,,,,,True
2025-05-17,,,,,True
2025-05-24,,,,,True
2025-05-31,,,,,True
2025-06-07,,,,,True
2025-06-14,,,,,True
2025-06-21,,,,,True
2025-06-28,,,,,True
2025-07-05,,,,,True
2025-07-12,,,,,True
2025-07-19,,,,,True
2025-07-26,,,,,True
2025-08-02,,,,,True
2025-08-09,,,,,True
2025-08-16,,,,,True
2025-08-23,,,,,True
2025-08-30,,,,,True
2025-09-06,,,,,True
2025-09-13,,,,,True
2025-09-20,,,,,True
2025-09-27,,,,,True
2025-10-04,,,,,True
2025-10-11,,,,,True
2025-10-18,,,,,True
2025-10-25,,,,,True
2025-11-01,,,,,True
2025-11-08,,,,,True
2025-11-15,,,,,True
2025-11-22,,,,,True
2025-11-29,,,,,True
2025-12-06,,,,,True
2025-12-13,,,,,True
2025-12-20,,,,,True
2025-12-27,,,,,True
