date,dom_chg,dom_level,prev_dom_level,fitted_chg,fitted_level,err_chg,err_level
2009-04-25,-0.13912561807236656,574.62,575.42,0.42798299970086506,577.8879772713084,-0.5671086177732316,-3.267977271308382
2009-05-02,-7.1292684334197,535.08,574.62,-3.5155133634291884,554.7701141099072,-3.6137550699905114,-19.6901141099072
2009-05-09,3.7290311324635894,555.41,535.08,2.6078291841504013,549.2175122763905,1.121201948313188,6.192487723609474
2009-05-16,1.3235513631708606,562.81,555.41,2.87225763335371,571.5941182833217,-1.5487062701828496,-8.784118283321732
2009-05-23,1.7577064009752341,572.79,562.81,2.617327112004884,577.7350453366005,-0.8596207110296499,-4.945045336600515
2009-05-30,1.2233046021077776,579.84,572.79,0.8362068144609799,577.5997908854312,0.3870977876467977,2.24020911456887
2009-06-06,5.742186178104536,614.11,579.84,6.710385244981057,620.0846840344935,-0.9681990668765215,-5.974684034493521
2009-06-13,6.6641996815064,656.43,614.11,3.161513829617463,633.8353392869013,3.5026858518889368,22.59466071309862
2009-06-20,2.423065813577008,672.53,656.43,-0.37642335008683514,653.9636890004583,2.799489163663843,18.566310999541656
2009-06-27,-0.01040899933277828,672.46,672.53,-1.7736716460486786,660.7066893901937,1.7632626467159003,11.753310609806363
2009-07-04,-0.9637944710432222,666.01,672.46,-0.5332421771962175,668.8837032906904,-0.4305522938470048,-2.8737032906904005
2009-07-11,-2.7367693865748777,648.03,666.01,-0.5897004837869305,662.0940932164104,-2.147068902787947,-14.06409321641047
2009-07-18,-5.314433609625713,614.49,648.03,-4.488730026555433,619.584871268165,-0.8257035830702799,-5.0948712681649795
2009-07-25,1.2854582670635217,622.44,614.49,-0.22035350524335098,613.1374404990524,1.5058117723068727,9.30255950094761
2009-08-01,2.5646701261387683,638.61,622.44,1.2930504606921636,630.5407236413303,1.2716196654466048,8.069276358669754
2009-08-08,7.4611170830527485,688.08,638.61,4.630000769390245,668.8728264775841,2.8311163136625037,19.20717352241593
2009-08-15,2.385287955342097,704.69,688.08,2.5634538979849286,705.9466366981062,-0.1781659426428317,-1.2566366981061492
2009-08-22,1.818219123960585,717.62,704.69,-0.12455131392843691,703.812845712867,1.9427704378890218,13.807154287133017
2009-08-29,-1.907660123711885,704.06,717.62,-2.587994645834754,699.2862937620723,0.6803345221228687,4.773706237927627
2009-09-05,-0.6211908047281334,699.7,704.06,-0.25654309843613776,702.2560975441327,-0.3646477062919956,-2.5560975441326264
2009-09-12,-3.9040080618812922,672.91,699.7,-1.2059496269614762,691.312645742353,-2.6980584349198162,-18.402645742353002
2009-09-19,-1.7661098909165673,661.13,672.91,-1.6654746824078082,661.795664444236,-0.10063520850875918,-0.665664444235972
2009-09-26,-2.7246049074908463,643.36,661.13,-1.5428245253830797,651.0082057514339,-1.1817803821077666,-7.64820575143392
2009-10-03,-3.918092284818364,618.64,643.36,-3.648917355780937,620.3074669757171,-0.269174929037427,-1.6674669757171614
2009-10-10,-2.9977388478723554,600.37,618.64,-1.2751661500885147,610.8013959577642,-1.7225726977838407,-10.431395957764153
2009-10-17,0.8045896472742342,605.22,600.37,0.3472467349397428,602.4583890554741,0.4573429123344914,2.7616109445259553
2009-10-24,4.904033704963684,635.64,605.22,4.245410947603698,631.4672866089031,0.6586227573599857,4.172713391096863
2009-10-31,3.0735426333587945,655.48,635.64,3.1192624663000457,655.7797528789997,-0.04571983294125115,-0.2997528789996977
2009-11-07,3.740124837727077,680.46,655.48,3.0245059036842115,675.607881447764,0.7156189340428654,4.852118552235993
2009-11-14,-1.172231990885475,672.53,680.46,-2.381501087651097,664.446278028146,1.209269096765622,8.083721971853947
2009-11-21,-1.2282759049025316,664.32,672.53,-0.026784583680662916,672.349889761338,-1.2014913212218687,-8.029889761337927
2009-11-28,-0.7069729436844696,659.64,664.32,-1.289400147892679,655.8092437025127,0.5824272042082095,3.8307562974872553
2009-12-05,-0.3675413824169027,657.22,659.64,1.1145842278858722,667.0333695265763,-1.482125610302775,-9.813369526576253
2009-12-12,0.5114557252154484,660.59,657.22,-0.44713534749327555,654.2878971883789,0.9585910727087239,6.3021028116211255
2009-12-19,-3.2806474742617553,639.27,660.59,-2.000483263214725,647.5063124323274,-1.2801642110470302,-8.236312432327395
2009-12-26,-0.42325119618196183,636.57,639.27,0.0989689345525484,639.902991888911,-0.5222201307345102,-3.3329918889108967
2010-01-02,1.118499515004423,643.73,636.57,2.234894337735928,650.9568333301596,-1.1163948227315048,-7.226833330159593
2010-01-09,7.48611099397678,693.77,643.73,3.0289811900201786,663.5267672327179,4.457129803956601,30.243232767282052
2010-01-16,1.6908011218651708,705.6,693.77,-0.962158046713381,687.1268461877762,2.652959168578552,18.473153812223813
2010-01-23,-1.7412628477177172,693.42,705.6,-1.1656530555065894,697.4229029195086,-0.5756097922111278,-4.002902919508642
2010-01-30,-3.625548499445408,668.73,693.42,-1.8519971998884164,680.6960681265678,-1.7735512995569915,-11.966068126567734
2010-02-06,1.8739762239671443,681.38,668.73,2.5237926976839447,685.8221367255444,-0.6498164737168004,-4.442136725544401
2010-02-13,1.183204040432706,689.49,681.38,0.4136712225670138,684.2045110431661,0.7695328178656922,5.285488956833888
2010-02-20,-1.4653828820303083,679.46,689.49,-2.472671321033433,672.6502325506583,1.0072884390031245,6.809767449341734
2010-02-27,0.8266447964207835,685.1,679.46,0.049681133603239114,679.7976472969382,0.7769636628175444,5.3023527030618425
2010-03-06,3.2822781913699473,707.96,685.1,1.7010488987982773,696.8535695754061,1.58122929257167,11.106430424593896
2010-03-13,1.6057736897763242,719.42,707.96,3.4548063314037822,732.8460541727433,-1.849032641627458,-13.426054172743306
2010-03-20,0.9985837373641893,726.64,719.42,0.5035029975399585,723.0514357870558,0.49508073982423073,3.5885642129442203
2010-03-27,-0.5395460766165705,722.73,726.64,-1.6727407244661303,714.5862915023368,1.1331946478495598,8.14370849766317
2010-04-03,-1.4171589304178944,712.56,722.73,-1.7203770766628719,710.4026611514523,0.30321814624497745,2.1573388485476244
2010-04-10,4.117221947601646,742.51,712.56,3.5889675773857745,738.5980002277032,0.5282543702158713,3.911999772296781
2010-04-17,0.6952114968801659,747.69,742.51,1.3688168097396527,752.7434807127897,-0.6736053128594868,-5.053480712789678
2010-04-24,-1.2069494809752612,738.72,747.69,-0.8646354249030981,741.2530754581642,-0.34231405607216314,-2.5330754581641486
2010-05-01,-2.2395329174536904,722.36,738.72,-1.8517701098081383,725.1664811458317,-0.38776280764555215,-2.80648114583164
2010-05-08,3.5921585820828383,748.78,722.36,0.9699934087240906,729.4009374960909,2.6221651733587477,19.37906250390904
2010-05-15,-1.3824113433535956,738.5,748.78,-1.99364244268381,733.9998255749155,0.6112310993302144,4.500174425084538
2010-05-22,-3.8244074444939713,710.79,738.5,-3.6045476689577653,712.3544604779862,-0.21985977553620595,-1.5644604779862448
2010-05-29,-5.012478163646783,676.04,710.79,-3.397001739900637,687.0499590172664,-1.6154764237461459,-11.009959017266397
2010-06-05,0.49725285977260114,679.41,676.04,2.1231681926608066,690.5469244992711,-1.6259153328882054,-11.136924499271117
2010-06-12,4.008873683568037,707.2,679.41,4.052512139199055,707.5086785045897,-0.04363845563101787,-0.30867850458969315
2010-06-19,1.775712882899505,719.87,707.2,1.919709940519022,720.9073383077613,-0.1439970576195171,-1.0373383077612743
2010-06-26,1.0584595156394982,727.53,719.87,0.12015234678104114,720.7354605302223,0.9383071688584571,6.7945394697776464
2010-07-03,-0.7159293133833344,722.34,727.53,-3.038050367736714,705.7596437852515,2.3221210543533797,16.580356214748576
2010-07-10,0.3248035031739427,724.69,722.34,1.0487820458909785,729.9556381467501,-0.7239785427170358,-5.265638146750007
2010-07-17,-3.643664156970061,698.76,724.69,-0.7281325039357115,719.4324607119903,-2.91553165303435,-20.67246071199031
2010-07-24,0.032910034280231315,698.99,698.76,1.0745823476474214,706.3092403704843,-1.0416723133671901,-7.3192403704842945
2010-07-31,-0.7308578074328054,693.9,698.99,-1.0339125870470125,691.8002861328924,0.3030547796142071,2.099713867107539
2010-08-07,2.6676590430673386,712.66,693.9,2.0528783556867,708.2921440777548,0.6147806873806387,4.367855922245212
2010-08-14,0.43264956420481226,715.75,712.66,-0.07470390677140407,712.1278139446399,0.5073534709762163,3.622186055360089
2010-08-21,-2.508318833122125,698.02,715.75,-2.28166150031165,699.6039078580446,-0.22665733281047507,-1.583907858044654
2010-08-28,-3.5670676904895338,673.56,698.02,-2.98834870257542,677.4693206948072,-0.5787189879141139,-3.9093206948072066
2010-09-04,-0.7002308076919483,668.86,673.56,0.35859921309963216,675.9797168094768,-1.0588300207915804,-7.119716809476813
2010-09-11,3.42134766288682,692.14,668.86,2.662425106707381,686.9070754584263,0.758922556179439,5.232924541573652
2010-09-18,-0.8823159836034655,686.06,692.14,-1.7535886426973495,680.1085112908601,0.871272659093884,5.9514887091398805
2010-09-25,-0.207193478951595,684.64,686.06,-0.5334956027301242,682.409645964993,0.3263021237785292,2.2303540350069397
2010-10-02,-1.5381182372495417,674.19,684.64,-0.7257635594105285,679.6891199400937,-0.8123546778390132,-5.499119940093692
2010-10-09,3.163652037986253,695.86,674.19,3.492808410101753,698.154241280294,-0.3291563721155,-2.2942412802939316
2010-10-16,1.9834749536522978,709.8,695.86,0.8000911281239014,701.4498462367974,1.1833838255283964,8.35015376320257
2010-10-23,1.7388099133948565,722.25,709.8,-0.40487978809401765,706.9319732124048,2.1436897014888743,15.318026787595159
2010-10-30,-2.7868297025437805,702.4,722.25,-2.315464302072748,705.7186859969859,-0.47136540047103237,-3.3186859969858915
2010-11-06,-0.09258270789151979,701.75,702.4,1.6928758585093637,714.3919782929839,-1.7854585664008835,-12.641978292983936
2010-11-13,2.5868422310682426,720.14,701.75,2.9860945165485195,723.0209226565502,-0.3992522854802769,-2.880922656550183
2010-11-20,1.0979029376527727,728.09,720.14,0.7028818763476846,725.2195643000885,0.3950210613050881,2.8704356999115817
2010-11-27,0.9296161219533694,734.89,728.09,-0.5076065593065701,724.4035316953995,1.4372226812599393,10.486468304600521
2010-12-04,-0.23295902420805703,733.18,734.89,0.20480208289282972,736.3966122870338,-0.4377611071008868,-3.216612287033854
2010-12-11,5.51104358430381,774.72,733.18,5.990410250282164,778.4426649133424,-0.479366665978354,-3.722664913342328
2010-12-18,3.701052696230711,803.93,774.72,1.715460977834876,788.1246664725521,1.9855917183958351,15.805333527447829
2010-12-25,0.9988139449677469,812.0,803.93,1.0239884234312524,812.2044424977101,-0.025174478463505512,-0.2044424977101471
2011-01-01,-1.9775534067145273,796.1,812.0,-1.2733623756234804,801.7258499156777,-0.7041910310910469,-5.625849915677691
2011-01-08,4.105008055288373,829.46,796.1,1.0578365996440968,804.5661371706794,3.0471714556442757,24.893862829320597
2011-01-15,0.7590533910433628,835.78,829.46,-0.6686846896153507,823.9320309130646,1.4277380806587134,11.847969086935336
2011-01-22,-0.3091711171032685,833.2,835.78,0.5446216692001185,840.3442566704724,-0.853792786303387,-7.144256670472373
2011-01-29,-0.052822397924412456,832.76,833.2,-1.7211624816150604,818.9819827858955,1.668340083690648,13.778017214104466
2011-02-05,-1.685678083515274,818.84,832.76,-0.933288591068858,825.0241012108522,-0.7523894924464161,-6.184101210852191
2011-02-12,2.6024961048298323,840.43,818.84,2.8077804750999604,842.1570435017458,-0.20528437027012814,-1.7270435017458112
2011-02-19,-0.4005966609089917,837.07,840.43,0.024451557286944592,840.6355233487124,-0.4250482181959363,-3.565523348712304
2011-02-26,1.281962314154672,847.87,837.07,1.6950289092013922,851.3795110582829,-0.41306659504672005,-3.5095110582828966
2011-03-05,3.8114616506014443,880.81,847.87,2.2450539297731846,867.1204213713545,1.5664077208282596,13.68957862864545
2011-03-12,5.220056993102062,928.01,880.81,5.198297489335129,927.8080915970223,0.021759503766933364,0.201908402977665
2011-03-19,0.5244786056738171,932.89,928.01,0.8928850687531833,936.3331655813743,-0.3684064630793662,-3.4431655813742736
2011-03-26,-1.2165154069745832,921.61,932.89,-0.36257492870658437,929.5136992563491,-0.8539404782679988,-7.903699256349114
2011-10-29,-2.8833278720134636,955.8,983.76,-2.6859600478765113,957.6883045028795,-0.1973678241369523,-1.8883045028795777
2011-11-05,-2.124308673323405,935.71,955.8,-2.3095004448851117,933.9787456394228,0.18519177156170663,1.7312543605772817
2011-11-12,-1.7606069592683404,919.38,935.71,-0.3389518320157455,932.5437628534166,-1.421655127252595,-13.163762853416642
2011-11-19,-0.5256454516691988,914.56,919.38,-1.9506057948363125,901.6202944728248,1.4249603431671136,12.939705527175192
2011-11-26,-3.412176848454429,883.88,914.56,-2.3105630762154044,893.670773048915,-1.1016137722390247,-9.790773048914957
2011-12-03,-3.5081218297113637,853.41,883.88,-0.9619895224637435,875.4179343594805,-2.5461323072476203,-22.007934359480487
2011-12-10,2.7494928023942933,877.2,853.41,4.3595000976902805,891.4372871363857,-1.6100072952959872,-14.237287136385703
2011-12-17,-0.2728296622184878,874.81,877.2,0.5451394403875636,881.9950210718542,-0.8179691026060514,-7.185021071854294
2011-12-24,1.5359089560367245,888.35,874.81,1.1706981537349002,885.1115669908278,0.36521080230182434,3.2384330091722404
2011-12-31,-1.6754651443237734,873.59,888.35,-0.11449995353112241,887.3334217646731,-1.560965190792651,-13.74342176467303
2012-01-07,6.061452145588575,928.18,873.59,3.7141571832051303,906.6465926078029,2.3472949623834447,21.53340739219709
2012-01-14,2.709202016269874,953.67,928.18,1.4207181167105007,941.4609403896873,1.288483899559373,12.209059610312693
2012-01-21,2.189410485417742,974.78,953.67,1.8060685045315008,971.0504121439235,0.3833419808862413,3.7295878560764777
2012-01-28,-1.114125700408053,963.98,974.78,-2.8073539616674883,947.7950291444536,1.6932282612594354,16.184970855546453
2012-02-04,-2.070076697045753,944.23,963.98,-0.8189402862533307,956.1178166625323,-1.251136410792422,-11.88781666253226
2012-02-11,3.0415043540727993,973.39,944.23,1.3752972525606881,957.3056778686334,1.6662071015121112,16.084322131366548
2012-02-18,0.7022817094811451,980.25,973.39,1.1542251399466592,984.6902015189737,-0.4519434304655141,-4.4402015189737085
2012-02-25,3.0234545677831903,1010.34,980.25,1.366497188421379,993.7370287534688,1.6569573793618113,16.602971246531183
2012-03-03,-0.8199088879788263,1002.09,1010.34,-1.6213042923849121,994.0913898472326,0.8013954044060858,7.998610152767469
2012-03-10,3.2303945846559934,1034.99,1002.09,3.809470832548803,1041.0007679262083,-0.5790762478928095,-6.010767926208246
2012-03-17,-0.22634510833858812,1032.65,1034.99,-0.1786423043563633,1033.1427205167302,-0.04770280398222482,-0.4927205167300599
2012-03-24,0.3730986948988324,1036.51,1032.65,1.5615654774544119,1048.9020689999231,-1.1884667825555795,-12.39206899992314
2012-03-31,-0.3614787822287191,1032.77,1036.51,-1.5699314422754638,1020.364571298741,1.2084526600467447,12.405428701258984
2012-04-07,3.4946736662100797,1069.5,1032.77,1.8919376213969314,1052.495371660153,1.6027360448131482,17.00462833984693
2012-04-14,-0.889403993004656,1060.03,1069.5,0.32827376116229545,1073.0166568484178,-1.2176777541669515,-12.986656848417852
2012-04-21,-1.2062689270742055,1047.32,1060.03,-0.6835337818111047,1052.8090438048262,-0.5227351452631008,-5.489043804826224
2012-04-28,-3.133605567756792,1015.01,1047.32,-1.1667580009192693,1035.1713207670332,-1.9668475668375227,-20.161320767033203
2012-05-05,-1.3299743298269995,1001.6,1015.01,-1.63181595696766,998.5813123823676,0.30184162714066054,3.018687617632395
2012-05-12,-0.04993259203960321,1001.1,1001.6,0.10245211978515811,1002.6266862728886,-0.15238471182476132,-1.5266862728885826
2012-05-19,-4.254658535747424,959.4,1001.1,-3.329646478887366,968.3157379262682,-0.9250120568600582,-8.915737926268207
2012-05-26,-0.4900459624227693,954.71,959.4,-0.5665353369458764,953.9800275037785,0.07648937452310711,0.729972496221535
2012-06-02,-2.1674264908508434,934.24,954.71,-1.7662588802844943,937.9953959646163,-0.4011676105663491,-3.755395964616241
2012-06-09,2.1118968360651635,954.18,934.24,1.055303572610114,944.1512731245757,1.0565932634550494,10.02872687542424
2012-06-16,-5.113996422715239,906.61,954.18,-4.894605254376201,908.6012057373637,-0.2193911683390377,-1.9912057373636571
2012-06-23,-2.957457541057895,880.19,906.61,-3.1034189753753183,878.906199206233,0.14596143431742314,1.283800793767
2012-06-30,-9.216920615262136,802.69,880.19,-5.269752052263227,835.0071375141966,-3.9471685629989093,-32.31713751419659
2012-07-07,2.9824015946629423,826.99,802.69,3.172070697091402,828.5600329732229,-0.1896691024284598,-1.570032973222851
2012-07-14,3.770852987841433,858.77,826.99,3.5639895556547145,856.9953550819487,0.20686343218671865,1.7746449180513082
2012-07-21,3.1791272835918427,886.51,858.77,2.9835629987081753,884.777997199532,0.1955642848836674,1.732002800467967
2012-07-28,2.9016220370043477,912.61,886.51,1.7233041583346735,901.9196599911697,1.1783178786696742,10.690340008830276
2012-08-04,-0.4877040389986931,908.17,912.61,0.41260928669332,916.3832927361686,-0.9003133256920131,-8.213292736168682
2012-08-11,4.653453023295029,951.43,908.17,4.26473050425533,947.7387563328339,0.3887225190396988,3.691243667166077
2012-08-18,4.107127238291852,991.32,951.43,1.0504160810854333,961.4766471422982,3.056711157206419,29.843352857701802
2012-08-25,3.57005619496098,1027.35,991.32,1.2875375900635535,1004.166139612105,2.2825186048974264,23.183860387894924
2012-09-01,-4.862519018895828,978.59,1027.35,-5.112115872448042,976.1505158551277,0.24959685355221417,2.439484144872381
2012-09-08,0.927637227150413,987.71,978.59,1.539066760617667,993.7676509064513,-0.6114295334672539,-6.057650906451272
2012-09-15,-1.0564768703154037,977.33,987.71,-1.4918048766508705,973.0846560856673,0.43532800633546676,4.245343914332693
2012-09-22,-0.7054177799856731,970.46,977.33,0.6678140925685238,983.8785893345428,-1.373231872554197,-13.41858933454273
2012-09-29,-2.7199203437265673,944.42,970.46,-4.1478948577977395,931.0297552694818,1.4279745140711722,13.390244730518134
2012-10-06,-2.8798518703745835,917.61,944.42,0.31977060525940215,947.4448112012616,-3.1996224756339857,-29.834811201261573
2012-10-13,5.36248991234638,968.16,917.61,3.4444892003545906,949.7676310247666,1.9180007119917892,18.392368975233353
2012-10-20,0.4955886359787165,972.97,968.16,-0.0046647802243548475,968.11483851713,0.5002534162030714,4.855161482870017
2012-10-27,-5.025685482388997,925.28,972.97,-1.935973452127372,954.314722375758,-3.0897120302616257,-29.034722375758065
2012-11-03,-6.78641209046722,864.57,925.28,-5.730516617723921,873.7473216848169,-1.0558954727432992,-9.177321684816889
2012-11-10,3.5752781330374184,896.04,864.57,2.254456111238028,884.2827236314348,1.3208220217993905,11.757276368565158
2012-11-17,-1.747241279047973,880.52,896.04,0.18337644527941807,897.6846337748924,-1.930617724327391,-17.164633774892422
2012-11-24,1.724918355545224,895.84,880.52,3.0264281541150315,907.5756500363551,-1.3015097985698074,-11.735650036355082
2012-12-01,-0.09269342037896422,895.01,895.84,-1.8423901076537428,879.4862450322495,1.7496966872747786,15.523754967750506
2012-12-08,1.8037260105288055,911.3,895.01,0.1781115576516174,896.6055367480121,1.625614452877188,14.694463251987827
2012-12-15,-1.7769142623539125,895.25,911.3,-0.8987755348689247,903.1461558177847,-0.8781387274849878,-7.896155817784688
2012-12-22,-0.6319844438209543,889.61,895.25,-0.41426182950929646,891.5489921954751,-0.21772261431165785,-1.9389921954750662
2012-12-29,-1.4880687704162732,876.47,889.61,-0.722439986849262,883.2062610702773,-0.7656287835670111,-6.736261070277237
2013-01-05,-0.5032780819716365,872.07,876.47,0.22048398527720947,878.4046079523869,-0.723762067248846,-6.334607952386818
2013-01-12,5.498114344419847,921.36,872.07,4.085940493004559,908.4402344857516,1.4121738514152877,12.919765514248411
2013-01-19,-0.48415180495142707,916.91,921.36,-2.7943356093104237,895.9704954679755,2.3101838043589966,20.939504532024444
2013-01-26,-1.6239602649424256,902.14,916.91,-1.7944188575149893,900.6035347435228,0.17045859257256368,1.536465256477186
2013-02-02,-0.2419400769531066,899.96,902.14,-0.3531942512264332,898.9593136890722,0.11125417427332662,1.0006863109277901
2013-02-09,6.611304540183305,961.47,899.96,7.013869237960674,965.348339975879,-0.40256469777736914,-3.87833997587893
2013-02-16,3.963185790121937,1000.34,961.47,1.865591704363575,979.5754664795609,2.097594085758362,20.76453352043916
2013-02-23,1.360240990960726,1014.04,1000.34,0.24582377054322094,1002.802098478051,1.1144172204175051,11.23790152194897
2013-03-02,-4.209494354229726,972.24,1014.04,-3.7974225817405447,976.2545924211714,-0.41207177248918114,-4.014592421171415
2013-03-09,1.3627612803028377,985.58,972.24,-1.0656984553765354,961.9338670273057,2.428459735679373,23.646132972694318
2013-03-16,-3.318526887284623,953.41,985.58,-0.16452279625380606,983.9598293651511,-3.154004091030817,-30.54982936515114
2013-03-23,-0.8214809600702644,945.61,953.41,0.6585503373638104,959.7094043793767,-1.4800312974340748,-14.099404379376665
2013-03-30,-2.9186307884259577,918.41,945.61,-1.1374632428416858,934.9149751296823,-1.781167545584272,-16.504975129682293
2013-04-06,0.7193065812941768,925.04,918.41,0.04172054747502624,918.7932456205918,0.6775860338191506,6.246754379408117
2013-04-13,1.1767812839130087,935.99,925.04,1.1214619040049598,935.4723593270046,0.055319379908048916,0.5176406729954124
2013-04-20,-4.414440559319566,895.57,935.99,-2.9590492323915742,908.6993581260053,-1.4553913269279914,-13.129358126005286
2013-04-27,-5.274181866659511,849.56,895.57,-2.549973837868521,873.0219063314579,-2.72420802879099,-23.461906331457953
2013-05-04,-0.6258064371826855,844.26,849.56,-0.7662616824811717,843.0750249206766,0.1404552452984862,1.184975079323408
2013-05-11,4.016510907195592,878.86,844.26,3.7190244823638556,876.2493958285129,0.29748642483173615,2.6106041714871253
2013-05-18,0.26022594102030894,881.15,878.86,0.3640024349836364,882.0649012206535,-0.10377649396332744,-0.914901220653519
2013-05-25,1.7013834356703228,896.27,881.15,1.2010428428812592,891.7967973252684,0.5003405927890636,4.473202674731624
2013-06-01,-4.17280099100763,859.64,896.27,-2.2753360934741047,876.1071019231903,-1.8974648975335255,-16.467101923190285
2013-06-08,5.058111492547113,904.24,859.64,3.9512841367315583,894.2868082531216,1.1068273558155544,9.95319174687836
2013-06-15,1.5146150773488465,918.04,904.24,0.8022663498313632,911.5235910756603,0.7123487275174832,6.5164089243396575
2013-06-22,1.122171174431763,928.4,918.04,0.7851997636078885,925.2768224848785,0.3369714108238746,3.1231775151214833
2013-06-29,-3.570084879969926,895.84,928.4,-2.6815680453491977,903.835155764856,-0.8885168346207282,-7.995155764856008
2013-07-06,1.336140028756727,907.89,895.84,1.6752879023931904,910.9743168711504,-0.33914787363646326,-3.084316871150463
2013-07-13,3.7571831964442026,942.65,907.89,3.758043480379415,942.6581095013979,-0.0008602839352125358,-0.008109501397939312
2013-07-20,2.0101073764950073,961.79,942.65,1.2437903822861227,954.4478079444447,0.7663169942088845,7.3421920555553015
2013-07-27,-0.33013813500071265,958.62,961.79,-3.1229754320310645,932.2177057770239,2.792837297030352,26.40229422297614
2013-08-03,-6.891687226478904,894.78,958.62,-5.368464762883011,908.5138227532073,-1.5232224635958929,-13.733822753207278
2013-08-10,0.3703542674157845,898.1,894.78,2.7038617536898304,919.3036631143696,-2.333507486274046,-21.203663114369533
2013-08-17,0.06233442620411367,898.66,898.1,-0.49406247558042893,893.6737680859031,0.5563969017845426,4.986231914096834
2013-08-24,1.920984818375704,916.09,898.66,0.6817714343146738,904.8077401267744,1.23921338406103,11.282259873225598
2013-08-31,-4.587929825896442,875.01,916.09,-3.8518205295749524,881.4747947396897,-0.7361092963214895,-6.464794739689751
2013-09-07,5.329640675921077,922.91,875.01,4.011512411776171,910.8246873790474,1.3181282641449057,12.08531262095255
2013-09-14,1.67298235745168,938.48,922.91,-0.5191710345654158,918.1309350997491,2.192153392017096,20.349064900250937
2013-09-21,-3.0992785321275917,909.84,938.48,-2.396008199224147,916.2611874847964,-0.7032703329034447,-6.421187484796405
2013-09-28,-3.845076432211325,875.52,909.84,-4.024988590435144,873.946249181348,0.17991215822381879,1.5737508186520017
2013-10-05,-3.2810382244860214,847.26,875.52,-1.7208682741511245,860.5823513473478,-1.560169950334897,-13.322351347347762
2013-10-12,3.051196439627457,873.51,847.26,2.1769586159231107,865.9067289477665,0.8742378237043464,7.603271052233481
2013-10-19,1.1903547704708473,883.97,873.51,0.598270031458904,878.7516124156404,0.5920847390119433,5.218387584359675
2013-10-26,-1.3289723971026568,872.3,883.97,-0.12261990768399661,882.8867410833167,-1.2063524894186601,-10.586741083316724
2013-11-02,-8.1571446389205,803.97,872.3,-5.520579047900194,825.4491075126284,-2.6365655910203056,-21.47910751262839
2013-11-09,4.546956060985696,841.37,803.97,3.553628940057959,833.053815440607,0.9933271209277375,8.316184559393037
2013-11-16,0.4636417756181288,845.28,841.37,0.3729526147255101,844.5137701570303,0.09068916089261869,0.7662298429696648
2013-11-23,2.2656867355925314,864.65,845.28,2.253659107538201,864.5460093679566,0.012027628054330552,0.10399063204340564
2013-11-30,-3.3971345156799337,835.77,864.65,-3.227611614395808,837.1880231494611,-0.16952290128412573,-1.418023149461078
2013-12-07,3.0588540925342578,861.73,835.77,2.796107738901307,859.468807747792,0.26274635363295085,2.2611922522080476
2013-12-14,2.6961982609325474,885.28,861.73,2.725390938103952,885.5384746584635,-0.02919267717140439,-0.25847465846356954
2013-12-21,0.3585647735372177,888.46,885.28,-0.11198923766336688,884.2891366105501,0.4705540112005846,4.170863389449892
2013-12-28,-4.089421947569694,852.86,888.46,-2.0894278028634843,870.0888639089583,-1.9999941447062093,-17.22886390895826
2014-01-04,-1.282726972223447,841.99,852.86,-1.3274712932230572,841.6133415645296,0.04474432099961034,0.3766584354704037
2014-01-11,4.088707631074939,877.13,841.99,3.8232354451232604,874.8045518900528,0.2654721859516789,2.3254481099471604
2014-01-18,-0.28885750191696147,874.6,877.13,-1.1005936199767006,867.52929247977,0.8117361180597391,7.07070752023003
2014-01-25,-0.26447015512491845,872.29,874.6,-0.6064597783603946,869.3119539222845,0.3419896232354761,2.978046077715476
2014-02-01,-4.923851008441016,830.38,872.29,-4.493070797032704,833.9648285417932,-0.4307802114083117,-3.584828541793172
2014-02-08,4.728771537780219,870.59,830.38,5.070187614670343,873.5674140166789,-0.3414160768901242,-2.9774140166788357
2014-02-15,0.8703215406653975,878.2,870.59,0.9522149506682027,878.9194824908074,-0.08189341000280526,-0.7194824908073087
2014-02-22,1.432415521900765,890.87,878.2,1.8842234390607335,894.9041275831096,-0.4518079171599685,-4.03412758310958
2014-03-01,-3.304765648653163,861.91,890.87,-3.9160905812306837,856.6570020761252,0.6113249325775207,5.252997923874773
2014-03-08,2.5091250549634125,883.81,861.91,1.5661413690732595,875.514987659502,0.942983685890153,8.29501234049792
2014-03-15,0.9033424047401262,891.83,883.81,2.5423106165453238,906.5672497285939,-1.6389682118051976,-14.737249728593838
2014-03-22,-0.6062090128481579,886.44,891.83,0.920399734564732,900.0762921640435,-1.5266087474128898,-13.636292164043425
2014-03-29,-2.392917500941838,865.48,886.44,-2.4977337285026806,864.5733117749133,0.10481622756084263,0.9066882250866684
2014-04-05,-3.9824491083059854,831.69,865.48,-2.474734720554992,844.324516665042,-1.5077143877509935,-12.634516665041929
2014-04-12,4.139464010796168,866.84,831.69,4.003942542833211,865.6660413697696,0.13552146796295705,1.1739586302304588
2014-04-19,0.29489032105614044,869.4,866.84,0.3369213517495384,869.7654945860382,-0.042031030693397975,-0.3654945860382668
2014-04-26,-0.5663580878237262,864.49,869.4,1.1437047902344142,879.4004482393751,-1.7100628780581404,-14.910448239375114
2014-05-03,-1.2887931528077878,853.42,864.49,-4.21044429665744,828.8467648713226,2.921651143849652,24.57323512867731
2014-05-10,0.9144627142562811,861.26,853.42,1.5929748277484261,867.1236236312656,-0.678512113492145,-5.863623631265568
2014-05-17,-0.7224791377764106,855.06,861.26,-0.5303498066143002,856.7044002407863,-0.1921293311621104,-1.6444002407863536
2014-05-24,0.5155913296352566,859.48,855.06,1.2937810341684166,866.1944766710775,-0.77818970453316,-6.7144766710774775
2014-05-31,-3.3000049538926213,831.58,859.48,-1.685947556023336,845.111084487837,-1.6140573978692854,-13.531084487837006
2014-06-07,3.5660908044235384,861.77,831.58,0.6120658473658095,836.6854255180306,2.954024957057729,25.084574481969412
2014-06-14,-0.944371146632772,853.67,861.77,0.6108421151992669,867.050164412006,-1.555213261832039,-13.380164412006025
2014-06-21,-0.3955473856762204,850.3,853.67,1.042374890391976,862.614980851396,-1.4379222760681964,-12.314980851396058
2014-06-28,-0.5814827049103855,845.37,850.3,0.26205914846664824,852.531211209056,-0.8435418533770337,-7.161211209055978
2014-07-05,0.8211106915859467,852.34,845.37,0.2065691031320803,847.1180781001755,0.6145415884538664,5.221921899824565
2014-07-12,3.728570250860219,884.72,852.34,2.276446191139058,871.9655970181844,1.4521240597211613,12.754402981815588
2014-07-19,-2.152487993545016,865.88,884.72,-1.454970379368777,871.9407784432852,-0.6975176141762389,-6.060778443285244
2014-07-26,-1.1546050604517966,855.94,865.88,-1.773114290928339,850.6622705397069,0.6185092304765425,5.277729460293131
2014-08-02,-4.350588204325234,819.5,855.94,-3.9523240170005605,822.7702828752699,-0.3982641873246737,-3.2702828752699133
2014-08-09,0.9146571877144183,827.03,819.5,1.4969753697032016,831.8599953826216,-0.5823181819887833,-4.829995382621632
2014-08-16,-2.877666982307936,803.57,827.03,-2.0513855269573473,810.2372571119344,-0.8262814553505886,-6.667257111934305
2014-08-23,-1.614567116106791,790.7,803.57,-0.8220933647,796.9909842281797,-0.7924737514067909,-6.2909842281796955
2014-08-30,-2.837397262219543,768.58,790.7,-3.10228462106362,766.5468227409881,0.264887358844077,2.03317725901195
2014-09-06,1.3209617043358435,778.8,768.58,2.876920396881555,791.01257119067,-1.5559586925457114,-12.212571190670019
2014-09-13,1.9769896667988007,794.35,778.8,1.7098935389117627,792.2311528471404,0.26709612788703807,2.1188471528596438
2014-09-20,-1.4966352029521346,782.55,794.35,-1.2411903049094402,784.5515393763707,-0.25544489804269443,-2.001539376370715
2014-09-27,-1.0391805836669654,774.46,782.55,-0.7288753063743776,776.866922723294,-0.31030527729258783,-2.406922723293974
2014-10-04,-1.2970148162396278,764.48,774.46,-0.855756037496441,767.8607886394773,-0.44125877874318675,-3.3807886394772595
2014-10-11,3.8617809029482864,794.58,764.48,2.970454146860344,787.5291655287477,0.8913267560879423,7.050834471252301
2014-10-18,-3.5287759135638197,767.03,794.58,-4.028462363594428,763.206814946146,0.49968645003060796,3.82318505385399
2014-10-25,-5.034476619819905,729.37,767.03,-3.340834652920264,741.8281165677255,-1.6936419668996412,-12.458116567725483
2014-11-01,-4.8298079660781035,694.98,729.37,-3.2019448375568302,706.3859075790853,-1.6278631285212732,-11.405907579085238
2014-11-08,4.507091929917628,727.02,694.98,2.639498415978293,713.5682248603686,1.8675935139393354,13.451775139631422
2014-11-15,-1.4157125810765336,716.8,727.02,-1.9157744488656865,713.224503828946,0.5000618677891528,3.575496171053942
2014-11-22,-3.084185155990493,695.03,716.8,-2.248754697815858,700.8608146008717,-0.8354304581746352,-5.83081460087169
2014-11-29,-4.254522665415017,666.08,695.03,-3.4095465101047693,671.7320628379092,-0.8449761553102477,-5.65206283790917
2014-12-06,-2.454511866390785,649.93,666.08,-0.5531773124100359,662.4055689868135,-1.9013345539807491,-12.475568986813528
2014-12-13,-4.464830654503338,621.55,649.93,-1.7881095126249376,638.4118255252732,-2.6767211418784003,-16.861825525273275
2014-12-20,-8.424938207084587,571.33,621.55,-6.495797286363964,582.4587604215881,-1.9291409207206227,-11.128760421588026
2014-12-27,-5.384554093241434,541.38,571.33,-4.888190012599212,544.0738960951188,-0.4963640806422216,-2.6938960951188164
2015-01-03,-6.346283799357977,508.09,541.38,-2.7287214936205744,526.8069803723134,-3.6175623057374025,-18.716980372313458
2015-01-10,0.48887371949630776,510.58,508.09,1.442458481004162,515.4721011701301,-0.9535847615078543,-4.892101170130161
2015-01-17,-12.381395493692082,451.12,510.58,-7.769465490101471,472.4125637450389,-4.6119300035906114,-21.292563745038876
2015-01-24,-3.0519540247336607,437.56,451.12,-3.4941698476051215,435.6293124945562,0.4422158228714608,1.9306875054438137
2015-01-31,-9.425944762149374,398.2,437.56,-3.278256189114128,423.448235907943,-6.147688573035246,-25.248235907943013
2015-02-07,13.382642694794189,455.22,398.2,9.987505347704186,440.02407666443537,3.395137347090003,15.195923335564657
2015-02-14,11.158860942279603,508.96,455.22,7.129377087118863,488.85923715124585,4.0294838551607395,20.10076284875413
2015-02-21,2.8052982560649475,523.44,508.96,5.427431724490487,537.3468263980128,-2.622133468425539,-13.906826398012754
2015-02-28,-1.0427863469034904,518.01,523.44,-0.2599652928951608,522.0810048940363,-0.7828210540083296,-4.071004894036264
2015-03-07,7.2786109487375406,557.12,518.01,2.8211366545882157,532.8318594152922,4.457474294149325,24.288140584707776
2015-03-14,1.9780806152828845,568.25,557.12,2.083999021779704,568.852200209052,-0.10591840649681972,-0.6022002090519436
2015-03-21,-2.035535371244279,556.8,568.25,-3.443983317384205,549.0127303866506,1.4084479461399257,7.787269613349395
2015-03-28,-3.4105942359894392,538.13,556.8,-2.9702210671269276,540.5050057394404,-0.44037316886251165,-2.3750057394404394
2015-04-04,-3.375225906926449,520.27,538.13,-2.6575361749843776,524.0173554762715,-0.7176897319420714,-3.7473554762715366
2015-04-11,4.301920599890519,543.14,520.27,6.349992217295759,554.3785905322814,-2.04807161740524,-11.238590532281364
2015-04-18,0.38222693453544565,545.22,543.14,-1.0879171647910584,537.2631125088507,1.470144099326504,7.9568874911493594
2015-04-25,2.614007355088077,559.66,545.22,0.34209365294153254,547.0883569577666,2.2719137021465445,12.571643042233404
2015-05-02,-0.9785780192678395,554.21,559.66,-2.7894652849018486,544.2642070275552,1.8108872656340091,9.945792972444792
2015-05-09,7.034523427048445,594.6,554.21,7.477833434262372,597.2417725976165,-0.44331000721392755,-2.641772597616523
2015-05-16,3.548791466699708,616.08,594.6,3.7055977241548073,617.0468098019619,-0.15680625745509946,-0.9668098019618583
2015-05-23,1.418280607104716,624.88,616.08,0.7307779213880583,620.5986672198586,0.6875026857166577,4.281332780141383
2015-05-30,-1.8004539282309828,613.73,624.88,-2.6585009275616764,608.4864364420653,0.8580469993306936,5.243563557934749
2015-06-06,-2.6700394845615705,597.56,613.73,1.0318225258209917,620.0953876650537,-3.701862010382562,-22.535387665053804
2015-06-13,5.4435317380979065,630.99,597.56,4.023928982428253,622.0957295951632,1.4196027556696533,8.894270404836789
2015-06-20,1.2144846012447807,638.7,630.99,0.13787582639074983,631.8605827005764,1.076608774854031,6.839417299423644
2015-06-27,-1.8025906927793933,627.29,638.7,-2.0836823880532456,625.5292157732003,0.28109169527385225,1.7607842267996148
2015-07-04,-5.345277322271169,594.64,627.29,-5.229050636464908,595.3315321590857,-0.11622668580626083,-0.691532159085682
2015-07-11,1.2965496068646054,602.4,594.64,3.090322459708518,613.3031844962617,-1.7937728528439125,-10.903184496261701
2015-07-18,-1.6132081163705791,592.76,602.4,-1.3466247458719034,594.3423077345353,-0.26658337049867575,-1.582307734535334
2015-07-25,0.5652393758613705,596.12,592.76,-0.26268420398487446,591.204956433555,0.827923579846245,4.915043566444979
2015-08-01,-5.455475127864062,564.47,596.12,-4.621467798440738,569.1974072318786,-0.8340073294233239,-4.727407231878601
2015-08-08,2.4655019961805635,578.56,564.47,0.27328969262418257,566.0147481852979,2.192212303556381,12.545251814702056
2015-08-15,-2.795558724812075,562.61,578.56,-0.4321004252603857,576.0654331778899,-2.3634582995516893,-13.455433177889859
2015-08-22,-0.35433563599607254,560.62,562.61,-1.462781577508958,554.4401438192007,1.1084459415128856,6.179856180799334
2015-08-29,-8.479874660517694,515.04,560.62,-6.238843599886593,526.712510151822,-2.2410310606311015,-11.672510151822053
2015-09-05,-1.5911094509830193,506.91,515.04,-3.48096274699955,497.4200996990487,1.8898532960165308,9.48990030095132
2015-09-12,6.508580580581302,541.0,506.91,4.4121598978533125,529.7764218716907,2.09642068272799,11.223578128309327
2015-09-19,-1.8431294435576895,531.12,541.0,-0.11527066293681648,540.37674499761,-1.727858780620873,-9.256744997609985
2015-09-26,-1.6496980838759612,522.43,531.12,-0.7537120625538337,527.1319326452771,-0.8959860213221275,-4.701932645277111
2015-10-03,-2.30220144826232,510.54,522.43,-2.06580152793941,511.7483438524341,-0.2363999203229099,-1.2083438524340977
2015-10-10,6.04794362725114,542.37,510.54,4.970783850446598,536.5591607148486,1.0771597768045416,5.81083928515136
2015-10-17,-3.491486122919696,523.76,542.37,-1.8177514239669568,532.6001266216872,-1.673734698952739,-8.840126621687205
2015-10-24,-2.6015179939022914,510.31,523.76,-1.7374962004211327,514.7382927727524,-0.8640217934811587,-4.4282927727524
2015-10-31,-7.973575185643611,471.2,510.31,-7.519696464175827,473.34353738575334,-0.45387872146778374,-2.1435373857533477
2015-11-07,3.671169121322837,488.82,471.2,3.0365074491603905,485.72747074354635,0.6346616721624465,3.092529256453645
2015-11-14,-2.8195426181736316,475.23,488.82,0.762264221467751,492.56033748367196,-3.5818068396413825,-17.33033748367194
2015-11-21,-2.120250825697134,465.26,475.23,-0.14981084152370558,474.5185869578132,-1.9704399841734286,-9.258586957813236
2015-11-28,-3.990357531820621,447.06,465.26,-3.264431787081419,450.31713150915397,-0.725925744739202,-3.2571315091539645
2015-12-05,-1.2469494662445513,441.52,447.06,-0.2743009969958624,445.8353902889944,-0.9726484692486889,-4.315390288994422
2015-12-12,1.4525269430074594,447.98,441.52,3.4021276235701094,456.79951443334494,-1.94960068056265,-8.81951443334492
2015-12-19,-1.8655912374556216,439.7,447.98,-1.4144768504949035,441.688030734359,-0.45111438696071815,-1.9880307343590289
2015-12-26,-0.5358886320900424,437.35,439.7,-0.20195837046156118,438.81288514795443,-0.3339302616284813,-1.4628851479544096
2016-01-02,-6.199460062300144,411.06,437.35,-3.592626054380246,421.91654310423417,-2.6068340079198977,-10.856543104234163
2016-01-09,7.6116435452300735,443.57,411.06,5.399201389785161,433.86403566552434,2.2124421554449123,9.705964334475652
2016-01-16,-3.5849258367544046,427.95,443.57,-4.111664484184151,425.7017483616702,0.5267386474297462,2.248251638329805
2016-01-23,-6.504493902104969,401.0,427.95,-3.206479413413778,414.4455372910586,-3.2980144886911904,-13.4455372910586
2016-01-30,-3.1796965910139363,388.45,401.0,-5.428203819630501,379.813137787265,2.248507228616565,8.636862212734968
2016-02-06,0.7080038809708533,391.21,388.45,3.1798143183783387,401.00047208700914,-2.4718104374074854,-9.790472087009164
2016-02-13,-3.0442605681462176,379.48,391.21,-2.836771820584653,380.26819572519037,-0.20748874756156477,-0.7881957251903486
2016-02-20,-5.581382375277855,358.88,379.48,-4.554713963858877,362.5834863266386,-1.026668411418978,-3.703486326638597
2016-02-27,6.872162055402509,384.41,358.88,0.6335489125549454,361.16089801034883,6.238613142847563,23.249101989651194
2016-03-05,-4.373545471696616,367.96,384.41,0.17015212519214817,385.0646385672273,-4.543697596888764,-17.104638567227312
2016-03-12,10.010157630422167,406.7,367.96,10.503814322471587,408.71266550821457,-0.4936566920494201,-2.0126655082145817
2016-03-19,4.624615557567147,425.95,406.7,1.359670376716446,412.2675437712388,3.2649451808507006,13.682456228761168
2016-03-26,1.3547909821537196,431.76,425.95,1.0846121035862577,430.59505010682045,0.2701788785674619,1.1649498931795392
2016-04-02,-7.15172971296294,401.96,431.76,-4.403938377674824,413.15816862906235,-2.747791335288116,-11.198168629062366
2016-04-09,5.182305751126659,423.34,401.96,3.2129442772737913,415.08446263890016,1.9693614738528677,8.255537361099812
2016-04-16,-1.6073113993863686,416.59,423.34,-2.1007903115391935,414.5392802961224,0.4934789121528249,2.0507197038775757
2016-04-23,0.16788990368494794,417.29,416.59,1.1205246235928625,421.28424449577784,-0.9526347199079146,-3.9942444957778207
2016-04-30,0.29432547778363016,418.52,417.29,1.2337545972807724,422.47022447898246,-0.9394291194971423,-3.950224478982477
2016-05-07,3.8851211213787984,435.1,418.52,1.0376251319393661,422.8852771424079,2.847495989439432,12.214722857592108
2016-05-14,1.7677803283381976,442.86,435.1,2.390652707057045,445.6270613005321,-0.6228723787188475,-2.7670613005320774
2016-05-21,2.8010291632810436,455.44,442.86,-0.5021764959940201,440.6416358833486,3.3032056592750636,14.798364116651385
2016-05-28,3.734502765926262,472.77,455.44,4.411282887585961,475.98046502160605,-0.6767801216596991,-3.210465021606069
2016-06-04,-5.1029486638420885,449.25,472.77,-3.5441796955654823,456.30763278242557,-1.5587689682766062,-7.057632782425571
2016-06-11,10.225720787963244,497.62,449.25,6.355638944644142,478.7295935319728,3.8700818433191015,18.89040646802721
2016-06-18,-3.4489349074411813,480.75,497.62,-3.5154055864113816,480.43054839343864,0.06647067897020031,0.3194516065613584
2016-06-25,0.02079866896016469,480.85,480.75,-1.0149885114650836,475.8951226340054,1.0357871804252483,4.954877365994605
2016-07-02,-6.238217039165317,451.77,480.85,-6.034035963637443,452.69337119874075,-0.2041810755278739,-0.9233711987407673
2016-07-09,6.040454809736229,479.9,451.77,2.774398782932436,464.4793907511999,3.266056026803793,15.420609248800076
2016-07-16,-5.029577713603128,456.36,479.9,-7.0995851156621255,447.0104166043914,2.070007402058997,9.34958339560859
2016-07-23,-7.321838231725053,424.14,456.36,-2.744779457019563,444.0042689587546,-4.57705877470549,-19.86426895875462
2016-07-30,-6.067619809813518,399.17,424.14,-4.3969846977546885,405.89469028980903,-1.6706351120588296,-6.724690289809018
2016-08-06,-4.111744279207485,383.09,399.17,-2.4665699741764433,389.4446272647214,-1.6451743050310421,-6.354627264721444
2016-08-13,4.516765083888785,400.79,383.09,4.4690796431992075,400.59892708286225,0.047685440689577696,0.19107291713777386
2016-08-20,-0.6633897133808908,398.14,400.79,1.6547029260068362,407.4770567409447,-2.318092639387727,-9.337056740944718
2016-08-27,10.793919433569688,443.52,398.14,6.509980064913026,424.9210992537844,4.283939368656662,18.598900746215577
2016-09-03,-2.559997307123929,432.31,443.52,-3.316879530632696,429.0502741639072,0.7568822235087671,3.259725836092798
2016-09-10,6.347390337362135,460.64,432.31,7.922991928635727,467.95533006196774,-1.5756015912735917,-7.315330061967757
2016-09-17,0.17352077926640064,461.44,460.64,-2.721157551533611,448.27426840239445,2.8946783308000117,13.165731597605543
2016-09-24,-3.0228669409609665,447.7,461.44,-0.9828054529118428,456.92715508586144,-2.0400614880491235,-9.227155085861455
2016-10-01,-1.362829467598381,441.64,447.7,-4.10744838393627,429.6834958092132,2.744618916337889,11.956504190786802
2016-10-08,6.923436634126556,473.3,441.64,4.443379303557053,461.7062487332837,2.4800573305695037,11.59375126671631
2016-10-15,2.5532236714759016,485.54,473.3,3.5032858919555143,490.17491452832604,-0.9500622204796128,-4.634914528326021
2016-10-22,1.1019508102346975,490.92,485.54,-0.9595922182419956,480.9030792899469,2.0615430284766934,10.016920710053114
2016-10-29,-1.3824443324200963,484.18,490.92,0.6980269002880362,494.3587413663088,-2.0804712327081325,-10.17874136630877
2016-11-05,-0.656867849466547,481.01,484.18,-2.3574389174780483,472.89924316222226,1.7005710680115014,8.110756837777728
2016-11-12,0.4749518940596609,483.3,481.01,1.3507867751402156,487.5515008668282,-0.8758348810805547,-4.251500866828167
2016-11-19,-6.2408230951558785,454.06,483.3,-4.628923499146569,461.4382969217951,-1.6118995960093097,-7.378296921795084
2016-11-26,1.3931487555180588,460.43,454.06,3.220895366369263,468.9228713745488,-1.8277466108512042,-8.49287137454877
2016-12-03,1.7417954747013908,468.52,460.43,2.549500149938502,472.31958198847923,-0.8077046752371113,-3.7995819884792468
2016-12-10,8.021344354555815,507.65,468.52,7.872690936671756,506.89592154467294,0.14865341788405928,0.7540784553270328
2016-12-17,0.8903416204019798,512.19,507.65,1.744724347883102,516.5848104084432,-0.8543827274811222,-4.394810408443163
2016-12-24,4.016342827246344,533.18,512.19,0.6452188881190679,515.505431014642,3.3711239391272763,17.67456898535795
2016-12-31,3.049540473647827,549.69,533.18,-0.48940217717548096,530.5769802848207,3.538942650823308,19.113019715179348
2017-01-07,4.950979144916001,577.59,549.69,4.478046942331604,574.864840049933,0.4729322025843974,2.7251599500669954
2017-01-14,1.7913692595939779,588.03,577.59,0.0229569369568986,577.7226121934358,1.7684123226370794,10.30738780656418
2017-01-21,-3.9651396159900543,565.17,588.03,-3.4277930339313443,568.2150957096409,-0.53734658205871,-3.0450957096409184
2017-01-28,-5.596323622318433,534.41,565.17,-1.8698950225066584,554.7001073672639,-3.7264285998117748,-20.290107367263886
2017-02-04,-4.769422855909777,509.52,534.41,0.6113732850166245,537.6872478734476,-5.380796140926401,-28.16724787344765
2017-02-11,2.9262267540809184,524.65,509.52,4.62594718822988,533.6438014700167,-1.6997204341489613,-8.993801470016706
2017-02-18,-0.1946045563976817,523.63,524.65,-2.234610723107866,513.0561361478492,2.0400061667101843,10.573863852150794
2017-02-25,6.840067508968417,560.7,523.63,-0.44464361213679265,521.3068812807523,7.28471112110521,39.393118719247695
2017-03-04,-4.819109271224686,534.32,560.7,-3.832473984878053,539.6178820722286,-0.9866352863466332,-5.297882072228504
2017-03-11,0.23366898816936654,535.57,534.32,2.4434988449570927,547.5369230990027,-2.209829856787726,-11.966923099002656
2017-03-18,-2.8119131034942235,520.72,535.57,-1.3111380270567334,528.5937719965964,-1.50077507643749,-7.873771996596361
2017-03-25,-4.471279888648283,497.95,520.72,-1.4611337531280029,513.166899149902,-3.01014613552028,-15.216899149901963
2017-04-01,-8.419833304745605,457.74,497.95,-3.0122791820124046,483.1740199703736,-5.407554122733201,-25.434019970373583
2017-04-08,10.18545736372678,506.82,457.74,3.229922235884965,472.76600387501867,6.955535127841815,34.053996124981325
2017-04-15,3.0430794626941093,522.48,506.82,3.786967867081174,526.3811602848816,-0.7438884043870648,-3.9011602848815983
2017-04-22,1.9108861698046375,532.56,522.48,2.1949162478344575,534.0747807817236,-0.28403007802981994,-1.5147807817236298
2017-04-29,-0.6555918134601768,529.08,532.56,-0.9523307122197904,527.5123409119212,0.29673889875961357,1.5676590880788126
2017-05-06,-7.477699107700531,490.96,529.08,-5.370393647095196,501.41580786828433,-2.1073054606053345,-10.455807868284353
2017-05-13,0.7123823800839979,494.47,490.96,0.07190726821619756,491.3131628837079,0.6404751118678004,3.156837116292138
2017-05-20,-0.9591425057030811,489.75,494.47,-1.4443189764381197,487.37960318822377,0.48517647073503856,2.3703968117762315
2017-05-27,2.615818983343665,502.73,489.75,3.102092040622496,505.1805940011192,-0.48627305727883074,-2.450594001119157
2017-06-03,-1.6627437638464748,494.44,502.73,-3.6131858793294023,484.88967356002314,1.9504421154829275,9.550326439976857
2017-06-10,-0.0687883167917569,494.1,494.44,2.5122029323926425,507.0186755634021,-2.5809912491843994,-12.918675563402076
2017-06-17,-2.963955838626564,479.67,494.1,-3.2444711909081247,478.3263374806298,0.28051535228156066,1.3436625193702412
2017-06-24,-1.3263294890538901,473.35,479.67,-2.3867854669806015,468.35685348149383,1.0604559779267113,4.993146518506194
2017-07-01,-3.39489042135126,457.55,473.35,-4.7108398628387524,451.568317610031,1.3159494414874926,5.9816823899690235
2017-07-08,6.7048754379309905,489.28,457.55,3.0569113472377043,471.75287654454314,3.647964090693286,17.52712345545683
2017-07-15,-3.263518577184943,473.57,489.28,1.9251051059984925,498.7904031777285,-5.188623683183435,-25.220403177728485
2017-07-22,-0.4698819126688569,471.35,473.57,1.601884036849411,481.2171277703714,-2.0717659495182676,-9.867127770371383
2017-07-29,0.45721138851453347,473.51,471.35,1.3111426744823087,477.57076342100686,-0.8539312859677752,-4.060763421006868
2017-08-05,-0.13948182657834707,472.85,473.51,0.18705204912627757,474.3965390440532,-0.32653387570462467,-1.5465390440531905
2017-08-12,7.854982139691824,511.49,472.85,3.8203251781477197,491.2639035834919,4.034656961544105,20.226096416508085
2017-08-19,-0.4408616664994369,509.24,511.49,-0.056002216510979946,511.2036344557783,-0.384859449988457,-1.9636344557782763
2017-08-26,0.9848446022602708,514.28,509.24,1.7334723289288032,518.1444899457736,-0.7486277266685324,-3.8644899457735846
2017-09-02,-2.0449565923958524,503.87,514.28,-0.5708714231024408,511.3524865645662,-1.4740851692934116,-7.482486564566216
2017-09-09,6.1386666209428675,535.77,503.87,4.671300573309039,527.9656918430676,1.4673660476338286,7.804308156932393
2017-09-16,-0.44521005858868534,533.39,535.77,-2.793131210185008,521.012301291943,2.3479211515963225,12.377698708056982
2017-09-23,2.61461267881975,547.52,533.39,-0.46932730327371697,530.8925203582857,3.083939982093467,16.62747964171433
2017-09-30,-0.9598077004704386,542.29,547.52,-3.105206966914585,530.77962753144,2.1453992664441466,11.510372468559922
2017-10-07,2.618965485252822,556.68,542.29,2.2813234174683217,554.8035837050755,0.33764206778450045,1.876416294924411
2017-10-14,-2.208589590737997,544.52,556.68,-0.47789095124193376,554.0260232609213,-1.7306986394960633,-9.506023260921324
2017-10-21,-1.9696117138131797,533.9,544.52,-0.9867824219868293,539.1731964013693,-0.9828292918263504,-5.273196401369319
2017-10-28,-3.1952937671730908,517.11,533.9,0.28087619476684494,535.4017059839078,-3.4761699619399358,-18.291705983907832
2017-11-04,1.4551994167016247,524.69,517.11,0.4678880499426429,519.535164999378,0.9873113667589818,5.154835000622029
2017-11-11,7.8944020047201136,567.79,524.69,5.762801020357244,555.8150651056957,2.131600984362869,11.974934894304283
2017-11-18,0.3182728049138994,569.6,567.79,-0.5852056543448657,564.4769643063028,0.9034784592587651,5.123035693697261
2017-11-25,0.9713902861774315,575.16,569.6,0.006525279928632971,569.6371692071577,0.9648650062487986,5.522830792842228
2017-12-02,-1.8141166642581474,564.82,575.16,-2.6706467033609043,560.0028068372064,0.8565300391027568,4.817193162793615
2017-12-09,2.788214941454825,580.79,564.82,3.2093547462858,583.2410955192283,-0.4211398048309749,-2.4510955192283745
2017-12-16,-1.0280108531757648,574.85,580.79,-2.1759160516970706,568.2889960633186,1.1479051985213058,6.561003936681459
2017-12-23,-1.3167992192458122,567.33,574.85,0.1814922520098607,575.8942555454886,-1.498291471255673,-8.56425554548855
2017-12-30,-1.282580579150494,560.1,567.33,-2.4507263410153146,553.5952818498861,1.1681457618648206,6.504718150113945
2018-01-06,1.8573099563613304,570.6,560.1,1.6161233494184388,569.2254475053708,0.24118660694289162,1.3745524946292562
2018-01-13,1.9592987652211846,581.89,570.6,1.4817017929913572,579.1175368482886,0.47759697222982744,2.7724631517113494
2018-01-20,0.6833564018494442,585.88,581.89,-0.8308451733444923,577.0754235547994,1.5142015751939364,8.80457644520061
2018-01-27,-2.457058139375512,571.66,585.88,-0.7292683206929635,581.6229044544787,-1.7277898186825484,-9.96290445447869
2018-02-03,2.5167794983611103,586.23,571.66,1.0671546207701277,577.7931630670519,1.4496248775909826,8.436836932948154
2018-02-10,0.6952558710149326,590.32,586.23,3.115057771923572,604.7788063007638,-2.4198019009086393,-14.45880630076374
2018-02-17,-1.379920408184443,582.23,590.32,-2.8456751959626443,573.7581756605241,1.4657547877782013,8.471824339475916
2018-02-24,-1.9021111142611957,571.26,582.23,-3.2723139227058198,563.4859611141196,1.370202808444624,7.774038885880373
2018-03-03,-4.614164225252981,545.5,571.26,-0.7571046619287566,566.9512951922451,-3.8570595633242246,-21.451295192245084
2018-03-10,5.1274962413838665,574.2,545.5,4.0490116682217705,568.040615289066,1.078484573162096,6.159384710934091
2018-03-17,-2.2276950277919205,561.55,574.2,-0.9703086304496108,568.655431061068,-1.2573863973423096,-7.105431061068089
2018-03-24,0.024927887312653496,561.69,561.55,0.5014991901478703,564.3732420532156,-0.47657130283521676,-2.6832420532155083
2018-03-31,-2.166838425729889,549.65,561.69,-0.017467336526750254,561.5918962857653,-2.1493710892031386,-11.941896285765324
2018-04-07,5.861383660621833,582.83,549.65,4.238753359488525,573.4491379958989,1.6226303011333076,9.380862004101118
2018-04-14,0.6174812438973554,586.44,582.83,-0.3486038815462969,580.8017692966631,0.9660851254436522,5.638230703336944
2018-04-21,0.5492697316882733,589.67,586.44,1.873829288697744,597.5324870486018,-1.3245595570094706,-7.862487048601793
2018-04-28,0.8107193897020082,594.47,589.67,-0.1369323665840408,588.8631034912872,0.9476517562860489,5.6068965087127935
2018-05-05,-1.4162767012313004,586.11,594.47,1.0568801346509322,600.7861536304331,-2.4731568358822327,-14.676153630433078
2018-05-12,6.502785729728355,625.49,586.11,4.215313696743682,611.3444952147333,2.287472032984673,14.145504785266667
2018-05-19,0.8532773804812877,630.85,625.49,0.8040802775523448,630.5397164077001,0.04919710292894286,0.31028359229992475
2018-05-26,4.222799620476447,658.06,630.85,2.1709167014784736,644.6949656037496,2.0518829189979737,13.365034396250394
2018-06-02,-3.988470280679124,632.33,658.06,-4.4733958004963865,629.2710931647258,0.4849255198172626,3.058906835274229
2018-06-09,2.2115383651206244,646.47,632.33,2.872027650229599,650.75399717865,-0.6604892851089748,-4.283997178649997
2018-06-16,-2.6457979546255395,629.59,646.47,-2.639261619727192,629.6311534558355,-0.0065363348983473735,-0.04115345583545604
2018-06-23,-0.1223766651721192,628.82,629.59,-0.04431337745148298,629.3110692132938,-0.07806328772063623,-0.4910692132937129
2018-06-30,-5.491396212007338,595.22,628.82,-3.6018291818704458,606.5740139046867,-1.889567030136892,-11.354013904686667
2018-07-07,6.385891960788825,634.47,595.22,4.146963253740516,620.4225124537197,2.2389287070483093,14.047487546280308
2018-07-14,1.633627338277055,644.92,634.47,1.8033070071873185,646.0152270467752,-0.16967966891026354,-1.0952270467752214
2018-07-21,0.6368069991270708,649.04,644.92,-1.0610743082816008,638.1130965871246,1.6978813074086716,10.92690341287539
2018-07-28,-2.0515934764087973,635.86,649.04,-1.8369732302734016,637.2261497897022,-0.21462024613539565,-1.366149789702149
2018-08-04,-1.10856588295567,628.85,635.86,-0.8263607549201241,630.6271533772002,-0.28220512803554587,-1.777153377200193
2018-08-11,3.889344448266474,653.79,628.85,3.918829656386094,653.9827997644743,-0.029485208119619966,-0.19279976447433
2018-08-18,0.389274838392506,656.34,653.79,-0.9434551120480571,647.6507907028213,1.3327299504405632,8.689209297178763
2018-08-25,0.06092545958704676,656.74,656.34,0.6178791167069758,660.4079423357133,-0.5569536571199291,-3.667942335713292
2018-09-01,-3.399396642051933,634.79,656.74,-3.7838303608017796,632.3543379495519,0.3844337187498468,2.435662050448059
2018-09-08,5.911951850971864,673.45,634.79,5.5232931385798,670.8376577377026,0.38865871239206395,2.6123422622974886
2018-09-15,2.3552943188532183,689.5,673.45,-0.22561006389687502,671.9323416633968,2.5809043827500933,17.567658336603245
2018-09-22,-0.4243945675677985,686.58,689.5,1.2224383227808002,697.9804407078063,-1.6468328903485987,-11.400440707806297
2018-09-29,-1.7084137502842545,674.95,686.58,-3.5107067594137713,662.8943883871176,1.8022930091295168,12.055611612882444
2018-10-06,0.986304518435599,681.64,674.95,2.8992409896391194,694.804856380128,-1.9129364712035204,-13.164856380127958
2018-10-13,4.959741438121323,716.3,681.64,3.061396780120957,702.8304113252138,1.8983446580003664,13.46958867478611
2018-10-20,-0.3636367643383487,713.7,716.3,-1.4820909359548953,705.7620664007123,1.1184541716165466,7.937933599287703
2018-10-27,-3.2554457501302814,690.84,713.7,-5.53398755758987,675.2769009619338,2.2785418074595887,15.563099038066184
2019-12-21,0.6051089503237961,621.6,617.85,-0.5614155416093312,614.3910128072466,1.1665244919331272,7.208987192753398
2019-12-28,-1.736351939771641,610.9,621.6,-0.23894006325183226,620.1165215847524,-1.4974118765198088,-9.2165215847524
2020-01-04,-0.9374297741520543,605.2,610.9,-0.26257542594292044,609.2980308320072,-0.6748543482091338,-4.098030832007112
2020-01-11,4.103347248768241,630.55,605.2,1.5801969088548995,614.8393111619439,2.5231503399133413,15.710688838056058
2020-01-18,-2.7558900278810583,613.41,630.55,-3.046913995601999,611.6274249979781,0.29102396772094075,1.782575002021872
2020-01-25,-2.2253910158051227,599.91,613.41,-2.281753246927356,599.571972608113,0.056362231122233375,0.3380273918869534
2020-02-01,-7.231316048259107,558.06,599.91,-5.1919590942660285,569.5576762623452,-2.039356953993078,-11.497676262345294
2020-02-08,1.6791886863251726,567.51,558.06,1.8983302105267552,568.7550137367922,-0.21914152420158262,-1.2450137367922025
2020-02-15,-3.5494162881649416,547.72,567.51,-1.4334432265616903,559.4330935793016,-2.1159730616032513,-11.713093579301585
2020-02-22,-0.6263642023878191,544.3,547.72,2.7769181370717493,563.1428853999013,-3.4032823394595684,-18.84288539990132
2020-02-29,-2.7964079632070593,529.29,544.3,-2.170174554195057,532.6149910466568,-0.6262334090120025,-3.3249910466568053
2020-03-07,0.24531091291892793,530.59,529.29,-1.6478197223828985,520.6397212252516,1.8931306353018265,9.950278774748426
2020-03-14,-12.413337374477784,468.65,530.59,-8.943088390478636,485.19880348012464,-3.4702489839991486,-16.54880348012466
2020-03-21,-12.370043429458288,414.12,468.65,-18.282250096023073,390.34607609113135,5.912206666564785,23.773923908868653
2020-03-28,-17.200119075453735,348.68,414.12,-24.83307840690505,323.05578032872836,7.632959331451314,25.624219671271646
2020-04-04,-15.84378958995405,297.59,348.68,-17.921657780118913,291.4702721747611,2.077868190164864,6.119727825238897
2020-04-11,4.182287121049999,310.3,297.59,-3.7065032878081947,286.76173157138663,7.888790408858194,23.538268428613378
2020-04-18,-3.806636838623234,298.71,310.3,-5.568627605298073,293.49285516206186,1.7619907666748391,5.217144837938122
2020-04-25,-8.474054524541241,274.44,298.71,-7.811680959828254,276.2638516984717,-0.6623735647129871,-1.8238516984716853
2020-05-02,-10.530383618428196,247.01,274.44,-7.350721311954148,254.99028456898657,-3.1796623064740483,-7.980284568986576
2020-05-09,8.891906054227317,269.98,247.01,11.547237724246795,277.24489106439535,-2.6553316700194785,-7.264891064395329
2020-05-16,11.637453251385477,303.3,269.98,11.399351540831544,302.5786965705623,0.23810171055393248,0.7213034294377394
2020-05-23,9.483049159245827,333.47,303.3,13.175964954446929,346.01497838092166,-3.6929157952011025,-12.544978380921634
2020-05-30,6.146568774510097,354.61,333.47,7.334670763909702,358.848256011184,-1.1881019893996045,-4.238256011183978
2020-06-06,8.520730098317753,386.15,354.61,6.394435729633361,378.02599055143094,2.126294368684391,8.12400944856904
2020-06-13,9.105171691192204,422.96,386.15,8.394517818583294,419.96487347692846,0.7106538726089102,2.9951265230715194
2020-06-20,-0.25329953769288593,421.89,422.96,4.353708102587427,441.78118058988144,-4.607007640280313,-19.891180589881458
2020-06-27,-0.7972151737742017,418.54,421.89,2.0110674080343287,430.4603815145324,-2.8082825818085304,-11.92038151453238
2020-07-04,-3.0123782379501307,406.12,418.54,-1.876680867241274,410.75858444544156,-1.1356973707088567,-4.638584445441552
2020-07-11,3.3891702321552586,420.12,406.12,3.1472476801972977,419.1048633920115,0.24192255195796086,1.0151366079884951
2020-07-18,-0.5178576609409902,417.95,420.12,0.4006157592341111,421.8064427498896,-0.9184734201751013,-3.8564427498895952
2020-07-25,1.286107278142623,423.36,417.95,-0.4972714829490765,415.8768127935248,1.7833787610916996,7.483187206475236
2020-08-01,-7.298934692902659,393.56,423.36,-2.413846944854759,413.26308980886523,-4.8850877480479,-19.70308980886523
2020-08-08,6.894205202308612,421.65,393.56,5.518362848562275,415.88848627327957,1.3758423537463367,5.761513726720409
2020-08-15,1.5858409610096658,428.39,421.65,3.525868676001332,436.78202532911246,-1.940027714991666,-8.392025329112471
2020-08-22,-0.8439066469741796,424.79,428.39,1.0425026973401215,432.8793373779616,-1.886409344314301,-8.089337377961556
2020-08-29,-4.2118573001338255,407.27,424.79,-0.31551400685286446,423.4518402011941,-3.896343293280961,-16.18184020119412
2020-09-05,-0.7640774627468261,404.17,407.27,2.6022022530645916,418.00708355722236,-3.3662797158114177,-13.837083557222343
2020-09-12,2.061878226252656,412.59,404.17,2.755766706186451,415.46287021014155,-0.6938884799337952,-2.8728702101415706
2020-09-19,-3.4470868523399645,398.61,412.59,-2.6687826386951303,401.72450285756867,-0.7783042136448342,-3.1145028575686524
2020-09-26,-2.2401017877448304,389.78,398.61,0.2781795367522649,399.7203951814788,-2.5182813244970954,-9.940395181478834
2020-10-03,-3.830984483180533,375.13,389.78,-0.6662690347573959,387.19164882257206,-3.164715448423137,-12.061648822572067
2020-10-10,6.930382643208599,402.05,375.13,6.554326294093432,400.5409047510793,0.37605634911516717,1.509095248920687
2020-10-17,0.39964804778147567,403.66,402.05,-1.653916515326499,395.4551159204953,2.0535645631079746,8.204884079504723
2020-10-24,-2.085208032116359,395.33,403.66,-2.98917393635618,391.7724553117665,0.9039659042398207,3.557544688233463
2020-10-31,-7.971392253166254,365.04,395.33,-7.963935285438095,365.06722192994766,-0.007456967728159292,-0.027221929947643275
2020-11-07,6.562685045431316,389.8,365.04,1.3967670283485354,370.1745336197172,5.16591801708278,19.62546638028283
2020-11-14,0.08205970303540866,390.12,389.8,1.19717019499996,394.49461461371476,-1.1151104919645514,-4.374614613714755
2020-11-21,2.954984304619934,401.82,390.12,1.600898802426521,396.4156857284161,1.3540855021934133,5.404314271583871
2020-11-28,0.3478091551551543,403.22,401.82,-3.096082814057666,389.56993465324365,3.4438919692128205,13.650065346756378
2020-12-05,1.5039357981780022,409.33,403.22,1.7302866651177395,410.2575713905543,-0.22635086693973738,-0.9275713905543057
2020-12-12,8.346271380230963,444.96,409.33,5.989370948744275,434.59535777903363,2.3569004314866877,10.364642220966346
2020-12-19,6.442474039294321,474.57,444.96,-0.4496847613014391,442.9635748601732,6.892158800595761,31.606425139826797
2020-12-26,0.9917575286987557,479.3,474.57,-1.6120516062678591,466.98102017335896,2.603809134966615,12.318979826641055
2021-01-02,-5.306278812573151,454.53,479.3,-4.270053844942605,459.2644407099425,-1.0362249676305462,-4.7344407099425325
2021-01-09,7.675241969120616,490.79,454.53,7.612401145794555,490.4816804086291,0.06284082332606111,0.308319591370946
2021-01-16,0.9005963387535232,495.23,490.79,1.4952831405796392,498.18384179706885,-0.594686801826116,-2.953841797068833
2021-01-23,1.1184518667293197,500.8,495.23,1.7753302575874261,504.10047516785016,-0.6568783908581064,-3.300475167850152
2021-01-30,-6.784536718262313,467.95,500.8,-5.561605077720273,473.7078441006582,-1.2229316405420398,-5.75784410065819
2021-02-06,3.1800118084558626,483.07,467.95,5.781189496529589,495.80036092640364,-2.6011776880737267,-12.730360926403648
2021-02-13,5.76746538535744,511.75,483.07,5.7507116080977045,511.6642697266029,0.01675377725973526,0.08573027339707551
2021-02-20,3.9953224478917804,532.61,511.75,5.554359814975959,540.9786546410759,-1.559037367084179,-8.368654641075864
2021-02-27,-1.20320665795699,526.24,532.61,0.2547058646338756,533.9683180291253,-1.4579125225908656,-7.728318029125262
2021-03-06,4.594112841273912,550.98,526.24,1.2484842502960811,532.8512075869305,3.3456285909778307,18.128792413069505
2021-03-13,6.730475582920548,589.34,550.98,7.2400677984393305,592.3508958928003,-0.5095922155187829,-3.0108958928002494
2021-03-20,2.2084398682118866,602.5,589.34,3.261883067925476,608.8805439753457,-1.0534431997135894,-6.380543975345745
2021-03-27,-1.3030588652261699,594.7,602.5,-2.0886802715474473,590.0462140020961,0.7856214063212774,4.653785997903924
2021-04-03,-6.817046599471421,555.51,594.7,-7.162223839891394,553.5958114838777,0.34517724041997244,1.9141885161222945
2021-04-10,4.108766101533323,578.81,555.51,5.023859527456442,584.1309610095735,-0.9150934259231187,-5.32096100957358
2021-04-17,-0.10544421509210977,578.2,578.81,0.7186159227279363,582.984401816272,-0.8240601378200461,-4.784401816271952
2021-04-24,0.11753726246839236,578.88,578.2,2.190666788643268,591.0061937494403,-2.0731295261748754,-12.12619374944029
2021-05-01,-2.721184870841853,563.34,578.88,-3.6098340050693447,558.3560616281509,0.8886491342274918,4.983938371849149
2021-05-08,5.26760493764451,593.81,563.34,2.964881504243081,580.2924313963008,2.302723433401429,13.517568603699146
2021-05-15,5.2151786356144925,625.6,593.81,2.7626812690654523,610.4437889780055,2.45249736654904,15.156211021994523
2021-05-22,-0.42609832677751314,622.94,625.6,-0.6611230513891037,621.4776560885044,0.23502472461159052,1.4623439114956227
2021-05-29,-2.7537217138278614,606.02,622.94,-3.007181438236425,604.4859283263205,0.2534597244085637,1.5340716736794775
2021-06-05,-0.6406405118559277,602.15,606.02,0.22221327375525277,607.3681542156693,-0.8628537856111805,-5.218154215669301
2021-06-12,7.588099284437355,649.62,602.15,4.920852500284285,632.5220671130303,2.66724678415307,17.097932886969716
2021-06-19,-0.8580160701279205,644.07,649.62,-0.2223533242594242,648.1771530385023,-0.6356627458684962,-4.107153038502247
2021-06-26,2.062213896120113,657.49,644.07,1.0466414980733711,650.8465048914155,1.015572398046742,6.643495108584489
2021-07-03,-2.2922670030379066,642.59,657.49,-2.6906401087264498,640.0351864838948,0.3983731056885431,2.5548135161052414
2021-07-10,7.1851157354061,690.46,642.59,6.187779153787497,683.6080153095204,0.9973365816186028,6.8519846904796395
2021-07-17,0.6726450396485006,695.12,690.46,1.109700715623827,698.1647101074002,-0.43705567597532635,-3.044710107400192
2021-07-24,-0.829184960297713,689.38,695.12,-0.9967849242035438,688.2255670536574,0.16759996390583076,1.154432946342581
2021-07-31,-5.871259352899916,650.07,689.38,-4.19188279640085,661.0793083066329,-1.679376556499066,-11.009308306632875
2021-08-07,5.907517248453775,689.63,650.07,3.3655572767185404,672.3208098163313,2.541959971735235,17.309190183668647
2021-08-14,0.4095252776855851,692.46,689.63,1.8831314751195805,702.7396885181305,-1.4736061974339953,-10.279688518130456
2021-08-21,-2.4412491241126766,675.76,692.46,-2.382201765163687,676.1591362609475,-0.059047358948989714,-0.3991362609475573
2021-08-28,-1.0891344084059895,668.44,675.76,-3.482219841214346,652.6335450554396,2.3930854328083564,15.806454944560414
2021-09-04,-4.92922050772302,636.29,668.44,-1.7060847011965807,657.1325787869795,-3.2231358065264395,-20.842578786979516
2021-09-11,7.315107727174919,684.58,636.29,6.804752155376789,681.0951080607124,0.5103555717981294,3.4848919392876496
2021-09-18,0.7857100134270212,689.98,684.58,-0.9080450278634765,678.3918434920895,1.6937550412904976,11.588156507910526
2021-09-25,-0.5187494831773165,686.41,689.98,1.3968907482903088,699.6858993643802,-1.9156402314676253,-13.27589936438028
2021-10-02,-0.3400246984497812,684.08,686.41,-2.204844069450321,671.4413538682198,1.8648193710005398,12.638646131780206
2021-10-09,8.46379822763641,744.5,684.08,8.229658162877943,742.7588663590212,0.23414006475846705,1.7411336409787737
2021-10-16,5.288168970776486,784.93,744.5,3.2990086865286763,769.4707485601554,1.9891602842478093,15.459251439844593
2021-10-23,2.9054146600153707,808.07,784.93,2.9481527059598465,808.4154271370102,-0.04273804594447572,-0.3454271370101196
2021-10-30,-0.6617812718399563,802.74,808.07,-2.139666724170105,790.9636570922211,1.4778854523301486,11.77634290777894
