기간,경유(0.001%)
08년01월01일,
08년01월02일,
08년01월03일,
08년01월04일,
08년01월05일,
08년01월06일,
08년01월07일,
08년01월08일,
08년01월09일,
08년01월10일,
08년01월11일,
08년01월12일,
08년01월13일,
08년01월14일,
08년01월15일,
08년01월16일,
08년01월17일,
08년01월18일,
08년01월19일,
08년01월20일,
08년01월21일,
08년01월22일,
08년01월23일,
08년01월24일,
08년01월25일,
08년01월26일,
08년01월27일,
08년01월28일,
08년01월29일,
08년01월30일,
08년01월31일,
08년02월01일,
08년02월02일,
08년02월03일,
08년02월04일,
08년02월05일,
08년02월06일,
08년02월07일,
08년02월08일,
08년02월09일,
08년02월10일,
08년02월11일,
08년02월12일,
08년02월13일,
08년02월14일,
08년02월15일,
08년02월16일,
08년02월17일,
08년02월18일,
08년02월19일,
08년02월20일,
08년02월21일,
08년02월22일,
08년02월23일,
08년02월24일,
08년02월25일,
08년02월26일,
08년02월27일,
08년02월28일,
08년02월29일,
08년03월01일,
08년03월02일,
08년03월03일,
08년03월04일,
08년03월05일,
08년03월06일,
08년03월07일,
08년03월08일,
08년03월09일,
08년03월10일,
08년03월11일,
08년03월12일,
08년03월13일,
08년03월14일,
08년03월15일,
08년03월16일,
08년03월17일,
08년03월18일,
08년03월19일,
08년03월20일,
08년03월21일,
08년03월22일,
08년03월23일,
08년03월24일,
08년03월25일,
08년03월26일,
08년03월27일,
08년03월28일,
08년03월29일,
08년03월30일,
08년03월31일,
08년04월01일,
08년04월02일,
08년04월03일,
08년04월04일,
08년04월05일,
08년04월06일,
08년04월07일,
08년04월08일,
08년04월09일,
08년04월10일,
08년04월11일,
08년04월12일,
08년04월13일,
08년04월14일,
08년04월15일,
08년04월16일,
08년04월17일,
08년04월18일,
08년04월19일,
08년04월20일,
08년04월21일,
08년04월22일,
08년04월23일,
08년04월24일,
08년04월25일,
08년04월26일,
08년04월27일,
08년04월28일,
08년04월29일,
08년04월30일,
08년05월01일,
08년05월02일,
08년05월03일,
08년05월04일,
08년05월05일,
08년05월06일,
08년05월07일,
08년05월08일,
08년05월09일,
08년05월10일,
08년05월11일,
08년05월12일,
08년05월13일,
08년05월14일,
08년05월15일,
08년05월16일,
08년05월17일,
08년05월18일,
08년05월19일,
08년05월20일,
08년05월21일,
08년05월22일,
08년05월23일,
08년05월24일,
08년05월25일,
08년05월26일,
08년05월27일,
08년05월28일,
08년05월29일,
08년05월30일,
08년05월31일,
08년06월01일,
08년06월02일,
08년06월03일,
08년06월04일,
08년06월05일,
08년06월06일,
08년06월07일,
08년06월08일,
08년06월09일,
08년06월10일,
08년06월11일,
08년06월12일,
08년06월13일,
08년06월14일,
08년06월15일,
08년06월16일,
08년06월17일,
08년06월18일,
08년06월19일,
08년06월20일,
08년06월21일,
08년06월22일,
08년06월23일,
08년06월24일,
08년06월25일,
08년06월26일,
08년06월27일,
08년06월28일,
08년06월29일,
08년06월30일,
08년07월01일,
08년07월02일,
08년07월03일,
08년07월04일,
08년07월05일,
08년07월06일,
08년07월07일,
08년07월08일,
08년07월09일,
08년07월10일,
08년07월11일,
08년07월12일,
08년07월13일,
08년07월14일,
08년07월15일,
08년07월16일,
08년07월17일,
08년07월18일,
08년07월19일,
08년07월20일,
08년07월21일,
08년07월22일,
08년07월23일,
08년07월24일,
08년07월25일,
08년07월26일,
08년07월27일,
08년07월28일,
08년07월29일,
08년07월30일,
08년07월31일,
08년08월01일,
08년08월02일,
08년08월03일,
08년08월04일,
08년08월05일,
08년08월06일,
08년08월07일,
08년08월08일,
08년08월09일,
08년08월10일,
08년08월11일,
08년08월12일,
08년08월13일,
08년08월14일,
08년08월15일,
08년08월16일,
08년08월17일,
08년08월18일,
08년08월19일,
08년08월20일,
08년08월21일,
08년08월22일,
08년08월23일,
08년08월24일,
08년08월25일,
08년08월26일,
08년08월27일,
08년08월28일,
08년08월29일,
08년08월30일,
08년08월31일,
08년09월01일,
08년09월02일,
08년09월03일,
08년09월04일,
08년09월05일,
08년09월06일,
08년09월07일,
08년09월08일,
08년09월09일,
08년09월10일,
08년09월11일,
08년09월12일,
08년09월13일,
08년09월14일,
08년09월15일,
08년09월16일,
08년09월17일,
08년09월18일,
08년09월19일,
08년09월20일,
08년09월21일,
08년09월22일,
08년09월23일,
08년09월24일,
08년09월25일,
08년09월26일,
08년09월27일,
08년09월28일,
08년09월29일,
08년09월30일,
08년10월01일,
08년10월02일,
08년10월03일,
08년10월04일,
08년10월05일,
08년10월06일,
08년10월07일,
08년10월08일,
08년10월09일,
08년10월10일,
08년10월11일,
08년10월12일,
08년10월13일,
08년10월14일,
08년10월15일,
08년10월16일,
08년10월17일,
08년10월18일,
08년10월19일,
08년10월20일,
08년10월21일,
08년10월22일,
08년10월23일,
08년10월24일,
08년10월25일,
08년10월26일,
08년10월27일,
08년10월28일,
08년10월29일,
08년10월30일,
08년10월31일,
08년11월01일,
08년11월02일,
08년11월03일,
08년11월04일,
08년11월05일,
08년11월06일,
08년11월07일,
08년11월08일,
08년11월09일,
08년11월10일,
08년11월11일,
08년11월12일,
08년11월13일,
08년11월14일,
08년11월15일,
08년11월16일,
08년11월17일,
08년11월18일,
08년11월19일,
08년11월20일,
08년11월21일,
08년11월22일,
08년11월23일,
08년11월24일,
08년11월25일,
08년11월26일,
08년11월27일,
08년11월28일,
08년11월29일,
08년11월30일,
08년12월01일,
08년12월02일,
08년12월03일,
08년12월04일,
08년12월05일,
08년12월06일,
08년12월07일,
08년12월08일,
08년12월09일,
08년12월10일,
08년12월11일,
08년12월12일,
08년12월13일,
08년12월14일,
08년12월15일,
08년12월16일,
08년12월17일,
08년12월18일,
08년12월19일,
08년12월20일,
08년12월21일,
08년12월22일,
08년12월23일,
08년12월24일,
08년12월25일,
08년12월26일,
08년12월27일,
08년12월28일,
08년12월29일,
08년12월30일,
08년12월31일,
09년01월01일,
09년01월02일,
09년01월03일,
09년01월04일,
09년01월05일,
09년01월06일,
09년01월07일,
09년01월08일,
09년01월09일,
09년01월10일,
09년01월11일,
09년01월12일,
09년01월13일,
09년01월14일,
09년01월15일,
09년01월16일,
09년01월17일,
09년01월18일,
09년01월19일,
09년01월20일,
09년01월21일,
09년01월22일,
09년01월23일,
09년01월24일,
09년01월25일,
09년01월26일,
09년01월27일,
09년01월28일,
09년01월29일,
09년01월30일,
09년01월31일,
09년02월01일,
09년02월02일,
09년02월03일,
09년02월04일,
09년02월05일,
09년02월06일,
09년02월07일,
09년02월08일,
09년02월09일,
09년02월10일,
09년02월11일,
09년02월12일,
09년02월13일,
09년02월14일,
09년02월15일,
09년02월16일,
09년02월17일,
09년02월18일,
09년02월19일,
09년02월20일,
09년02월21일,
09년02월22일,
09년02월23일,
09년02월24일,
09년02월25일,
09년02월26일,
09년02월27일,
09년02월28일,
09년03월01일,
09년03월02일,
09년03월03일,
09년03월04일,
09년03월05일,
09년03월06일,
09년03월07일,
09년03월08일,
09년03월09일,
09년03월10일,
09년03월11일,
09년03월12일,
09년03월13일,
09년03월14일,
09년03월15일,
09년03월16일,
09년03월17일,
09년03월18일,
09년03월19일,
09년03월20일,
09년03월21일,
09년03월22일,
09년03월23일,
09년03월24일,
09년03월25일,
09년03월26일,
09년03월27일,
09년03월28일,
09년03월29일,
09년03월30일,
09년03월31일,
09년04월01일,
09년04월02일,
09년04월03일,
09년04월04일,
09년04월05일,
09년04월06일,
09년04월07일,
09년04월08일,
09년04월09일,
09년04월10일,
09년04월11일,
09년04월12일,
09년04월13일,
09년04월14일,
09년04월15일,
09년04월16일,
09년04월17일,
09년04월18일,
09년04월19일,
09년04월20일,
09년04월21일,
09년04월22일,
09년04월23일,
09년04월24일,
09년04월25일,
09년04월26일,
09년04월27일,
09년04월28일,
09년04월29일,
09년04월30일,
09년05월01일,
09년05월02일,
09년05월03일,
09년05월04일,
09년05월05일,
09년05월06일,
09년05월07일,
09년05월08일,
09년05월09일,
09년05월10일,
09년05월11일,
09년05월12일,
09년05월13일,
09년05월14일,
09년05월15일,
09년05월16일,
09년05월17일,
09년05월18일,
09년05월19일,
09년05월20일,
09년05월21일,
09년05월22일,
09년05월23일,
09년05월24일,
09년05월25일,
09년05월26일,
09년05월27일,
09년05월28일,
09년05월29일,
09년05월30일,
09년05월31일,
09년06월01일,
09년06월02일,
09년06월03일,
09년06월04일,
09년06월05일,
09년06월06일,
09년06월07일,
09년06월08일,
09년06월09일,
09년06월10일,
09년06월11일,
09년06월12일,
09년06월13일,
09년06월14일,
09년06월15일,
09년06월16일,
09년06월17일,
09년06월18일,
09년06월19일,
09년06월20일,
09년06월21일,
09년06월22일,
09년06월23일,
09년06월24일,
09년06월25일,
09년06월26일,
09년06월27일,
09년06월28일,
09년06월29일,
09년06월30일,
09년07월01일,
09년07월02일,
09년07월03일,
09년07월04일,
09년07월05일,
09년07월06일,
09년07월07일,
09년07월08일,
09년07월09일,
09년07월10일,
09년07월11일,
09년07월12일,
09년07월13일,
09년07월14일,
09년07월15일,
09년07월16일,
09년07월17일,
09년07월18일,
09년07월19일,
09년07월20일,
09년07월21일,
09년07월22일,
09년07월23일,
09년07월24일,
09년07월25일,
09년07월26일,
09년07월27일,
09년07월28일,
09년07월29일,
09년07월30일,
09년07월31일,
09년08월01일,
09년08월02일,
09년08월03일,
09년08월04일,
09년08월05일,
09년08월06일,
09년08월07일,
09년08월08일,
09년08월09일,
09년08월10일,
09년08월11일,
09년08월12일,
09년08월13일,
09년08월14일,
09년08월15일,
09년08월16일,
09년08월17일,
09년08월18일,
09년08월19일,
09년08월20일,
09년08월21일,
09년08월22일,
09년08월23일,
09년08월24일,
09년08월25일,
09년08월26일,
09년08월27일,
09년08월28일,
09년08월29일,
09년08월30일,
09년08월31일,
09년09월01일,
09년09월02일,
09년09월03일,
09년09월04일,
09년09월05일,
09년09월06일,
09년09월07일,
09년09월08일,
09년09월09일,
09년09월10일,
09년09월11일,
09년09월12일,
09년09월13일,
09년09월14일,
09년09월15일,
09년09월16일,
09년09월17일,
09년09월18일,
09년09월19일,
09년09월20일,
09년09월21일,
09년09월22일,
09년09월23일,
09년09월24일,
09년09월25일,
09년09월26일,
09년09월27일,
09년09월28일,
09년09월29일,
09년09월30일,
09년10월01일,
09년10월02일,
09년10월03일,
09년10월04일,
09년10월05일,
09년10월06일,
09년10월07일,
09년10월08일,
09년10월09일,
09년10월10일,
09년10월11일,
09년10월12일,
09년10월13일,
09년10월14일,
09년10월15일,
09년10월16일,
09년10월17일,
09년10월18일,
09년10월19일,
09년10월20일,
09년10월21일,
09년10월22일,
09년10월23일,
09년10월24일,
09년10월25일,
09년10월26일,
09년10월27일,
09년10월28일,
09년10월29일,
09년10월30일,
09년10월31일,
09년11월01일,
09년11월02일,
09년11월03일,
09년11월04일,
09년11월05일,
09년11월06일,
09년11월07일,
09년11월08일,
09년11월09일,
09년11월10일,
09년11월11일,
09년11월12일,
09년11월13일,
09년11월14일,
09년11월15일,
09년11월16일,
09년11월17일,
09년11월18일,
09년11월19일,
09년11월20일,
09년11월21일,
09년11월22일,
09년11월23일,
09년11월24일,
09년11월25일,
09년11월26일,
09년11월27일,
09년11월28일,
09년11월29일,
09년11월30일,
09년12월01일,
09년12월02일,
09년12월03일,
09년12월04일,
09년12월05일,
09년12월06일,
09년12월07일,
09년12월08일,
09년12월09일,
09년12월10일,
09년12월11일,
09년12월12일,
09년12월13일,
09년12월14일,
09년12월15일,
09년12월16일,
09년12월17일,
09년12월18일,
09년12월19일,
09년12월20일,
09년12월21일,
09년12월22일,
09년12월23일,
09년12월24일,
09년12월25일,
09년12월26일,
09년12월27일,
09년12월28일,
09년12월29일,
09년12월30일,
09년12월31일,
10년01월01일,
10년01월02일,
10년01월03일,
10년01월04일,
10년01월05일,
10년01월06일,
10년01월07일,
10년01월08일,
10년01월09일,
10년01월10일,
10년01월11일,
10년01월12일,
10년01월13일,
10년01월14일,
10년01월15일,
10년01월16일,
10년01월17일,
10년01월18일,
10년01월19일,
10년01월20일,
10년01월21일,
10년01월22일,
10년01월23일,
10년01월24일,
10년01월25일,
10년01월26일,
10년01월27일,
10년01월28일,
10년01월29일,
10년01월30일,
10년01월31일,
10년02월01일,
10년02월02일,
10년02월03일,
10년02월04일,
10년02월05일,
10년02월06일,
10년02월07일,
10년02월08일,
10년02월09일,
10년02월10일,
10년02월11일,
10년02월12일,
10년02월13일,
10년02월14일,
10년02월15일,
10년02월16일,
10년02월17일,
10년02월18일,
10년02월19일,
10년02월20일,
10년02월21일,
10년02월22일,
10년02월23일,
10년02월24일,
10년02월25일,
10년02월26일,
10년02월27일,
10년02월28일,
10년03월01일,
10년03월02일,
10년03월03일,
10년03월04일,
10년03월05일,
10년03월06일,
10년03월07일,
10년03월08일,
10년03월09일,
10년03월10일,
10년03월11일,
10년03월12일,
10년03월13일,
10년03월14일,
10년03월15일,
10년03월16일,
10년03월17일,
10년03월18일,
10년03월19일,
10년03월20일,
10년03월21일,
10년03월22일,
10년03월23일,
10년03월24일,
10년03월25일,
10년03월26일,
10년03월27일,
10년03월28일,
10년03월29일,
10년03월30일,
10년03월31일,
10년04월01일,
10년04월02일,
10년04월03일,
10년04월04일,
10년04월05일,
10년04월06일,
10년04월07일,
10년04월08일,
10년04월09일,
10년04월10일,
10년04월11일,
10년04월12일,
10년04월13일,
10년04월14일,
10년04월15일,
10년04월16일,
10년04월17일,
10년04월18일,
10년04월19일,
10년04월20일,
10년04월21일,
10년04월22일,
10년04월23일,
10년04월24일,
10년04월25일,
10년04월26일,
10년04월27일,
10년04월28일,
10년04월29일,
10년04월30일,
10년05월01일,
10년05월02일,
10년05월03일,
10년05월04일,
10년05월05일,
10년05월06일,
10년05월07일,
10년05월08일,
10년05월09일,
10년05월10일,
10년05월11일,
10년05월12일,
10년05월13일,
10년05월14일,
10년05월15일,
10년05월16일,
10년05월17일,
10년05월18일,
10년05월19일,
10년05월20일,
10년05월21일,
10년05월22일,
10년05월23일,
10년05월24일,
10년05월25일,
10년05월26일,
10년05월27일,
10년05월28일,
10년05월29일,
10년05월30일,
10년05월31일,
10년06월01일,
10년06월02일,
10년06월03일,
10년06월04일,
10년06월05일,
10년06월06일,
10년06월07일,
10년06월08일,
10년06월09일,
10년06월10일,
10년06월11일,
10년06월12일,
10년06월13일,
10년06월14일,
10년06월15일,
10년06월16일,
10년06월17일,
10년06월18일,
10년06월19일,
10년06월20일,
10년06월21일,
10년06월22일,
10년06월23일,
10년06월24일,
10년06월25일,
10년06월26일,
10년06월27일,
10년06월28일,
10년06월29일,
10년06월30일,
10년07월01일,
10년07월02일,
10년07월03일,
10년07월04일,
10년07월05일,
10년07월06일,
10년07월07일,
10년07월08일,
10년07월09일,
10년07월10일,
10년07월11일,
10년07월12일,
10년07월13일,
10년07월14일,
10년07월15일,
10년07월16일,
10년07월17일,
10년07월18일,
10년07월19일,
10년07월20일,
10년07월21일,
10년07월22일,
10년07월23일,
10년07월24일,
10년07월25일,
10년07월26일,
10년07월27일,
10년07월28일,
10년07월29일,
10년07월30일,
10년07월31일,
10년08월01일,
10년08월02일,
10년08월03일,
10년08월04일,
10년08월05일,
10년08월06일,
10년08월07일,
10년08월08일,
10년08월09일,
10년08월10일,
10년08월11일,
10년08월12일,
10년08월13일,
10년08월14일,
10년08월15일,
10년08월16일,
10년08월17일,
10년08월18일,
10년08월19일,
10년08월20일,
10년08월21일,
10년08월22일,
10년08월23일,
10년08월24일,
10년08월25일,
10년08월26일,
10년08월27일,
10년08월28일,
10년08월29일,
10년08월30일,
10년08월31일,
10년09월01일,
10년09월02일,
10년09월03일,
10년09월04일,
10년09월05일,
10년09월06일,
10년09월07일,
10년09월08일,
10년09월09일,
10년09월10일,
10년09월11일,
10년09월12일,
10년09월13일,
10년09월14일,
10년09월15일,
10년09월16일,
10년09월17일,
10년09월18일,
10년09월19일,
10년09월20일,
10년09월21일,
10년09월22일,
10년09월23일,
10년09월24일,
10년09월25일,
10년09월26일,
10년09월27일,
10년09월28일,
10년09월29일,
10년09월30일,
10년10월01일,
10년10월02일,
10년10월03일,
10년10월04일,
10년10월05일,
10년10월06일,
10년10월07일,
10년10월08일,
10년10월09일,
10년10월10일,
10년10월11일,
10년10월12일,
10년10월13일,
10년10월14일,
10년10월15일,
10년10월16일,
10년10월17일,
10년10월18일,
10년10월19일,
10년10월20일,
10년10월21일,
10년10월22일,
10년10월23일,
10년10월24일,
10년10월25일,
10년10월26일,
10년10월27일,
10년10월28일,
10년10월29일,
10년10월30일,
10년10월31일,
10년11월01일,
10년11월02일,
10년11월03일,
10년11월04일,
10년11월05일,
10년11월06일,
10년11월07일,
10년11월08일,
10년11월09일,
10년11월10일,
10년11월11일,
10년11월12일,
10년11월13일,
10년11월14일,
10년11월15일,
10년11월16일,
10년11월17일,
10년11월18일,
10년11월19일,
10년11월20일,
10년11월21일,
10년11월22일,
10년11월23일,
10년11월24일,
10년11월25일,
10년11월26일,
10년11월27일,
10년11월28일,
10년11월29일,
10년11월30일,
10년12월01일,
10년12월02일,
10년12월03일,
10년12월04일,
10년12월05일,
10년12월06일,
10년12월07일,
10년12월08일,
10년12월09일,
10년12월10일,
10년12월11일,
10년12월12일,
10년12월13일,
10년12월14일,
10년12월15일,
10년12월16일,
10년12월17일,
10년12월18일,
10년12월19일,
10년12월20일,
10년12월21일,
10년12월22일,
10년12월23일,
10년12월24일,
10년12월25일,
10년12월26일,
10년12월27일,
10년12월28일,
10년12월29일,
10년12월30일,
10년12월31일,
11년01월01일,
11년01월02일,
11년01월03일,
11년01월04일,
11년01월05일,
11년01월06일,
11년01월07일,
11년01월08일,
11년01월09일,
11년01월10일,
11년01월11일,
11년01월12일,
11년01월13일,
11년01월14일,
11년01월15일,
11년01월16일,
11년01월17일,
11년01월18일,
11년01월19일,
11년01월20일,
11년01월21일,
11년01월22일,
11년01월23일,
11년01월24일,
11년01월25일,
11년01월26일,
11년01월27일,
11년01월28일,
11년01월29일,
11년01월30일,
11년01월31일,
11년02월01일,
11년02월02일,
11년02월03일,
11년02월04일,
11년02월05일,
11년02월06일,
11년02월07일,
11년02월08일,
11년02월09일,
11년02월10일,
11년02월11일,
11년02월12일,
11년02월13일,
11년02월14일,
11년02월15일,
11년02월16일,
11년02월17일,
11년02월18일,
11년02월19일,
11년02월20일,
11년02월21일,
11년02월22일,
11년02월23일,
11년02월24일,
11년02월25일,
11년02월26일,
11년02월27일,
11년02월28일,
11년03월01일,
11년03월02일,
11년03월03일,
11년03월04일,
11년03월05일,
11년03월06일,
11년03월07일,
11년03월08일,
11년03월09일,
11년03월10일,
11년03월11일,
11년03월12일,
11년03월13일,
11년03월14일,
11년03월15일,
11년03월16일,
11년03월17일,
11년03월18일,
11년03월19일,
11년03월20일,
11년03월21일,
11년03월22일,
11년03월23일,
11년03월24일,
11년03월25일,
11년03월26일,
11년03월27일,
11년03월28일,
11년03월29일,
11년03월30일,
11년03월31일,
11년04월01일,
11년04월02일,
11년04월03일,
11년04월04일,
11년04월05일,
11년04월06일,
11년04월07일,
11년04월08일,
11년04월09일,
11년04월10일,
11년04월11일,
11년04월12일,
11년04월13일,
11년04월14일,
11년04월15일,
11년04월16일,
11년04월17일,
11년04월18일,
11년04월19일,
11년04월20일,
11년04월21일,
11년04월22일,
11년04월23일,
11년04월24일,
11년04월25일,
11년04월26일,
11년04월27일,
11년04월28일,
11년04월29일,
11년04월30일,
11년05월01일,
11년05월02일,
11년05월03일,
11년05월04일,
11년05월05일,
11년05월06일,
11년05월07일,
11년05월08일,
11년05월09일,
11년05월10일,
11년05월11일,
11년05월12일,
11년05월13일,
11년05월14일,
11년05월15일,
11년05월16일,
11년05월17일,
11년05월18일,
11년05월19일,
11년05월20일,
11년05월21일,
11년05월22일,
11년05월23일,
11년05월24일,
11년05월25일,
11년05월26일,
11년05월27일,
11년05월28일,
11년05월29일,
11년05월30일,
11년05월31일,
11년06월01일,
11년06월02일,
11년06월03일,
11년06월04일,
11년06월05일,
11년06월06일,
11년06월07일,
11년06월08일,
11년06월09일,
11년06월10일,
11년06월11일,
11년06월12일,
11년06월13일,
11년06월14일,
11년06월15일,
11년06월16일,
11년06월17일,
11년06월18일,
11년06월19일,
11년06월20일,
11년06월21일,
11년06월22일,
11년06월23일,
11년06월24일,
11년06월25일,
11년06월26일,
11년06월27일,
11년06월28일,
11년06월29일,
11년06월30일,
11년07월01일,
11년07월02일,
11년07월03일,
11년07월04일,
11년07월05일,
11년07월06일,
11년07월07일,
11년07월08일,
11년07월09일,
11년07월10일,
11년07월11일,
11년07월12일,
11년07월13일,
11년07월14일,
11년07월15일,
11년07월16일,
11년07월17일,
11년07월18일,
11년07월19일,
11년07월20일,
11년07월21일,
11년07월22일,
11년07월23일,
11년07월24일,
11년07월25일,
11년07월26일,
11년07월27일,
11년07월28일,
11년07월29일,
11년07월30일,
11년07월31일,
11년08월01일,
11년08월02일,
11년08월03일,
11년08월04일,
11년08월05일,
11년08월06일,
11년08월07일,
11년08월08일,
11년08월09일,
11년08월10일,
11년08월11일,
11년08월12일,
11년08월13일,
11년08월14일,
11년08월15일,
11년08월16일,
11년08월17일,
11년08월18일,
11년08월19일,
11년08월20일,
11년08월21일,
11년08월22일,
11년08월23일,
11년08월24일,
11년08월25일,
11년08월26일,
11년08월27일,
11년08월28일,
11년08월29일,
11년08월30일,
11년08월31일,
11년09월01일,
11년09월02일,
11년09월03일,
11년09월04일,
11년09월05일,
11년09월06일,
11년09월07일,
11년09월08일,
11년09월09일,
11년09월10일,
11년09월11일,
11년09월12일,
11년09월13일,
11년09월14일,
11년09월15일,
11년09월16일,
11년09월17일,
11년09월18일,
11년09월19일,
11년09월20일,
11년09월21일,
11년09월22일,
11년09월23일,
11년09월24일,
11년09월25일,
11년09월26일,
11년09월27일,
11년09월28일,
11년09월29일,
11년09월30일,
11년10월01일,
11년10월02일,
11년10월03일,
11년10월04일,
11년10월05일,
11년10월06일,
11년10월07일,
11년10월08일,
11년10월09일,
11년10월10일,
11년10월11일,
11년10월12일,
11년10월13일,
11년10월14일,
11년10월15일,
11년10월16일,
11년10월17일,
11년10월18일,
11년10월19일,
11년10월20일,
11년10월21일,
11년10월22일,
11년10월23일,
11년10월24일,
11년10월25일,
11년10월26일,
11년10월27일,
11년10월28일,
11년10월29일,
11년10월30일,
11년10월31일,
11년11월01일,
11년11월02일,
11년11월03일,
11년11월04일,
11년11월05일,
11년11월06일,
11년11월07일,
11년11월08일,
11년11월09일,
11년11월10일,
11년11월11일,
11년11월12일,
11년11월13일,
11년11월14일,
11년11월15일,
11년11월16일,
11년11월17일,
11년11월18일,
11년11월19일,
11년11월20일,
11년11월21일,
11년11월22일,
11년11월23일,
11년11월24일,
11년11월25일,
11년11월26일,
11년11월27일,
11년11월28일,
11년11월29일,
11년11월30일,
11년12월01일,
11년12월02일,
11년12월03일,
11년12월04일,
11년12월05일,
11년12월06일,
11년12월07일,
11년12월08일,
11년12월09일,
11년12월10일,
11년12월11일,
11년12월12일,
11년12월13일,
11년12월14일,
11년12월15일,
11년12월16일,
11년12월17일,
11년12월18일,
11년12월19일,
11년12월20일,
11년12월21일,
11년12월22일,
11년12월23일,
11년12월24일,
11년12월25일,
11년12월26일,
11년12월27일,
11년12월28일,
11년12월29일,
11년12월30일,
11년12월31일,
12년01월01일,
12년01월02일,
12년01월03일,
12년01월04일,
12년01월05일,
12년01월06일,
12년01월07일,
12년01월08일,
12년01월09일,
12년01월10일,
12년01월11일,
12년01월12일,
12년01월13일,
12년01월14일,
12년01월15일,
12년01월16일,
12년01월17일,
12년01월18일,
12년01월19일,
12년01월20일,
12년01월21일,
12년01월22일,
12년01월23일,
12년01월24일,
12년01월25일,
12년01월26일,
12년01월27일,
12년01월28일,
12년01월29일,
12년01월30일,
12년01월31일,
12년02월01일,
12년02월02일,
12년02월03일,
12년02월04일,
12년02월05일,
12년02월06일,
12년02월07일,
12년02월08일,
12년02월09일,
12년02월10일,
12년02월11일,
12년02월12일,
12년02월13일,
12년02월14일,
12년02월15일,
12년02월16일,
12년02월17일,
12년02월18일,
12년02월19일,
12년02월20일,
12년02월21일,
12년02월22일,
12년02월23일,
12년02월24일,
12년02월25일,
12년02월26일,
12년02월27일,
12년02월28일,
12년02월29일,
12년03월01일,
12년03월02일,
12년03월03일,
12년03월04일,
12년03월05일,
12년03월06일,
12년03월07일,
12년03월08일,
12년03월09일,
12년03월10일,
12년03월11일,
12년03월12일,
12년03월13일,
12년03월14일,
12년03월15일,
12년03월16일,
12년03월17일,
12년03월18일,
12년03월19일,
12년03월20일,
12년03월21일,
12년03월22일,
12년03월23일,
12년03월24일,
12년03월25일,
12년03월26일,
12년03월27일,
12년03월28일,
12년03월29일,
12년03월30일,
12년03월31일,
12년04월01일,
12년04월02일,
12년04월03일,
12년04월04일,
12년04월05일,
12년04월06일,
12년04월07일,
12년04월08일,
12년04월09일,
12년04월10일,
12년04월11일,
12년04월12일,
12년04월13일,
12년04월14일,
12년04월15일,
12년04월16일,
12년04월17일,
12년04월18일,
12년04월19일,
12년04월20일,
12년04월21일,
12년04월22일,
12년04월23일,
12년04월24일,
12년04월25일,
12년04월26일,
12년04월27일,
12년04월28일,
12년04월29일,
12년04월30일,
12년05월01일,
12년05월02일,
12년05월03일,
12년05월04일,
12년05월05일,
12년05월06일,
12년05월07일,
12년05월08일,
12년05월09일,
12년05월10일,
12년05월11일,
12년05월12일,
12년05월13일,
12년05월14일,
12년05월15일,
12년05월16일,
12년05월17일,
12년05월18일,
12년05월19일,
12년05월20일,
12년05월21일,
12년05월22일,
12년05월23일,
12년05월24일,
12년05월25일,
12년05월26일,
12년05월27일,
12년05월28일,
12년05월29일,
12년05월30일,
12년05월31일,
12년06월01일,
12년06월02일,
12년06월03일,
12년06월04일,
12년06월05일,
12년06월06일,
12년06월07일,
12년06월08일,
12년06월09일,
12년06월10일,
12년06월11일,
12년06월12일,
12년06월13일,
12년06월14일,
12년06월15일,
12년06월16일,
12년06월17일,
12년06월18일,
12년06월19일,
12년06월20일,
12년06월21일,
12년06월22일,
12년06월23일,
12년06월24일,
12년06월25일,
12년06월26일,
12년06월27일,
12년06월28일,
12년06월29일,
12년06월30일,
12년07월01일,
12년07월02일,
12년07월03일,
12년07월04일,
12년07월05일,
12년07월06일,
12년07월07일,
12년07월08일,
12년07월09일,
12년07월10일,
12년07월11일,
12년07월12일,
12년07월13일,
12년07월14일,
12년07월15일,
12년07월16일,
12년07월17일,
12년07월18일,
12년07월19일,
12년07월20일,
12년07월21일,
12년07월22일,
12년07월23일,
12년07월24일,
12년07월25일,
12년07월26일,
12년07월27일,
12년07월28일,
12년07월29일,
12년07월30일,
12년07월31일,
12년08월01일,
12년08월02일,
12년08월03일,
12년08월04일,
12년08월05일,
12년08월06일,
12년08월07일,
12년08월08일,
12년08월09일,
12년08월10일,
12년08월11일,
12년08월12일,
12년08월13일,
12년08월14일,
12년08월15일,
12년08월16일,
12년08월17일,
12년08월18일,
12년08월19일,
12년08월20일,
12년08월21일,
12년08월22일,
12년08월23일,
12년08월24일,
12년08월25일,
12년08월26일,
12년08월27일,
12년08월28일,
12년08월29일,
12년08월30일,
12년08월31일,
12년09월01일,
12년09월02일,
12년09월03일,
12년09월04일,
12년09월05일,
12년09월06일,
12년09월07일,
12년09월08일,
12년09월09일,
12년09월10일,
12년09월11일,
12년09월12일,
12년09월13일,
12년09월14일,
12년09월15일,
12년09월16일,
12년09월17일,
12년09월18일,
12년09월19일,
12년09월20일,
12년09월21일,
12년09월22일,
12년09월23일,
12년09월24일,
12년09월25일,
12년09월26일,
12년09월27일,
12년09월28일,
12년09월29일,
12년09월30일,
12년10월01일,
12년10월02일,
12년10월03일,
12년10월04일,
12년10월05일,
12년10월06일,
12년10월07일,
12년10월08일,
12년10월09일,
12년10월10일,
12년10월11일,
12년10월12일,
12년10월13일,
12년10월14일,
12년10월15일,
12년10월16일,
12년10월17일,
12년10월18일,
12년10월19일,
12년10월20일,
12년10월21일,
12년10월22일,
12년10월23일,
12년10월24일,
12년10월25일,
12년10월26일,
12년10월27일,
12년10월28일,
12년10월29일,
12년10월30일,
12년10월31일,
12년11월01일,
12년11월02일,
12년11월03일,
12년11월04일,
12년11월05일,
12년11월06일,
12년11월07일,
12년11월08일,
12년11월09일,
12년11월10일,
12년11월11일,
12년11월12일,
12년11월13일,
12년11월14일,
12년11월15일,
12년11월16일,
12년11월17일,
12년11월18일,
12년11월19일,
12년11월20일,
12년11월21일,
12년11월22일,
12년11월23일,
12년11월24일,
12년11월25일,
12년11월26일,
12년11월27일,
12년11월28일,
12년11월29일,
12년11월30일,
12년12월01일,
12년12월02일,
12년12월03일,129.65
12년12월04일,129.25
12년12월05일,129.01
12년12월06일,127.56
12년12월07일,125.99
12년12월08일,
12년12월09일,
12년12월10일,124.99
12년12월11일,124.53
12년12월12일,125.15
12년12월13일,125.82
12년12월14일,125.06
12년12월15일,
12년12월16일,
12년12월17일,125.3
12년12월18일,124.94
12년12월19일,126.06
12년12월20일,127.27
12년12월21일,127.2
12년12월22일,
12년12월23일,
12년12월24일,126.1
12년12월25일,
12년12월26일,125.84
12년12월27일,127.29
12년12월28일,127.09
12년12월29일,
12년12월30일,
12년12월31일,125.9
13년01월01일,
13년01월02일,126.97
13년01월03일,127.19
13년01월04일,126.77
13년01월05일,
13년01월06일,
13년01월07일,126.47
13년01월08일,127.27
13년01월09일,128.19
13년01월10일,128.92
13년01월11일,128.22
13년01월12일,
13년01월13일,
13년01월14일,127.2
13년01월15일,128.56
13년01월16일,127.14
13년01월17일,127.18
13년01월18일,128.31
13년01월19일,
13년01월20일,
13년01월21일,128.5
13년01월22일,128.62
13년01월23일,128.92
13년01월24일,129.23
13년01월25일,129.48
13년01월26일,
13년01월27일,
13년01월28일,128.93
13년01월29일,129.21
13년01월30일,131.01
13년01월31일,131.28
13년02월01일,132.45
13년02월02일,
13년02월03일,
13년02월04일,133.93
13년02월05일,133.52
13년02월06일,134.98
13년02월07일,135.58
13년02월08일,136.54
13년02월09일,
13년02월10일,
13년02월11일,
13년02월12일,
13년02월13일,137.23
13년02월14일,136.73
13년02월15일,136.98
13년02월16일,
13년02월17일,
13년02월18일,136.88
13년02월19일,136.3
13년02월20일,136.33
13년02월21일,133.81
13년02월22일,133.63
13년02월23일,
13년02월24일,
13년02월25일,133.93
13년02월26일,132.11
13년02월27일,131.42
13년02월28일,129.48
13년03월01일,128.04
13년03월02일,
13년03월03일,
13년03월04일,126.61
13년03월05일,126.97
13년03월06일,127.94
13년03월07일,127.63
13년03월08일,127.79
13년03월09일,
13년03월10일,
13년03월11일,127.05
13년03월12일,126.29
13년03월13일,126.64
13년03월14일,125.31
13년03월15일,125.06
13년03월16일,
13년03월17일,
13년03월18일,124.85
13년03월19일,124.86
13년03월20일,122.76
13년03월21일,123.39
13년03월22일,122.36
13년03월23일,
13년03월24일,
13년03월25일,122.72
13년03월26일,122.73
13년03월27일,123.0
13년03월28일,124.08
13년03월29일,
13년03월30일,
13년03월31일,
13년04월01일,123.43
13년04월02일,125.03
13년04월03일,125.46
13년04월04일,122.98
13년04월05일,121.99
13년04월06일,
13년04월07일,
13년04월08일,120.77
13년04월09일,121.05
13년04월10일,121.39
13년04월11일,121.05
13년04월12일,119.3
13년04월13일,
13년04월14일,
13년04월15일,116.65
13년04월16일,114.4
13년04월17일,114.07
13년04월18일,112.35
13년04월19일,114.44
13년04월20일,
13년04월21일,
13년04월22일,114.4
13년04월23일,114.48
13년04월24일,115.8
13년04월25일,116.69
13년04월26일,117.96
13년04월27일,
13년04월28일,
13년04월29일,117.15
13년04월30일,117.33
13년05월01일,
13년05월02일,114.13
13년05월03일,115.62
13년05월04일,
13년05월05일,
13년05월06일,117.78
13년05월07일,118.43
13년05월08일,118.7
13년05월09일,119.04
13년05월10일,119.55
13년05월11일,
13년05월12일,
13년05월13일,119.08
13년05월14일,118.8
13년05월15일,117.48
13년05월16일,117.67
13년05월17일,119.47
13년05월18일,
13년05월19일,
13년05월20일,120.16
13년05월21일,120.15
13년05월22일,118.66
13년05월23일,116.32
13년05월24일,
13년05월25일,
13년05월26일,
13년05월27일,116.89
13년05월28일,118.43
13년05월29일,119.09
13년05월30일,117.45
13년05월31일,116.19
13년06월01일,
13년06월02일,
13년06월03일,114.57
13년06월04일,116.42
13년06월05일,118.53
13년06월06일,118.6
13년06월07일,118.78
13년06월08일,
13년06월09일,
13년06월10일,118.92
13년06월11일,119.1
13년06월12일,118.62
13년06월13일,119.25
13년06월14일,121.9
13년06월15일,
13년06월16일,
13년06월17일,122.8
13년06월18일,121.51
13년06월19일,122.92
13년06월20일,121.34
13년06월21일,119.95
13년06월22일,
13년06월23일,
13년06월24일,117.57
13년06월25일,119.73
13년06월26일,119.59
13년06월27일,120.25
13년06월28일,121.35
13년06월29일,
13년06월30일,
13년07월01일,120.59
13년07월02일,120.41
13년07월03일,121.87
13년07월04일,123.06
13년07월05일,123.51
13년07월06일,
13년07월07일,
13년07월08일,124.44
13년07월09일,124.11
13년07월10일,124.64
13년07월11일,125.07
13년07월12일,124.22
13년07월13일,
13년07월14일,
13년07월15일,125.25
13년07월16일,125.68
13년07월17일,125.44
13년07월18일,126.82
13년07월19일,126.84
13년07월20일,
13년07월21일,
13년07월22일,126.88
13년07월23일,125.22
13년07월24일,125.32
13년07월25일,124.72
13년07월26일,124.8
13년07월27일,
13년07월28일,
13년07월29일,124.52
13년07월30일,124.64
13년07월31일,123.91
13년08월01일,125.31
13년08월02일,127.03
13년08월03일,
13년08월04일,
13년08월05일,126.7
13년08월06일,125.38
13년08월07일,124.6
13년08월08일,
13년08월09일,
13년08월10일,
13년08월11일,
13년08월12일,124.56
13년08월13일,125.84
13년08월14일,125.54
13년08월15일,126.69
13년08월16일,126.4
13년08월17일,
13년08월18일,
13년08월19일,126.84
13년08월20일,125.68
13년08월21일,125.51
13년08월22일,125.97
13년08월23일,125.59
13년08월24일,
13년08월25일,
13년08월26일,125.92
13년08월27일,125.88
13년08월28일,129.85
13년08월29일,129.11
13년08월30일,128.93
13년08월31일,
13년09월01일,
13년09월02일,127.27
13년09월03일,128.14
13년09월04일,128.79
13년09월05일,128.32
13년09월06일,128.33
13년09월07일,
13년09월08일,
13년09월09일,128.68
13년09월10일,126.98
13년09월11일,125.86
13년09월12일,126.29
13년09월13일,126.97
13년09월14일,
13년09월15일,
13년09월16일,127.27
13년09월17일,125.7
13년09월18일,124.04
13년09월19일,126.16
13년09월20일,124.66
13년09월21일,
13년09월22일,
13년09월23일,124.36
13년09월24일,123.29
13년09월25일,124.06
13년09월26일,124.04
13년09월27일,124.89
13년09월28일,
13년09월29일,
13년09월30일,123.81
13년10월01일,124.18
13년10월02일,124.07
13년10월03일,125.99
13년10월04일,125.82
13년10월05일,
13년10월06일,
13년10월07일,124.67
13년10월08일,126.46
13년10월09일,126.63
13년10월10일,127.01
13년10월11일,127.36
13년10월12일,
13년10월13일,
13년10월14일,127.78
13년10월15일,
13년10월16일,126.19
13년10월17일,126.6
13년10월18일,125.17
13년10월19일,
13년10월20일,
13년10월21일,126.06
13년10월22일,125.97
13년10월23일,124.97
13년10월24일,124.01
13년10월25일,122.73
13년10월26일,
13년10월27일,
13년10월28일,124.01
13년10월29일,125.84
13년10월30일,125.45
13년10월31일,125.84
13년11월01일,126.72
13년11월02일,
13년11월03일,
13년11월04일,124.34
13년11월05일,123.78
13년11월06일,123.54
13년11월07일,123.23
13년11월08일,122.55
13년11월09일,
13년11월10일,
13년11월11일,123.14
13년11월12일,123.71
13년11월13일,122.97
13년11월14일,124.05
13년11월15일,124.95
13년11월16일,
13년11월17일,
13년11월18일,124.85
13년11월19일,124.25
13년11월20일,124.38
13년11월21일,125.89
13년11월22일,128.01
13년11월23일,
13년11월24일,
13년11월25일,127.93
13년11월26일,129.31
13년11월27일,129.84
13년11월28일,130.17
13년11월29일,129.87
13년11월30일,
13년12월01일,
13년12월02일,128.03
13년12월03일,130.03
13년12월04일,130.52
13년12월05일,129.1
13년12월06일,128.59
13년12월07일,
13년12월08일,
13년12월09일,127.77
13년12월10일,126.05
13년12월11일,126.17
13년12월12일,126.47
13년12월13일,125.24
13년12월14일,
13년12월15일,
13년12월16일,125.43
13년12월17일,125.97
13년12월18일,125.69
13년12월19일,126.55
13년12월20일,126.99
13년12월21일,
13년12월22일,
13년12월23일,128.26
13년12월24일,127.86
13년12월25일,
13년12월26일,128.18
13년12월27일,128.35
13년12월28일,
13년12월29일,
13년12월30일,128.94
13년12월31일,127.41
14년01월01일,
14년01월02일,127.09
14년01월03일,124.13
14년01월04일,
14년01월05일,
14년01월06일,123.21
14년01월07일,123.55
14년01월08일,123.58
14년01월09일,123.26
14년01월10일,123.15
14년01월11일,
14년01월12일,
14년01월13일,122.78
14년01월14일,122.15
14년01월15일,121.54
14년01월16일,121.94
14년01월17일,121.94
14년01월18일,
14년01월19일,
14년01월20일,122.19
14년01월21일,122.8
14년01월22일,122.64
14년01월23일,123.23
14년01월24일,123.24
14년01월25일,
14년01월26일,
14년01월27일,123.35
14년01월28일,122.52
14년01월29일,122.92
14년01월30일,123.0
14년01월31일,
14년02월01일,
14년02월02일,
14년02월03일,121.97
14년02월04일,121.77
14년02월05일,122.35
14년02월06일,122.39
14년02월07일,122.96
14년02월08일,
14년02월09일,
14년02월10일,124.65
14년02월11일,124.52
14년02월12일,124.55
14년02월13일,123.75
14년02월14일,123.94
14년02월15일,
14년02월16일,
14년02월17일,124.92
14년02월18일,125.11
14년02월19일,126.08
14년02월20일,126.15
14년02월21일,126.16
14년02월22일,
14년02월23일,
14년02월24일,125.52
14년02월25일,125.37
14년02월26일,124.38
14년02월27일,124.3
14년02월28일,123.7
14년03월01일,
14년03월02일,
14년03월03일,125.93
14년03월04일,124.63
14년03월05일,124.12
14년03월06일,122.62
14년03월07일,122.59
14년03월08일,
14년03월09일,
14년03월10일,122.68
14년03월11일,122.72
14년03월12일,121.97
14년03월13일,121.55
14년03월14일,121.22
14년03월15일,
14년03월16일,
14년03월17일,122.16
14년03월18일,120.95
14년03월19일,121.18
14년03월20일,121.11
14년03월21일,122.18
14년03월22일,
14년03월23일,
14년03월24일,122.26
14년03월25일,122.67
14년03월26일,122.88
14년03월27일,122.55
14년03월28일,123.14
14년03월29일,
14년03월30일,
14년03월31일,123.04
14년04월01일,123.02
14년04월02일,121.76
14년04월03일,120.7
14년04월04일,122.85
14년04월05일,
14년04월06일,
14년04월07일,121.57
14년04월08일,122.73
14년04월09일,123.52
14년04월10일,124.2
14년04월11일,123.44
14년04월12일,
14년04월13일,
14년04월14일,124.44
14년04월15일,125.22
14년04월16일,126.05
14년04월17일,125.89
14년04월18일,
14년04월19일,
14년04월20일,
14년04월21일,125.87
14년04월22일,126.36
14년04월23일,126.16
14년04월24일,125.41
14년04월25일,126.04
14년04월26일,
14년04월27일,
14년04월28일,125.62
14년04월29일,124.17
14년04월30일,123.95
14년05월01일,
14년05월02일,123.64
14년05월03일,
14년05월04일,
14년05월05일,123.91
14년05월06일,123.33
14년05월07일,122.7
14년05월08일,122.89
14년05월09일,123.46
14년05월10일,
14년05월11일,
14년05월12일,122.79
14년05월13일,
14년05월14일,123.72
14년05월15일,123.97
14년05월16일,123.4
14년05월17일,
14년05월18일,
14년05월19일,124.04
14년05월20일,123.46
14년05월21일,123.78
14년05월22일,123.46
14년05월23일,122.94
14년05월24일,
14년05월25일,
14년05월26일,122.88
14년05월27일,123.45
14년05월28일,123.17
14년05월29일,122.45
14년05월30일,121.79
14년05월31일,
14년06월01일,
14년06월02일,120.82
14년06월03일,119.43
14년06월04일,119.23
14년06월05일,118.31
14년06월06일,119.49
14년06월07일,
14년06월08일,
14년06월09일,119.21
14년06월10일,119.39
14년06월11일,119.7
14년06월12일,121.45
14년06월13일,124.27
14년06월14일,
14년06월15일,
14년06월16일,123.67
14년06월17일,122.9
14년06월18일,124.49
14년06월19일,124.67
14년06월20일,124.98
14년06월21일,
14년06월22일,
14년06월23일,125.56
14년06월24일,124.26
14년06월25일,124.74
14년06월26일,124.49
14년06월27일,124.22
14년06월28일,
14년06월29일,
14년06월30일,123.06
14년07월01일,123.31
14년07월02일,123.6
14년07월03일,121.64
14년07월04일,121.76
14년07월05일,
14년07월06일,
14년07월07일,121.19
14년07월08일,120.79
14년07월09일,119.69
14년07월10일,119.44
14년07월11일,120.36
14년07월12일,
14년07월13일,
14년07월14일,119.88
14년07월15일,119.92
14년07월16일,119.54
14년07월17일,119.69
14년07월18일,120.03
14년07월19일,
14년07월20일,
14년07월21일,119.0
14년07월22일,119.74
14년07월23일,119.03
14년07월24일,119.87
14년07월25일,119.78
14년07월26일,
14년07월27일,
14년07월28일,
14년07월29일,120.45
14년07월30일,120.89
14년07월31일,119.55
14년08월01일,120.17
14년08월02일,
14년08월03일,
14년08월04일,119.67
14년08월05일,119.31
14년08월06일,118.56
14년08월07일,119.09
14년08월08일,120.17
14년08월09일,
14년08월10일,
14년08월11일,118.4
14년08월12일,117.93
14년08월13일,117.04
14년08월14일,118.95
14년08월15일,116.39
14년08월16일,
14년08월17일,
14년08월18일,116.36
14년08월19일,116.02
14년08월20일,116.59
14년08월21일,115.81
14년08월22일,116.49
14년08월23일,
14년08월24일,
14년08월25일,116.32
14년08월26일,116.68
14년08월27일,117.5
14년08월28일,117.85
14년08월29일,117.54
14년08월30일,
14년08월31일,
14년09월01일,117.64
14년09월02일,117.21
14년09월03일,115.87
14년09월04일,117.22
14년09월05일,117.09
14년09월06일,
14년09월07일,
14년09월08일,114.83
14년09월09일,114.91
14년09월10일,114.57
14년09월11일,112.73
14년09월12일,113.65
14년09월13일,
14년09월14일,
14년09월15일,112.31
14년09월16일,112.2
14년09월17일,112.44
14년09월18일,112.67
14년09월19일,111.4
14년09월20일,
14년09월21일,
14년09월22일,111.33
14년09월23일,111.07
14년09월24일,110.3
14년09월25일,110.4
14년09월26일,110.4
14년09월27일,
14년09월28일,
14년09월29일,110.23
14년09월30일,111.2
14년10월01일,109.01
14년10월02일,107.0
14년10월03일,107.5
14년10월04일,
14년10월05일,
14년10월06일,107.45
14년10월07일,106.13
14년10월08일,104.52
14년10월09일,104.66
14년10월10일,101.97
14년10월11일,
14년10월12일,
14년10월13일,101.95
14년10월14일,102.4
14년10월15일,98.12
14년10월16일,97.26
14년10월17일,99.29
14년10월18일,
14년10월19일,
14년10월20일,99.79
14년10월21일,99.29
14년10월22일,
14년10월23일,98.63
14년10월24일,99.67
14년10월25일,
14년10월26일,
14년10월27일,99.51
14년10월28일,99.51
14년10월29일,100.49
14년10월30일,101.21
14년10월31일,100.41
14년11월01일,
14년11월02일,
14년11월03일,100.85
14년11월04일,99.33
14년11월05일,96.56
14년11월06일,96.71
14년11월07일,96.93
14년11월08일,
14년11월09일,
14년11월10일,99.3
14년11월11일,98.98
14년11월12일,98.01
14년11월13일,97.55
14년11월14일,94.81
14년11월15일,
14년11월16일,
14년11월17일,95.18
14년11월18일,95.15
14년11월19일,94.76
14년11월20일,94.47
14년11월21일,95.62
14년11월22일,
14년11월23일,
14년11월24일,96.52
14년11월25일,96.26
14년11월26일,95.35
14년11월27일,93.47
14년11월28일,88.32
14년11월29일,
14년11월30일,
14년12월01일,84.96
14년12월02일,88.24
14년12월03일,86.45
14년12월04일,85.49
14년12월05일,84.47
14년12월06일,
14년12월07일,
14년12월08일,83.9
14년12월09일,81.43
14년12월10일,81.86
14년12월11일,79.48
14년12월12일,78.66
14년12월13일,
14년12월14일,
14년12월15일,77.5
14년12월16일,75.09
14년12월17일,74.22
14년12월18일,74.77
14년12월19일,74.12
14년12월20일,
14년12월21일,
14년12월22일,76.12
14년12월23일,74.61
14년12월24일,75.45
14년12월25일,
14년12월26일,74.58
14년12월27일,
14년12월28일,
14년12월29일,74.16
14년12월30일,71.92
14년12월31일,71.53
15년01월01일,
15년01월02일,71.33
15년01월03일,
15년01월04일,
15년01월05일,69.52
15년01월06일,66.12
15년01월07일,64.13
15년01월08일,65.0
15년01월09일,64.94
15년01월10일,
15년01월11일,
15년01월12일,63.43
15년01월13일,60.42
15년01월14일,60.17
15년01월15일,62.54
15년01월16일,62.35
15년01월17일,
15년01월18일,
15년01월19일,64.31
15년01월20일,62.67
15년01월21일,62.6
15년01월22일,62.47
15년01월23일,62.11
15년01월24일,
15년01월25일,
15년01월26일,61.66
15년01월27일,60.99
15년01월28일,62.53
15년01월29일,62.5
15년01월30일,62.55
15년01월31일,
15년02월01일,
15년02월02일,62.87
15년02월03일,67.58
15년02월04일,69.42
15년02월05일,67.57
15년02월06일,70.04
15년02월07일,
15년02월08일,
15년02월09일,71.23
15년02월10일,72.48
15년02월11일,71.98
15년02월12일,71.62
15년02월13일,75.17
15년02월14일,
15년02월15일,
15년02월16일,76.21
15년02월17일,76.28
15년02월18일,76.73
15년02월19일,
15년02월20일,
15년02월21일,
15년02월22일,
15년02월23일,74.59
15년02월24일,73.28
15년02월25일,73.13
15년02월26일,75.69
15년02월27일,74.54
15년02월28일,
15년03월01일,
15년03월02일,76.68
15년03월03일,75.17
15년03월04일,75.93
15년03월05일,75.04
15년03월06일,74.99
15년03월07일,
15년03월08일,
15년03월09일,74.4
15년03월10일,73.27
15년03월11일,71.24
15년03월12일,73.17
15년03월13일,72.76
15년03월14일,
15년03월15일,
15년03월16일,70.64
15년03월17일,69.41
15년03월18일,69.19
15년03월19일,71.31
15년03월20일,70.16
15년03월21일,
15년03월22일,
15년03월23일,71.07
15년03월24일,71.49
15년03월25일,70.7
15년03월26일,71.85
15년03월27일,73.73
15년03월28일,
15년03월29일,
15년03월30일,72.08
15년03월31일,71.93
15년04월01일,71.24
15년04월02일,71.43
15년04월03일,
15년04월04일,
15년04월05일,
15년04월06일,69.71
15년04월07일,71.75
15년04월08일,72.51
15년04월09일,70.3
15년04월10일,70.78
15년04월11일,
15년04월12일,
15년04월13일,72.7
15년04월14일,72.67
15년04월15일,73.07
15년04월16일,74.7
15년04월17일,75.47
15년04월18일,
15년04월19일,
15년04월20일,75.17
15년04월21일,75.03
15년04월22일,74.27
15년04월23일,74.66
15년04월24일,76.77
15년04월25일,
15년04월26일,
15년04월27일,77.29
15년04월28일,76.96
15년04월29일,76.34
15년04월30일,78.45
15년05월01일,
15년05월02일,
15년05월03일,
15년05월04일,79.4
15년05월05일,79.24
15년05월06일,80.66
15년05월07일,81.01
15년05월08일,79.63
15년05월09일,
15년05월10일,
15년05월11일,79.73
15년05월12일,79.17
15년05월13일,81.22
15년05월14일,81.04
15년05월15일,81.93
15년05월16일,
15년05월17일,
15년05월18일,82.35
15년05월19일,81.25
15년05월20일,80.43
15년05월21일,81.1
15년05월22일,83.04
15년05월23일,
15년05월24일,
15년05월25일,81.83
15년05월26일,81.85
15년05월27일,80.28
15년05월28일,78.14
15년05월29일,78.5
15년05월30일,
15년05월31일,
15년06월01일,
15년06월02일,79.9
15년06월03일,79.77
15년06월04일,78.06
15년06월05일,75.97
15년06월06일,
15년06월07일,
15년06월08일,77.44
15년06월09일,77.9
15년06월10일,81.01
15년06월11일,81.0
15년06월12일,79.29
15년06월13일,
15년06월14일,
15년06월15일,78.17
15년06월16일,77.27
15년06월17일,77.64
15년06월18일,77.83
15년06월19일,77.79
15년06월20일,
15년06월21일,
15년06월22일,76.47
15년06월23일,76.18
15년06월24일,77.28
15년06월25일,76.42
15년06월26일,76.29
15년06월27일,
15년06월28일,
15년06월29일,75.68
15년06월30일,75.88
15년07월01일,77.47
15년07월02일,75.61
15년07월03일,75.51
15년07월04일,
15년07월05일,
15년07월06일,73.99
15년07월07일,70.88
15년07월08일,70.21
15년07월09일,71.46
15년07월10일,72.01
15년07월11일,
15년07월12일,
15년07월13일,71.96
15년07월14일,70.73
15년07월15일,71.2
15년07월16일,69.35
15년07월17일,
15년07월18일,
15년07월19일,
15년07월20일,68.59
15년07월21일,67.7
15년07월22일,68.06
15년07월23일,67.22
15년07월24일,66.35
15년07월25일,
15년07월26일,
15년07월27일,65.87
15년07월28일,63.69
15년07월29일,63.82
15년07월30일,64.46
15년07월31일,63.99
15년08월01일,
15년08월02일,
15년08월03일,63.07
15년08월04일,63.21
15년08월05일,63.16
15년08월06일,62.96
15년08월07일,
15년08월08일,
15년08월09일,
15년08월10일,
15년08월11일,63.86
15년08월12일,62.3
15년08월13일,62.96
15년08월14일,62.57
15년08월15일,
15년08월16일,
15년08월17일,61.58
15년08월18일,61.71
15년08월19일,61.74
15년08월20일,59.88
15년08월21일,59.24
15년08월22일,
15년08월23일,
15년08월24일,57.08
15년08월25일,55.8
15년08월26일,56.12
15년08월27일,56.37
15년08월28일,59.92
15년08월29일,
15년08월30일,
15년08월31일,62.07
15년09월01일,63.39
15년09월02일,60.99
15년09월03일,61.37
15년09월04일,61.72
15년09월05일,
15년09월06일,
15년09월07일,60.82
15년09월08일,59.86
15년09월09일,61.62
15년09월10일,59.81
15년09월11일,
15년09월12일,
15년09월13일,
15년09월14일,60.68
15년09월15일,58.71
15년09월16일,59.02
15년09월17일,62.37
15년09월18일,61.47
15년09월19일,
15년09월20일,
15년09월21일,59.7
15년09월22일,60.15
15년09월23일,60.52
15년09월24일,
15년09월25일,60.12
15년09월26일,
15년09월27일,
15년09월28일,60.14
15년09월29일,58.81
15년09월30일,59.26
15년10월01일,61.57
15년10월02일,61.18
15년10월03일,
15년10월04일,
15년10월05일,61.67
15년10월06일,62.65
15년10월07일,65.71
15년10월08일,64.63
15년10월09일,64.88
15년10월10일,
15년10월11일,
15년10월12일,64.46
15년10월13일,61.48
15년10월14일,60.7
15년10월15일,60.57
15년10월16일,60.89
15년10월17일,
15년10월18일,
15년10월19일,60.52
15년10월20일,58.61
15년10월21일,58.18
15년10월22일,59.19
15년10월23일,59.31
15년10월24일,
15년10월25일,
15년10월26일,58.83
15년10월27일,58.31
15년10월28일,58.37
15년10월29일,59.9
15년10월30일,59.3
15년10월31일,
15년11월01일,
15년11월02일,60.02
15년11월03일,59.63
15년11월04일,61.38
15년11월05일,60.59
15년11월06일,59.82
15년11월07일,
15년11월08일,
15년11월09일,60.04
15년11월10일,
15년11월11일,59.72
15년11월12일,58.52
15년11월13일,57.34
15년11월14일,
15년11월15일,
15년11월16일,56.84
15년11월17일,56.6
15년11월18일,56.48
15년11월19일,56.87
15년11월20일,56.78
15년11월21일,
15년11월22일,
15년11월23일,56.19
15년11월24일,57.95
15년11월25일,58.46
15년11월26일,57.78
15년11월27일,57.06
15년11월28일,
15년11월29일,
15년11월30일,56.94
15년12월01일,56.9
15년12월02일,55.78
15년12월03일,53.95
15년12월04일,54.94
15년12월05일,
15년12월06일,
15년12월07일,53.98
15년12월08일,51.95
15년12월09일,51.05
15년12월10일,51.08
15년12월11일,50.59
15년12월12일,
15년12월13일,
15년12월14일,48.62
15년12월15일,46.72
15년12월16일,46.64
15년12월17일,44.83
15년12월18일,44.84
15년12월19일,
15년12월20일,
15년12월21일,43.64
15년12월22일,43.95
15년12월23일,43.79
15년12월24일,45.03
15년12월25일,
15년12월26일,
15년12월27일,
15년12월28일,44.63
15년12월29일,44.24
15년12월30일,44.88
15년12월31일,44.29
16년01월01일,
16년01월02일,
16년01월03일,
16년01월04일,44.42
16년01월05일,42.92
16년01월06일,42.24
16년01월07일,39.18
16년01월08일,40.66
16년01월09일,
16년01월10일,
16년01월11일,39.23
16년01월12일,37.27
16년01월13일,37.18
16년01월14일,36.65
16년01월15일,37.2
16년01월16일,
16년01월17일,
16년01월18일,35.24
16년01월19일,35.92
16년01월20일,33.29
16년01월21일,32.61
16년01월22일,33.91
16년01월23일,
16년01월24일,
16년01월25일,36.71
16년01월26일,35.33
16년01월27일,36.67
16년01월28일,37.68
16년01월29일,38.98
16년01월30일,
16년01월31일,
16년02월01일,39.39
16년02월02일,38.48
16년02월03일,38.28
16년02월04일,40.9
16년02월05일,40.54
16년02월06일,
16년02월07일,
16년02월08일,
16년02월09일,
16년02월10일,36.88
16년02월11일,36.17
16년02월12일,37.69
16년02월13일,
16년02월14일,
16년02월15일,40.5
16년02월16일,42.49
16년02월17일,39.67
16년02월18일,42.15
16년02월19일,41.97
16년02월20일,
16년02월21일,
16년02월22일,41.13
16년02월23일,41.17
16년02월24일,39.78
16년02월25일,40.74
16년02월26일,41.38
16년02월27일,
16년02월28일,
16년02월29일,41.3
16년03월01일,43.25
16년03월02일,43.48
16년03월03일,43.49
16년03월04일,43.52
16년03월05일,
16년03월06일,
16년03월07일,45.72
16년03월08일,47.26
16년03월09일,46.64
16년03월10일,48.16
16년03월11일,48.38
16년03월12일,
16년03월13일,
16년03월14일,47.76
16년03월15일,46.45
16년03월16일,46.61
16년03월17일,48.91
16년03월18일,49.44
16년03월19일,
16년03월20일,
16년03월21일,49.12
16년03월22일,49.36
16년03월23일,49.43
16년03월24일,48.12
16년03월25일,
16년03월26일,
16년03월27일,
16년03월28일,48.43
16년03월29일,47.24
16년03월30일,45.93
16년03월31일,45.34
16년04월01일,46.03
16년04월02일,
16년04월03일,
16년04월04일,44.13
16년04월05일,44.07
16년04월06일,44.26
16년04월07일,46.39
16년04월08일,46.74
16년04월09일,
16년04월10일,
16년04월11일,47.6
16년04월12일,49.38
16년04월13일,50.6
16년04월14일,50.02
16년04월15일,49.69
16년04월16일,
16년04월17일,
16년04월18일,47.85
16년04월19일,49.63
16년04월20일,49.48
16년04월21일,52.95
16년04월22일,52.35
16년04월23일,
16년04월24일,
16년04월25일,52.21
16년04월26일,52.67
16년04월27일,54.55
16년04월28일,54.52
16년04월29일,55.95
16년04월30일,
16년05월01일,
16년05월02일,
16년05월03일,53.59
16년05월04일,52.46
16년05월05일,53.29
16년05월06일,53.13
16년05월07일,
16년05월08일,
16년05월09일,53.86
16년05월10일,52.05
16년05월11일,53.41
16년05월12일,56.15
16년05월13일,55.56
16년05월14일,
16년05월15일,
16년05월16일,56.59
16년05월17일,57.24
16년05월18일,57.48
16년05월19일,57.01
16년05월20일,57.94
16년05월21일,
16년05월22일,
16년05월23일,57.91
16년05월24일,57.63
16년05월25일,58.93
16년05월26일,58.69
16년05월27일,57.66
16년05월28일,
16년05월29일,
16년05월30일,58.19
16년05월31일,58.76
16년06월01일,58.35
16년06월02일,59.27
16년06월03일,59.67
16년06월04일,
16년06월05일,
16년06월06일,59.16
16년06월07일,59.55
16년06월08일,61.03
16년06월09일,62.11
16년06월10일,60.99
16년06월11일,
16년06월12일,
16년06월13일,59.3
16년06월14일,58.69
16년06월15일,58.81
16년06월16일,57.65
16년06월17일,56.74
16년06월18일,
16년06월19일,
16년06월20일,59.59
16년06월21일,59.51
16년06월22일,60.01
16년06월23일,59.14
16년06월24일,57.73
16년06월25일,
16년06월26일,
16년06월27일,57.5
16년06월28일,57.06
16년06월29일,58.46
16년06월30일,59.61
16년07월01일,58.4
16년07월02일,
16년07월03일,
16년07월04일,60.03
16년07월05일,57.67
16년07월06일,
16년07월07일,58.36
16년07월08일,56.33
16년07월09일,
16년07월10일,
16년07월11일,56.29
16년07월12일,56.34
16년07월13일,56.53
16년07월14일,54.78
16년07월15일,54.48
16년07월16일,
16년07월17일,
16년07월18일,54.96
16년07월19일,53.95
16년07월20일,55.03
16년07월21일,55.33
16년07월22일,53.56
16년07월23일,
16년07월24일,
16년07월25일,53.68
16년07월26일,51.76
16년07월27일,51.79
16년07월28일,50.98
16년07월29일,50.62
16년07월30일,
16년07월31일,
16년08월01일,49.79
16년08월02일,48.93
16년08월03일,48.61
16년08월04일,49.44
16년08월05일,50.38
16년08월06일,
16년08월07일,
16년08월08일,50.83
16년08월09일,
16년08월10일,51.2
16년08월11일,50.55
16년08월12일,53.5
16년08월13일,
16년08월14일,
16년08월15일,55.23
16년08월16일,56.08
16년08월17일,56.04
16년08월18일,57.6
16년08월19일,58.3
16년08월20일,
16년08월21일,
16년08월22일,57.96
16년08월23일,56.56
16년08월24일,56.96
16년08월25일,56.5
16년08월26일,56.76
16년08월27일,
16년08월28일,
16년08월29일,56.35
16년08월30일,56.84
16년08월31일,55.58
16년09월01일,53.94
16년09월02일,52.38
16년09월03일,
16년09월04일,
16년09월05일,55.56
16년09월06일,54.49
16년09월07일,54.94
16년09월08일,56.23
16년09월09일,57.06
16년09월10일,
16년09월11일,
16년09월12일,
16년09월13일,55.06
16년09월14일,54.9
16년09월15일,53.44
16년09월16일,54.1
16년09월17일,
16년09월18일,
16년09월19일,54.51
16년09월20일,53.63
16년09월21일,55.1
16년09월22일,55.61
16년09월23일,55.89
16년09월24일,
16년09월25일,
16년09월26일,54.57
16년09월27일,55.73
16년09월28일,55.08
16년09월29일,57.6
16년09월30일,58.29
16년10월01일,
16년10월02일,
16년10월03일,59.91
16년10월04일,59.18
16년10월05일,61.2
16년10월06일,61.0
16년10월07일,62.28
16년10월08일,
16년10월09일,
16년10월10일,61.11
16년10월11일,62.38
16년10월12일,62.77
16년10월13일,61.99
16년10월14일,62.55
16년10월15일,
16년10월16일,
16년10월17일,61.57
16년10월18일,61.57
16년10월19일,62.92
16년10월20일,62.21
16년10월21일,61.66
16년10월22일,
16년10월23일,
16년10월24일,62.41
16년10월25일,61.7
16년10월26일,61.02
16년10월27일,61.58
16년10월28일,61.74
16년10월29일,
16년10월30일,
16년10월31일,61.14
16년11월01일,60.61
16년11월02일,58.32
16년11월03일,57.52
16년11월04일,56.96
16년11월05일,
16년11월06일,
16년11월07일,56.0
16년11월08일,56.41
16년11월09일,56.07
16년11월10일,56.79
16년11월11일,55.95
16년11월12일,
16년11월13일,
16년11월14일,55.05
16년11월15일,54.87
16년11월16일,56.32
16년11월17일,55.98
16년11월18일,55.37
16년11월19일,
16년11월20일,
16년11월21일,57.43
16년11월22일,58.84
16년11월23일,59.05
16년11월24일,58.55
16년11월25일,58.48
16년11월26일,
16년11월27일,
16년11월28일,55.9
16년11월29일,57.63
16년11월30일,56.64
16년12월01일,60.24
16년12월02일,62.1
16년12월03일,
16년12월04일,
16년12월05일,63.17
16년12월06일,62.86
16년12월07일,62.08
16년12월08일,62.24
16년12월09일,63.15
16년12월10일,
16년12월11일,
16년12월12일,65.92
16년12월13일,64.54
16년12월14일,64.18
16년12월15일,63.51
16년12월16일,63.13
16년12월17일,
16년12월18일,
16년12월19일,65.37
16년12월20일,65.44
16년12월21일,65.67
16년12월22일,64.33
16년12월23일,64.57
16년12월24일,
16년12월25일,
16년12월26일,
16년12월27일,65.39
16년12월28일,66.91
16년12월29일,66.99
16년12월30일,66.92
16년12월31일,
17년01월01일,
17년01월02일,
17년01월03일,67.22
17년01월04일,66.76
17년01월05일,66.49
17년01월06일,66.93
17년01월07일,
17년01월08일,
17년01월09일,66.63
17년01월10일,65.12
17년01월11일,64.06
17년01월12일,66.02
17년01월13일,66.54
17년01월14일,
17년01월15일,
17년01월16일,65.75
17년01월17일,65.88
17년01월18일,66.4
17년01월19일,64.83
17년01월20일,64.6
17년01월21일,
17년01월22일,
17년01월23일,65.44
17년01월24일,65.98
17년01월25일,65.43
17년01월26일,66.28
17년01월27일,66.81
17년01월28일,
17년01월29일,
17년01월30일,
17년01월31일,65.75
17년02월01일,65.7
17년02월02일,67.25
17년02월03일,67.88
17년02월04일,
17년02월05일,
17년02월06일,67.94
17년02월07일,67.08
17년02월08일,66.38
17년02월09일,67.13
17년02월10일,67.44
17년02월11일,
17년02월12일,
17년02월13일,68.08
17년02월14일,67.05
17년02월15일,66.75
17년02월16일,67.22
17년02월17일,67.21
17년02월18일,
17년02월19일,
17년02월20일,67.66
17년02월21일,67.62
17년02월22일,67.53
17년02월23일,67.89
17년02월24일,67.6
17년02월25일,
17년02월26일,
17년02월27일,68.02
17년02월28일,
17년03월01일,67.47
17년03월02일,66.79
17년03월03일,65.9
17년03월04일,
17년03월05일,
17년03월06일,65.93
17년03월07일,66.62
17년03월08일,66.17
17년03월09일,64.49
17년03월10일,62.88
17년03월11일,
17년03월12일,
17년03월13일,61.83
17년03월14일,61.68
17년03월15일,61.99
17년03월16일,62.5
17년03월17일,61.71
17년03월18일,
17년03월19일,
17년03월20일,61.65
17년03월21일,62.14
17년03월22일,60.76
17년03월23일,60.61
17년03월24일,60.44
17년03월25일,
17년03월26일,
17년03월27일,60.52
17년03월28일,61.4
17년03월29일,62.33
17년03월30일,62.85
17년03월31일,63.14
17년04월01일,
17년04월02일,
17년04월03일,63.81
17년04월04일,62.95
17년04월05일,64.83
17년04월06일,64.78
17년04월07일,65.94
17년04월08일,
17년04월09일,
17년04월10일,66.05
17년04월11일,66.71
17년04월12일,67.47
17년04월13일,67.12
17년04월14일,
17년04월15일,
17년04월16일,
17년04월17일,66.59
17년04월18일,66.19
17년04월19일,66.18
17년04월20일,64.8
17년04월21일,64.56
17년04월22일,
17년04월23일,
17년04월24일,64.5
17년04월25일,63.66
17년04월26일,63.76
17년04월27일,63.02
17년04월28일,62.66
17년04월29일,
17년04월30일,
17년05월01일,
17년05월02일,
17년05월03일,60.88
17년05월04일,
17년05월05일,58.43
17년05월06일,
17년05월07일,
17년05월08일,
17년05월09일,59.53
17년05월10일,
17년05월11일,61.09
17년05월12일,59.7
17년05월13일,
17년05월14일,
17년05월15일,61.71
17년05월16일,61.6
17년05월17일,61.13
17년05월18일,62.17
17년05월19일,63.49
17년05월20일,
17년05월21일,
17년05월22일,64.46
17년05월23일,63.96
17년05월24일,64.79
17년05월25일,64.77
17년05월26일,62.27
17년05월27일,
17년05월28일,
17년05월29일,62.41
17년05월30일,62.32
17년05월31일,61.69
17년06월01일,61.37
17년06월02일,59.42
17년06월03일,
17년06월04일,
17년06월05일,59.48
17년06월06일,59.01
17년06월07일,59.17
17년06월08일,58.35
17년06월09일,57.68
17년06월10일,
17년06월11일,
17년06월12일,58.55
17년06월13일,58.8
17년06월14일,58.83
17년06월15일,57.55
17년06월16일,58.5
17년06월17일,
17년06월18일,
17년06월19일,58.15
17년06월20일,57.98
17년06월21일,56.71
17년06월22일,55.58
17년06월23일,56.28
17년06월24일,
17년06월25일,
17년06월26일,
17년06월27일,57.04
17년06월28일,57.97
17년06월29일,59.61
17년06월30일,59.71
17년07월01일,
17년07월02일,
17년07월03일,60.92
17년07월04일,62.19
17년07월05일,62.83
17년07월06일,61.84
17년07월07일,59.99
17년07월08일,
17년07월09일,
17년07월10일,58.91
17년07월11일,59.01
17년07월12일,60.59
17년07월13일,59.17
17년07월14일,60.31
17년07월15일,
17년07월16일,
17년07월17일,60.74
17년07월18일,60.25
17년07월19일,60.34
17년07월20일,62.3
17년07월21일,62.27
17년07월22일,
17년07월23일,
17년07월24일,60.6
17년07월25일,61.19
17년07월26일,63.21
17년07월27일,64.18
17년07월28일,64.46
17년07월29일,
17년07월30일,
17년07월31일,65.81
17년08월01일,66.13
17년08월02일,64.94
17년08월03일,65.3
17년08월04일,64.03
17년08월05일,
17년08월06일,
17년08월07일,64.42
17년08월08일,64.74
17년08월09일,
17년08월10일,65.54
17년08월11일,63.83
17년08월12일,
17년08월13일,
17년08월14일,64.65
17년08월15일,63.3
17년08월16일,63.63
17년08월17일,62.04
17년08월18일,62.77
17년08월19일,
17년08월20일,
17년08월21일,63.96
17년08월22일,62.98
17년08월23일,62.98
17년08월24일,64.36
17년08월25일,64.82
17년08월26일,
17년08월27일,
17년08월28일,64.9
17년08월29일,64.51
17년08월30일,65.37
17년08월31일,65.11
17년09월01일,
17년09월02일,
17년09월03일,
17년09월04일,66.73
17년09월05일,67.3
17년09월06일,68.42
17년09월07일,69.43
17년09월08일,69.96
17년09월09일,
17년09월10일,
17년09월11일,68.37
17년09월12일,67.58
17년09월13일,67.93
17년09월14일,68.94
17년09월15일,68.72
17년09월16일,
17년09월17일,
17년09월18일,68.96
17년09월19일,68.99
17년09월20일,69.3
17년09월21일,69.81
17년09월22일,70.15
17년09월23일,
17년09월24일,
17년09월25일,69.86
17년09월26일,71.44
17년09월27일,71.67
17년09월28일,71.5
17년09월29일,71.92
17년09월30일,
17년10월01일,
17년10월02일,71.05
17년10월03일,69.42
17년10월04일,68.45
17년10월05일,69.84
17년10월06일,70.56
17년10월07일,
17년10월08일,
17년10월09일,68.78
17년10월10일,68.94
17년10월11일,69.92
17년10월12일,69.79
17년10월13일,70.29
17년10월14일,
17년10월15일,
17년10월16일,70.9
17년10월17일,71.21
17년10월18일,
17년10월19일,69.91
17년10월20일,69.29
17년10월21일,
17년10월22일,
17년10월23일,70.42
17년10월24일,69.55
17년10월25일,70.75
17년10월26일,70.31
17년10월27일,71.4
17년10월28일,
17년10월29일,
17년10월30일,72.33
17년10월31일,72.24
17년11월01일,73.14
17년11월02일,71.61
17년11월03일,71.25
17년11월04일,
17년11월05일,
17년11월06일,72.84
17년11월07일,74.73
17년11월08일,74.01
17년11월09일,73.85
17년11월10일,74.55
17년11월11일,
17년11월12일,
17년11월13일,74.25
17년11월14일,74.32
17년11월15일,73.17
17년11월16일,74.0
17년11월17일,73.44
17년11월18일,
17년11월19일,
17년11월20일,74.72
17년11월21일,74.95
17년11월22일,75.57
17년11월23일,74.79
17년11월24일,75.36
17년11월25일,
17년11월26일,
17년11월27일,74.9
17년11월28일,75.15
17년11월29일,74.72
17년11월30일,74.05
17년12월01일,73.96
17년12월02일,
17년12월03일,
17년12월04일,74.71
17년12월05일,73.6
17년12월06일,74.58
17년12월07일,73.05
17년12월08일,74.54
17년12월09일,
17년12월10일,
17년12월11일,75.28
17년12월12일,77.24
17년12월13일,76.06
17년12월14일,74.77
17년12월15일,75.31
17년12월16일,
17년12월17일,
17년12월18일,75.29
17년12월19일,75.85
17년12월20일,76.23
17년12월21일,76.49
17년12월22일,76.86
17년12월23일,
17년12월24일,
17년12월25일,
17년12월26일,77.28
17년12월27일,78.81
17년12월28일,78.63
17년12월29일,79.33
17년12월30일,
17년12월31일,
18년01월01일,
18년01월02일,79.62
18년01월03일,79.55
18년01월04일,81.13
18년01월05일,80.88
18년01월06일,
18년01월07일,
18년01월08일,80.42
18년01월09일,80.44
18년01월10일,81.53
18년01월11일,81.67
18년01월12일,81.77
18년01월13일,
18년01월14일,
18년01월15일,82.29
18년01월16일,82.66
18년01월17일,82.15
18년01월18일,82.0
18년01월19일,81.12
18년01월20일,
18년01월21일,
18년01월22일,81.5
18년01월23일,81.98
18년01월24일,82.77
18년01월25일,84.27
18년01월26일,83.82
18년01월27일,
18년01월28일,
18년01월29일,84.34
18년01월30일,82.69
18년01월31일,82.06
18년02월01일,82.75
18년02월02일,83.64
18년02월03일,
18년02월04일,
18년02월05일,81.09
18년02월06일,80.16
18년02월07일,80.03
18년02월08일,77.6
18년02월09일,76.8
18년02월10일,
18년02월11일,
18년02월12일,75.47
18년02월13일,74.63
18년02월14일,73.57
18년02월15일,75.79
18년02월16일,
18년02월17일,
18년02월18일,
18년02월19일,76.72
18년02월20일,76.93
18년02월21일,76.25
18년02월22일,76.6
18년02월23일,77.87
18년02월24일,
18년02월25일,
18년02월26일,79.3
18년02월27일,79.69
18년02월28일,78.45
18년03월01일,76.43
18년03월02일,75.35
18년03월03일,
18년03월04일,
18년03월05일,76.1
18년03월06일,75.95
18년03월07일,76.34
18년03월08일,76.46
18년03월09일,76.0
18년03월10일,
18년03월11일,
18년03월12일,77.3
18년03월13일,76.64
18년03월14일,76.9
18년03월15일,77.23
18년03월16일,77.33
18년03월17일,
18년03월18일,
18년03월19일,78.12
18년03월20일,78.84
18년03월21일,79.69
18년03월22일,81.21
18년03월23일,81.03
18년03월24일,
18년03월25일,
18년03월26일,81.93
18년03월27일,82.62
18년03월28일,82.32
18년03월29일,82.36
18년03월30일,
18년03월31일,
18년04월01일,
18년04월02일,83.49
18년04월03일,81.85
18년04월04일,81.22
18년04월05일,81.13
18년04월06일,80.72
18년04월07일,
18년04월08일,
18년04월09일,80.58
18년04월10일,82.44
18년04월11일,83.7
18년04월12일,85.13
18년04월13일,84.89
18년04월14일,
18년04월15일,
18년04월16일,84.02
18년04월17일,83.91
18년04월18일,84.41
18년04월19일,86.38
18년04월20일,86.01
18년04월21일,
18년04월22일,
18년04월23일,85.96
18년04월24일,87.13
18년04월25일,86.37
18년04월26일,86.88
18년04월27일,87.21
18년04월28일,
18년04월29일,
18년04월30일,86.6
18년05월01일,
18년05월02일,86.64
18년05월03일,86.66
18년05월04일,86.16
18년05월05일,
18년05월06일,
18년05월07일,88.52
18년05월08일,88.4
18년05월09일,90.02
18년05월10일,90.47
18년05월11일,90.52
18년05월12일,
18년05월13일,
18년05월14일,90.24
18년05월15일,91.89
18년05월16일,91.35
18년05월17일,93.14
18년05월18일,93.56
18년05월19일,
18년05월20일,
18년05월21일,92.88
18년05월22일,93.24
18년05월23일,92.56
18년05월24일,93.14
18년05월25일,91.7
18년05월26일,
18년05월27일,
18년05월28일,89.36
18년05월29일,
18년05월30일,89.62
18년05월31일,90.92
18년06월01일,90.19
18년06월02일,
18년06월03일,
18년06월04일,89.1
18년06월05일,88.49
18년06월06일,88.21
18년06월07일,87.66
18년06월08일,89.08
18년06월09일,
18년06월10일,
18년06월11일,88.55
18년06월12일,89.04
18년06월13일,87.85
18년06월14일,88.65
18년06월15일,
18년06월16일,
18년06월17일,
18년06월18일,84.74
18년06월19일,86.06
18년06월20일,86.84
18년06월21일,84.74
18년06월22일,85.0
18년06월23일,
18년06월24일,
18년06월25일,85.95
18년06월26일,85.48
18년06월27일,86.57
18년06월28일,87.7
18년06월29일,88.02
18년06월30일,
18년07월01일,
18년07월02일,88.17
18년07월03일,87.21
18년07월04일,87.82
18년07월05일,88.11
18년07월06일,88.26
18년07월07일,
18년07월08일,
18년07월09일,88.59
18년07월10일,89.68
18년07월11일,88.43
18년07월12일,85.82
18년07월13일,84.75
18년07월14일,
18년07월15일,
18년07월16일,86.26
18년07월17일,83.68
18년07월18일,83.06
18년07월19일,84.22
18년07월20일,85.66
18년07월21일,
18년07월22일,
18년07월23일,85.68
18년07월24일,86.08
18년07월25일,87.18
18년07월26일,88.24
18년07월27일,88.32
18년07월28일,
18년07월29일,
18년07월30일,87.97
18년07월31일,88.1
18년08월01일,86.88
18년08월02일,85.66
18년08월03일,86.77
18년08월04일,
18년08월05일,
18년08월06일,87.43
18년08월07일,88.25
18년08월08일,88.88
18년08월09일,
18년08월10일,86.41
18년08월11일,
18년08월12일,
18년08월13일,87.62
18년08월14일,88.09
18년08월15일,87.05
18년08월16일,86.12
18년08월17일,86.84
18년08월18일,
18년08월19일,
18년08월20일,87.13
18년08월21일,87.3
18년08월22일,
18년08월23일,89.31
18년08월24일,90.59
18년08월25일,
18년08월26일,
18년08월27일,90.81
18년08월28일,91.7
18년08월29일,90.93
18년08월30일,92.44
18년08월31일,92.39
18년09월01일,
18년09월02일,
18년09월03일,93.5
18년09월04일,94.89
18년09월05일,92.82
18년09월06일,92.32
18년09월07일,91.46
18년09월08일,
18년09월09일,
18년09월10일,92.51
18년09월11일,92.56
18년09월12일,93.52
18년09월13일,93.24
18년09월14일,92.37
18년09월15일,
18년09월16일,
18년09월17일,92.19
18년09월18일,91.49
18년09월19일,93.2
18년09월20일,94.11
18년09월21일,93.92
18년09월22일,
18년09월23일,
18년09월24일,94.85
18년09월25일,96.09
18년09월26일,96.66
18년09월27일,97.13
18년09월28일,96.66
18년09월29일,
18년09월30일,
18년10월01일,98.25
18년10월02일,100.75
18년10월03일,100.85
18년10월04일,100.9
18년10월05일,99.47
18년10월06일,
18년10월07일,
18년10월08일,98.07
18년10월09일,99.81
18년10월10일,100.08
18년10월11일,98.11
18년10월12일,97.31
18년10월13일,
18년10월14일,
18년10월15일,96.8
18년10월16일,96.07
18년10월17일,97.84
18년10월18일,96.38
18년10월19일,95.92
18년10월20일,
18년10월21일,
18년10월22일,97.31
18년10월23일,96.51
18년10월24일,93.64
18년10월25일,94.23
18년10월26일,95.25
18년10월27일,
18년10월28일,
18년10월29일,95.33
18년10월30일,94.01
18년10월31일,93.67
18년11월01일,92.08
18년11월02일,89.88
18년11월03일,
18년11월04일,
18년11월05일,88.34
18년11월06일,
18년11월07일,88.51
18년11월08일,89.72
18년11월09일,86.72
18년11월10일,
18년11월11일,
18년11월12일,88.56
18년11월13일,86.97
18년11월14일,82.89
18년11월15일,84.07
18년11월16일,83.91
18년11월17일,
18년11월18일,
18년11월19일,83.19
18년11월20일,82.21
18년11월21일,78.8
18년11월22일,77.95
18년11월23일,76.27
18년11월24일,
18년11월25일,
18년11월26일,74.59
18년11월27일,73.83
18년11월28일,74.78
18년11월29일,72.11
18년11월30일,72.37
18년12월01일,
18년12월02일,
18년12월03일,74.58
18년12월04일,74.33
18년12월05일,72.33
18년12월06일,72.16
18년12월07일,71.58
18년12월08일,
18년12월09일,
18년12월10일,73.3
18년12월11일,71.15
18년12월12일,71.65
18년12월13일,71.35
18년12월14일,72.46
18년12월15일,
18년12월16일,
18년12월17일,71.49
18년12월18일,69.78
18년12월19일,67.97
18년12월20일,67.6
18년12월21일,66.18
18년12월22일,
18년12월23일,
18년12월24일,
18년12월25일,
18년12월26일,62.08
18년12월27일,65.42
18년12월28일,64.56
18년12월29일,
18년12월30일,
18년12월31일,
19년01월01일,
19년01월02일,63.61
19년01월03일,65.66
19년01월04일,68.83
19년01월05일,
19년01월06일,
19년01월07일,71.14
19년01월08일,70.81
19년01월09일,71.98
19년01월10일,73.5
19년01월11일,75.41
19년01월12일,
19년01월13일,
19년01월14일,73.19
19년01월15일,73.0
19년01월16일,73.77
19년01월17일,73.96
19년01월18일,74.45
19년01월19일,
19년01월20일,
19년01월21일,74.79
19년01월22일,74.75
19년01월23일,74.45
19년01월24일,73.63
19년01월25일,74.44
19년01월26일,
19년01월27일,
19년01월28일,73.31
19년01월29일,72.61
19년01월30일,74.8
19년01월31일,75.26
19년02월01일,74.2
19년02월02일,
19년02월03일,
19년02월04일,75.87
19년02월05일,
19년02월06일,
19년02월07일,75.82
19년02월08일,75.17
19년02월09일,
19년02월10일,
19년02월11일,76.09
19년02월12일,75.7
19년02월13일,76.88
19년02월14일,78.79
19년02월15일,79.47
19년02월16일,
19년02월17일,
19년02월18일,81.58
19년02월19일,81.09
19년02월20일,80.5
19년02월21일,81.39
19년02월22일,82.06
19년02월23일,
19년02월24일,
19년02월25일,82.1
19년02월26일,80.02
19년02월27일,81.26
19년02월28일,81.84
19년03월01일,82.63
19년03월02일,
19년03월03일,
19년03월04일,81.07
19년03월05일,81.11
19년03월06일,81.07
19년03월07일,81.37
19년03월08일,80.91
19년03월09일,
19년03월10일,
19년03월11일,81.59
19년03월12일,81.38
19년03월13일,80.89
19년03월14일,81.42
19년03월15일,81.23
19년03월16일,
19년03월17일,
19년03월18일,80.43
19년03월19일,80.84
19년03월20일,81.46
19년03월21일,82.08
19년03월22일,80.7
19년03월23일,
19년03월24일,
19년03월25일,79.69
19년03월26일,80.71
19년03월27일,80.73
19년03월28일,80.06
19년03월29일,80.27
19년03월30일,
19년03월31일,
19년04월01일,81.1
19년04월02일,80.93
19년04월03일,81.67
19년04월04일,80.68
19년04월05일,80.92
19년04월06일,
19년04월07일,
19년04월08일,83.04
19년04월09일,83.36
19년04월10일,82.82
19년04월11일,84.08
19년04월12일,83.81
19년04월13일,
19년04월14일,
19년04월15일,83.56
19년04월16일,83.28
19년04월17일,84.19
19년04월18일,83.62
19년04월19일,
19년04월20일,
19년04월21일,
19년04월22일,85.08
19년04월23일,85.44
19년04월24일,85.52
19년04월25일,85.57
19년04월26일,84.46
19년04월27일,
19년04월28일,
19년04월29일,82.56
19년04월30일,83.27
19년05월01일,
19년05월02일,83.78
19년05월03일,83.26
19년05월04일,
19년05월05일,
19년05월06일,82.87
19년05월07일,83.78
19년05월08일,82.45
19년05월09일,82.48
19년05월10일,83.19
19년05월11일,
19년05월12일,
19년05월13일,84.26
19년05월14일,82.65
19년05월15일,83.85
19년05월16일,85.62
19년05월17일,86.19
19년05월18일,
19년05월19일,
19년05월20일,
19년05월21일,84.74
19년05월22일,84.03
19년05월23일,82.86
19년05월24일,80.07
19년05월25일,
19년05월26일,
19년05월27일,80.43
19년05월28일,82.35
19년05월29일,80.64
19년05월30일,80.39
19년05월31일,77.43
19년06월01일,
19년06월02일,
19년06월03일,73.62
19년06월04일,73.24
19년06월05일,
19년06월06일,72.42
19년06월07일,73.67
19년06월08일,
19년06월09일,
19년06월10일,74.42
19년06월11일,73.6
19년06월12일,73.02
19년06월13일,73.39
19년06월14일,73.33
19년06월15일,
19년06월16일,
19년06월17일,74.14
19년06월18일,73.15
19년06월19일,74.56
19년06월20일,76.09
19년06월21일,77.59
19년06월22일,
19년06월23일,
19년06월24일,78.18
19년06월25일,77.14
19년06월26일,78.65
19년06월27일,79.02
19년06월28일,78.52
19년06월29일,
19년06월30일,
19년07월01일,80.04
19년07월02일,78.73
19년07월03일,75.84
19년07월04일,76.51
19년07월05일,76.11
19년07월06일,
19년07월07일,
19년07월08일,77.5
19년07월09일,76.9
19년07월10일,78.82
19년07월11일,81.77
19년07월12일,80.95
19년07월13일,
19년07월14일,
19년07월15일,80.51
19년07월16일,80.0
19년07월17일,78.83
19년07월18일,77.82
19년07월19일,77.82
19년07월20일,
19년07월21일,
19년07월22일,79.44
19년07월23일,78.35
19년07월24일,79.52
19년07월25일,79.07
19년07월26일,78.68
19년07월27일,
19년07월28일,
19년07월29일,78.58
19년07월30일,79.75
19년07월31일,81.0
19년08월01일,79.92
19년08월02일,76.8
19년08월03일,
19년08월04일,
19년08월05일,75.95
19년08월06일,74.99
19년08월07일,74.07
19년08월08일,72.7
19년08월09일,
19년08월10일,
19년08월11일,
19년08월12일,
19년08월13일,74.65
19년08월14일,76.9
19년08월15일,75.84
19년08월16일,75.09
19년08월17일,
19년08월18일,
19년08월19일,75.13
19년08월20일,75.38
19년08월21일,75.49
19년08월22일,75.78
19년08월23일,74.63
19년08월24일,
19년08월25일,
19년08월26일,74.17
19년08월27일,73.62
19년08월28일,74.77
19년08월29일,75.81
19년08월30일,76.17
19년08월31일,
19년09월01일,
19년09월02일,74.25
19년09월03일,73.13
19년09월04일,73.8
19년09월05일,75.92
19년09월06일,75.9
19년09월07일,
19년09월08일,
19년09월09일,76.74
19년09월10일,77.84
19년09월11일,78.28
19년09월12일,76.85
19년09월13일,74.98
19년09월14일,
19년09월15일,
19년09월16일,80.58
19년09월17일,84.26
19년09월18일,79.85
19년09월19일,80.16
19년09월20일,81.08
19년09월21일,
19년09월22일,
19년09월23일,80.68
19년09월24일,80.32
19년09월25일,78.26
19년09월26일,78.67
19년09월27일,79.23
19년09월28일,
19년09월29일,
19년09월30일,78.39
19년10월01일,77.94
19년10월02일,77.3
19년10월03일,75.6
19년10월04일,76.08
19년10월05일,
19년10월06일,
19년10월07일,76.34
19년10월08일,76.5
19년10월09일,76.56
19년10월10일,77.15
19년10월11일,79.33
19년10월12일,
19년10월13일,
19년10월14일,78.11
19년10월15일,76.61
19년10월16일,77.0
19년10월17일,77.04
19년10월18일,77.06
19년10월19일,
19년10월20일,
19년10월21일,76.93
19년10월22일,76.58
19년10월23일,76.66
19년10월24일,77.76
19년10월25일,78.78
19년10월26일,
19년10월27일,
19년10월28일,
19년10월29일,77.65
19년10월30일,77.26
19년10월31일,76.65
19년11월01일,75.41
19년11월02일,
19년11월03일,
19년11월04일,77.61
19년11월05일,77.74
19년11월06일,77.27
19년11월07일,76.45
19년11월08일,75.41
19년11월09일,
19년11월10일,
19년11월11일,75.32
19년11월12일,75.77
19년11월13일,74.51
19년11월14일,76.02
19년11월15일,76.33
19년11월16일,
19년11월17일,
19년11월18일,76.85
19년11월19일,74.74
19년11월20일,73.03
19년11월21일,74.33
19년11월22일,76.29
19년11월23일,
19년11월24일,
19년11월25일,76.11
19년11월26일,76.38
19년11월27일,77.41
19년11월28일,76.7
19년11월29일,76.98
19년11월30일,
19년12월01일,
19년12월02일,75.19
19년12월03일,75.37
19년12월04일,75.74
19년12월05일,76.91
19년12월06일,78.33
19년12월07일,
19년12월08일,
19년12월09일,77.93
19년12월10일,76.82
19년12월11일,77.2
19년12월12일,76.96
19년12월13일,78.18
19년12월14일,
19년12월15일,
19년12월16일,79.59
19년12월17일,80.43
19년12월18일,81.1
19년12월19일,80.63
19년12월20일,81.65
19년12월21일,
19년12월22일,
19년12월23일,80.55
19년12월24일,80.98
19년12월25일,
19년12월26일,82.02
19년12월27일,82.88
19년12월28일,
19년12월29일,
19년12월30일,82.97
19년12월31일,82.42
20년01월01일,
20년01월02일,81.63
20년01월03일,83.5
20년01월04일,
20년01월05일,
20년01월06일,83.89
20년01월07일,81.88
20년01월08일,82.96
20년01월09일,80.17
20년01월10일,79.15
20년01월11일,
20년01월12일,
20년01월13일,78.47
20년01월14일,76.48
20년01월15일,76.36
20년01월16일,75.59
20년01월17일,75.78
20년01월18일,
20년01월19일,
20년01월20일,76.68
20년01월21일,75.9
20년01월22일,75.29
20년01월23일,73.72
20년01월24일,73.71
20년01월25일,
20년01월26일,
20년01월27일,
20년01월28일,68.38
20년01월29일,70.42
20년01월30일,68.37
20년01월31일,68.42
20년02월01일,
20년02월02일,
20년02월03일,66.97
20년02월04일,66.63
20년02월05일,65.78
20년02월06일,68.23
20년02월07일,67.9
20년02월08일,
20년02월09일,
20년02월10일,66.02
20년02월11일,66.24
20년02월12일,67.55
20년02월13일,67.66
20년02월14일,68.03
20년02월15일,
20년02월16일,
20년02월17일,67.87
20년02월18일,66.96
20년02월19일,67.43
20년02월20일,68.49
20년02월21일,67.39
20년02월22일,
20년02월23일,
20년02월24일,65.64
20년02월25일,64.89
20년02월26일,62.2
20년02월27일,58.93
20년02월28일,58.52
20년02월29일,
20년03월01일,
20년03월02일,60.66
20년03월03일,61.16
20년03월04일,59.89
20년03월05일,59.96
20년03월06일,57.74
20년03월07일,
20년03월08일,
20년03월09일,46.14
20년03월10일,48.1
20년03월11일,49.03
20년03월12일,44.82
20년03월13일,45.81
20년03월14일,
20년03월15일,
20년03월16일,41.22
20년03월17일,41.11
20년03월18일,38.69
20년03월19일,36.91
20년03월20일,41.43
20년03월21일,
20년03월22일,
20년03월23일,37.12
20년03월24일,39.51
20년03월25일,39.65
20년03월26일,37.94
20년03월27일,37.98
20년03월28일,
20년03월29일,
20년03월30일,37.97
20년03월31일,37.63
20년04월01일,35.08
20년04월02일,34.88
20년04월03일,36.0
20년04월04일,
20년04월05일,
20년04월06일,37.48
20년04월07일,37.1
20년04월08일,36.21
20년04월09일,35.77
20년04월10일,
20년04월11일,
20년04월12일,
20년04월13일,33.35
20년04월14일,33.63
20년04월15일,31.45
20년04월16일,32.88
20년04월17일,33.53
20년04월18일,
20년04월19일,
20년04월20일,32.73
20년04월21일,26.92
20년04월22일,22.89
20년04월23일,27.45
20년04월24일,26.22
20년04월25일,
20년04월26일,
20년04월27일,25.66
20년04월28일,23.95
20년04월29일,26.46
20년04월30일,30.28
20년05월01일,
20년05월02일,
20년05월03일,
20년05월04일,29.35
20년05월05일,32.46
20년05월06일,33.27
20년05월07일,
20년05월08일,31.96
20년05월09일,
20년05월10일,
20년05월11일,33.59
20년05월12일,32.98
20년05월13일,31.94
20년05월14일,33.05
20년05월15일,35.06
20년05월16일,
20년05월17일,
20년05월18일,38.04
20년05월19일,39.4
20년05월20일,39.36
20년05월21일,40.74
20년05월22일,38.39
20년05월23일,
20년05월24일,
20년05월25일,
20년05월26일,41.54
20년05월27일,40.67
20년05월28일,38.67
20년05월29일,38.85
20년05월30일,
20년05월31일,
20년06월01일,42.35
20년06월02일,43.07
20년06월03일,43.82
20년06월04일,43.08
20년06월05일,43.92
20년06월06일,
20년06월07일,
20년06월08일,47.15
20년06월09일,45.69
20년06월10일,46.72
20년06월11일,46.93
20년06월12일,44.38
20년06월13일,
20년06월14일,
20년06월15일,45.15
20년06월16일,47.73
20년06월17일,49.01
20년06월18일,48.06
20년06월19일,49.64
20년06월20일,
20년06월21일,
20년06월22일,49.11
20년06월23일,49.8
20년06월24일,48.98
20년06월25일,47.31
20년06월26일,48.25
20년06월27일,
20년06월28일,
20년06월29일,46.97
20년06월30일,48.3
20년07월01일,49.71
20년07월02일,49.85
20년07월03일,49.9
20년07월04일,
20년07월05일,
20년07월06일,50.85
20년07월07일,49.6
20년07월08일,49.77
20년07월09일,50.22
20년07월10일,
20년07월11일,
20년07월12일,
20년07월13일,50.19
20년07월14일,49.51
20년07월15일,50.41
20년07월16일,49.93
20년07월17일,49.94
20년07월18일,
20년07월19일,
20년07월20일,49.48
20년07월21일,51.05
20년07월22일,51.43
20년07월23일,51.77
20년07월24일,49.85
20년07월25일,
20년07월26일,
20년07월27일,49.83
20년07월28일,50.16
20년07월29일,50.01
20년07월30일,49.81
20년07월31일,
20년08월01일,
20년08월02일,
20년08월03일,48.73
20년08월04일,48.62
20년08월05일,50.02
20년08월06일,50.16
20년08월07일,49.63
20년08월08일,
20년08월09일,
20년08월10일,
20년08월11일,50.0
20년08월12일,49.7
20년08월13일,49.93
20년08월14일,49.23
20년08월15일,
20년08월16일,
20년08월17일,49.32
20년08월18일,49.64
20년08월19일,49.81
20년08월20일,49.22
20년08월21일,48.94
20년08월22일,
20년08월23일,
20년08월24일,49.1
20년08월25일,49.74
20년08월26일,50.0
20년08월27일,49.53
20년08월28일,48.08
20년08월29일,
20년08월30일,
20년08월31일,49.6
20년09월01일,48.65
20년09월02일,48.65
20년09월03일,46.13
20년09월04일,46.19
20년09월05일,
20년09월06일,
20년09월07일,44.43
20년09월08일,43.58
20년09월09일,42.52
20년09월10일,42.72
20년09월11일,42.32
20년09월12일,
20년09월13일,
20년09월14일,42.63
20년09월15일,42.44
20년09월16일,43.78
20년09월17일,43.53
20년09월18일,45.45
20년09월19일,
20년09월20일,
20년09월21일,44.34
20년09월22일,43.6
20년09월23일,43.26
20년09월24일,42.84
20년09월25일,43.84
20년09월26일,
20년09월27일,
20년09월28일,43.66
20년09월29일,44.2
20년09월30일,43.4
20년10월01일,43.96
20년10월02일,42.0
20년10월03일,
20년10월04일,
20년10월05일,42.73
20년10월06일,44.17
20년10월07일,45.38
20년10월08일,45.18
20년10월09일,45.9
20년10월10일,
20년10월11일,
20년10월12일,45.34
20년10월13일,45.0
20년10월14일,44.69
20년10월15일,45.63
20년10월16일,45.41
20년10월17일,
20년10월18일,
20년10월19일,45.05
20년10월20일,44.29
20년10월21일,44.48
20년10월22일,43.95
20년10월23일,43.8
20년10월24일,
20년10월25일,
20년10월26일,42.08
20년10월27일,42.52
20년10월28일,42.28
20년10월29일,41.74
20년10월30일,40.96
20년10월31일,
20년11월01일,
20년11월02일,39.07
20년11월03일,42.63
20년11월04일,42.77
20년11월05일,43.97
20년11월06일,43.66
20년11월07일,
20년11월08일,
20년11월09일,43.8
20년11월10일,47.05
20년11월11일,49.23
20년11월12일,48.15
20년11월13일,47.09
20년11월14일,
20년11월15일,
20년11월16일,47.77
20년11월17일,47.92
20년11월18일,48.39
20년11월19일,48.69
20년11월20일,48.78
20년11월21일,
20년11월22일,
20년11월23일,49.98
20년11월24일,50.85
20년11월25일,52.58
20년11월26일,52.34
20년11월27일,51.98
20년11월28일,
20년11월29일,
20년11월30일,52.02
20년12월01일,52.57
20년12월02일,51.63
20년12월03일,52.83
20년12월04일,54.3
20년12월05일,
20년12월06일,
20년12월07일,53.24
20년12월08일,53.91
20년12월09일,54.93
20년12월10일,53.98
20년12월11일,55.67
20년12월12일,
20년12월13일,
20년12월14일,56.38
20년12월15일,55.89
20년12월16일,56.31
20년12월17일,57.35
20년12월18일,57.2
20년12월19일,
20년12월20일,
20년12월21일,56.16
20년12월22일,55.54
20년12월23일,55.7
20년12월24일,57.53
20년12월25일,
20년12월26일,
20년12월27일,
20년12월28일,57.29
20년12월29일,57.11
20년12월30일,56.94
20년12월31일,56.93
21년01월01일,
21년01월02일,
21년01월03일,
21년01월04일,58.37
21년01월05일,55.52
21년01월06일,58.04
21년01월07일,58.44
21년01월08일,59.03
21년01월09일,
21년01월10일,
21년01월11일,59.79
21년01월12일,60.64
21년01월13일,61.51
21년01월14일,61.53
21년01월15일,61.29
21년01월16일,
21년01월17일,
21년01월18일,60.05
21년01월19일,60.77
21년01월20일,61.69
21년01월21일,60.68
21년01월22일,59.87
21년01월23일,
21년01월24일,
21년01월25일,60.11
21년01월26일,60.26
21년01월27일,61.02
21년01월28일,60.56
21년01월29일,60.44
21년01월30일,
21년01월31일,
21년02월01일,61.11
21년02월02일,62.77
21년02월03일,63.93
21년02월04일,64.48
21년02월05일,65.26
21년02월06일,
21년02월07일,
21년02월08일,66.21
21년02월09일,67.52
21년02월10일,67.6
21년02월11일,67.47
21년02월12일,
21년02월13일,
21년02월14일,
21년02월15일,69.39
21년02월16일,69.37
21년02월17일,69.56
21년02월18일,70.63
21년02월19일,69.08
21년02월20일,
21년02월21일,
21년02월22일,69.34
21년02월23일,71.82
21년02월24일,70.73
21년02월25일,73.01
21년02월26일,71.5
21년02월27일,
21년02월28일,
21년03월01일,71.34
21년03월02일,68.2
21년03월03일,68.66
21년03월04일,69.59
21년03월05일,72.19
21년03월06일,
21년03월07일,
21년03월08일,73.89
21년03월09일,71.96
21년03월10일,71.01
21년03월11일,71.95
21년03월12일,73.07
21년03월13일,
21년03월14일,
21년03월15일,73.54
21년03월16일,71.71
21년03월17일,71.87
21년03월18일,70.3
21년03월19일,67.22
21년03월20일,
21년03월21일,
21년03월22일,68.2
21년03월23일,67.09
21년03월24일,65.57
21년03월25일,66.91
21년03월26일,66.32
21년03월27일,
21년03월28일,
21년03월29일,67.36
21년03월30일,67.82
21년03월31일,67.48
21년04월01일,65.53
21년04월02일,
21년04월03일,
21년04월04일,
21년04월05일,67.08
21년04월06일,67.27
21년04월07일,66.59
21년04월08일,66.94
21년04월09일,66.77
21년04월10일,
21년04월11일,
21년04월12일,67.22
21년04월13일,67.37
21년04월14일,68.55
21년04월15일,70.1
21년04월16일,70.86
21년04월17일,
21년04월18일,
21년04월19일,70.61
21년04월20일,71.12
21년04월21일,69.25
21년04월22일,68.41
21년04월23일,69.38
21년04월24일,
21년04월25일,
21년04월26일,69.09
21년04월27일,69.99
21년04월28일,70.23
21년04월29일,71.65
21년04월30일,72.38
21년05월01일,
21년05월02일,
21년05월03일,71.12
21년05월04일,72.55
21년05월05일,74.49
21년05월06일,73.98
21년05월07일,72.84
21년05월08일,
21년05월09일,
21년05월10일,74.11
21년05월11일,73.04
21년05월12일,74.61
21년05월13일,
21년05월14일,72.9
21년05월15일,
21년05월16일,
21년05월17일,74.99
21년05월18일,76.21
21년05월19일,74.19
21년05월20일,73.47
21년05월21일,71.4
21년05월22일,
21년05월23일,
21년05월24일,74.23
21년05월25일,75.11
21년05월26일,
21년05월27일,74.52
21년05월28일,75.17
21년05월29일,
21년05월30일,
21년05월31일,75.5
21년06월01일,76.46
21년06월02일,76.6
21년06월03일,77.7
21년06월04일,77.8
21년06월05일,
21년06월06일,
21년06월07일,77.47
21년06월08일,77.08
21년06월09일,78.71
21년06월10일,78.13
21년06월11일,78.54
21년06월12일,
21년06월13일,
21년06월14일,78.98
21년06월15일,79.04
21년06월16일,80.07
21년06월17일,79.72
21년06월18일,78.41
21년06월19일,
21년06월20일,
21년06월21일,79.15
21년06월22일,79.77
21년06월23일,80.68
21년06월24일,80.67
21년06월25일,80.54
21년06월26일,
21년06월27일,
21년06월28일,80.36
21년06월29일,79.36
21년06월30일,79.32
21년07월01일,80.77
21년07월02일,80.88
21년07월03일,
21년07월04일,
21년07월05일,81.78
21년07월06일,82.8
21년07월07일,80.07
21년07월08일,77.44
21년07월09일,79.76
21년07월10일,
21년07월11일,
21년07월12일,80.49
21년07월13일,81.32
21년07월14일,81.57
21년07월15일,79.06
21년07월16일,79.23
21년07월17일,
21년07월18일,
21년07월19일,78.67
21년07월20일,
21년07월21일,75.81
21년07월22일,78.41
21년07월23일,79.43
21년07월24일,
21년07월25일,
21년07월26일,78.62
21년07월27일,79.99
21년07월28일,80.01
21년07월29일,80.58
21년07월30일,81.12
21년07월31일,
21년08월01일,
21년08월02일,80.51
21년08월03일,79.29
21년08월04일,78.67
21년08월05일,75.91
21년08월06일,77.64
21년08월07일,
21년08월08일,
21년08월09일,
21년08월10일,75.82
21년08월11일,76.83
21년08월12일,77.37
21년08월13일,76.69
21년08월14일,
21년08월15일,
21년08월16일,75.31
21년08월17일,74.98
21년08월18일,75.34
21년08월19일,72.48
21년08월20일,72.27
21년08월21일,
21년08월22일,
21년08월23일,73.1
21년08월24일,75.73
21년08월25일,76.89
21년08월26일,77.3
21년08월27일,78.33
21년08월28일,
21년08월29일,
21년08월30일,78.36
21년08월31일,78.34
21년09월01일,79.41
21년09월02일,79.11
21년09월03일,80.97
21년09월04일,
21년09월05일,
21년09월06일,79.66
21년09월07일,80.07
21년09월08일,79.5
21년09월09일,79.98
21년09월10일,80.28
21년09월11일,
21년09월12일,
21년09월13일,81.24
21년09월14일,81.78
21년09월15일,81.68
21년09월16일,83.0
21년09월17일,83.38
21년09월18일,
21년09월19일,
21년09월20일,82.36
21년09월21일,83.18
21년09월22일,83.79
21년09월23일,84.86
21년09월24일,86.16
21년09월25일,
21년09월26일,
21년09월27일,88.03
21년09월28일,89.19
21년09월29일,87.94
21년09월30일,89.22
21년10월01일,88.56
21년10월02일,
21년10월03일,
21년10월04일,90.33
21년10월05일,93.22
21년10월06일,95.38
21년10월07일,90.41
21년10월08일,95.15
21년10월09일,
21년10월10일,
21년10월11일,96.63
21년10월12일,96.7
21년10월13일,95.35
21년10월14일,96.77
21년10월15일,98.25
21년10월16일,
21년10월17일,
21년10월18일,98.8
21년10월19일,97.71
21년10월20일,97.04
21년10월21일,97.13
21년10월22일,96.78
21년10월23일,
21년10월24일,
21년10월25일,97.29
21년10월26일,97.39
21년10월27일,96.73
21년10월28일,95.11
21년10월29일,95.39
21년10월30일,
21년10월31일,
21년11월01일,95.37
21년11월02일,96.0
21년11월03일,94.87
21년11월04일,
21년11월05일,93.13
21년11월06일,
21년11월07일,
21년11월08일,95.81
21년11월09일,96.05
21년11월10일,97.68
21년11월11일,94.41
21년11월12일,93.41
21년11월13일,
21년11월14일,
21년11월15일,91.21
21년11월16일,92.82
21년11월17일,92.25
21년11월18일,89.5
21년11월19일,91.62
21년11월20일,
21년11월21일,
21년11월22일,88.55
21년11월23일,88.1
21년11월24일,91.42
21년11월25일,91.29
21년11월26일,85.33
21년11월27일,
21년11월28일,
21년11월29일,83.53
21년11월30일,80.51
21년12월01일,80.67
21년12월02일,79.84
21년12월03일,82.44
21년12월04일,
21년12월05일,
21년12월06일,81.58
21년12월07일,84.75
21년12월08일,85.75
21년12월09일,86.76
21년12월10일,86.29
21년12월11일,
21년12월12일,
21년12월13일,87.67
21년12월14일,87.17
21년12월15일,85.76
21년12월16일,86.5
21년12월17일,86.36
21년12월18일,
21년12월19일,
21년12월20일,82.55
21년12월21일,82.67
21년12월22일,85.49
21년12월23일,87.17
21년12월24일,87.37
21년12월25일,
21년12월26일,
21년12월27일,
21년12월28일,90.38
21년12월29일,90.85
21년12월30일,90.6
21년12월31일,90.53
22년01월01일,
22년01월02일,
22년01월03일,90.34
22년01월04일,91.35
22년01월05일,92.64
22년01월06일,93.12
22년01월07일,94.59
22년01월08일,
22년01월09일,
22년01월10일,94.9
22년01월11일,94.7
22년01월12일,97.71
22년01월13일,98.7
22년01월14일,100.03
22년01월15일,
22년01월16일,
22년01월17일,101.47
22년01월18일,103.22
22년01월19일,102.03
22년01월20일,101.86
22년01월21일,100.56
22년01월22일,
22년01월23일,
22년01월24일,103.22
22년01월25일,101.68
22년01월26일,103.1
22년01월27일,104.72
22년01월28일,105.78
22년01월29일,
22년01월30일,
22년01월31일,106.63
22년02월01일,
22년02월02일,
22년02월03일,106.01
22년02월04일,108.76
22년02월05일,
22년02월06일,
22년02월07일,110.38
22년02월08일,109.31
22년02월09일,107.82
22년02월10일,109.45
22년02월11일,108.8
22년02월12일,
22년02월13일,
22년02월14일,112.4
22년02월15일,111.73
22년02월16일,111.56
22년02월17일,110.1
22년02월18일,107.9
22년02월19일,
22년02월20일,
22년02월21일,108.54
22년02월22일,113.81
22년02월23일,110.58
22년02월24일,116.4
22년02월25일,114.82
22년02월26일,
22년02월27일,
22년02월28일,115.51
22년03월01일,117.87
22년03월02일,129.77
22년03월03일,137.88
22년03월04일,137.52
22년03월05일,
22년03월06일,
22년03월07일,160.87
22년03월08일,160.53
22년03월09일,180.97
22년03월10일,155.92
22년03월11일,134.02
22년03월12일,
22년03월13일,
22년03월14일,128.91
22년03월15일,117.13
22년03월16일,122.58
22년03월17일,127.77
22년03월18일,134.95
22년03월19일,
22년03월20일,
22년03월21일,144.76
22년03월22일,144.22
22년03월23일,147.77
22년03월24일,153.37
22년03월25일,148.81
22년03월26일,
22년03월27일,
22년03월28일,147.76
22년03월29일,143.61
22년03월30일,142.93
22년03월31일,140.3
22년04월01일,138.75
22년04월02일,
22년04월03일,
22년04월04일,145.69
22년04월05일,146.1
22년04월06일,146.36
22년04월07일,139.17
22년04월08일,137.99
22년04월09일,
22년04월10일,
22년04월11일,137.64
22년04월12일,141.48
22년04월13일,148.41
22년04월14일,156.17
22년04월15일,
22년04월16일,
22년04월17일,
22년04월18일,157.87
22년04월19일,157.44
22년04월20일,155.52
22년04월21일,155.83
22년04월22일,150.91
22년04월23일,
22년04월24일,
22년04월25일,145.57
22년04월26일,147.17
22년04월27일,154.94
22년04월28일,154.77
22년04월29일,158.82
22년04월30일,
22년05월01일,
22년05월02일,
22년05월03일,
22년05월04일,161.49
22년05월05일,164.76
22년05월06일,160.67
22년05월07일,
22년05월08일,
22년05월09일,156.96
22년05월10일,151.22
22년05월11일,154.82
22년05월12일,150.14
22년05월13일,154.07
22년05월14일,
22년05월15일,
22년05월16일,
22년05월17일,149.73
22년05월18일,149.68
22년05월19일,140.7
22년05월20일,146.03
22년05월21일,
22년05월22일,
22년05월23일,146.37
22년05월24일,145.2
22년05월25일,149.23
22년05월26일,151.2
22년05월27일,155.99
22년05월28일,
22년05월29일,
22년05월30일,159.33
22년05월31일,168.43
22년06월01일,167.23
22년06월02일,165.28
22년06월03일,171.86
22년06월04일,
22년06월05일,
22년06월06일,177.22
22년06월07일,177.27
22년06월08일,173.4
22년06월09일,175.13
22년06월10일,180.11
22년06월11일,
22년06월12일,
22년06월13일,176.9
22년06월14일,179.86
22년06월15일,181.78
22년06월16일,184.01
22년06월17일,186.01
22년06월18일,
22년06월19일,
22년06월20일,178.74
22년06월21일,186.08
22년06월22일,179.08
22년06월23일,180.2
22년06월24일,181.44
22년06월25일,
22년06월26일,
22년06월27일,179.64
22년06월28일,176.58
22년06월29일,167.36
22년06월30일,165.17
22년07월01일,166.97
22년07월02일,
22년07월03일,
22년07월04일,163.57
22년07월05일,163.06
22년07월06일,149.43
22년07월07일,137.36
22년07월08일,150.59
22년07월09일,
22년07월10일,
22년07월11일,
22년07월12일,147.42
22년07월13일,147.95
22년07월14일,142.46
22년07월15일,142.46
22년07월16일,
22년07월17일,
22년07월18일,144.27
22년07월19일,142.52
22년07월20일,138.68
22년07월21일,136.52
22년07월22일,136.51
22년07월23일,
22년07월24일,
22년07월25일,131.95
22년07월26일,138.57
22년07월27일,138.65
22년07월28일,144.96
22년07월29일,142.85
22년07월30일,
22년07월31일,
22년08월01일,138.15
22년08월02일,133.18
22년08월03일,132.45
22년08월04일,135.1
22년08월05일,130.32
22년08월06일,
22년08월07일,
22년08월08일,123.76
22년08월09일,
22년08월10일,128.09
22년08월11일,133.24
22년08월12일,136.38
22년08월13일,
22년08월14일,
22년08월15일,133.94
22년08월16일,134.56
22년08월17일,134.48
22년08월18일,138.41
22년08월19일,139.33
22년08월20일,
22년08월21일,
22년08월22일,142.19
22년08월23일,149.17
22년08월24일,151.02
22년08월25일,157.42
22년08월26일,153.84
22년08월27일,
22년08월28일,
22년08월29일,152.56
22년08월30일,150.52
22년08월31일,145.31
22년09월01일,138.26
22년09월02일,140.18
22년09월03일,
22년09월04일,
22년09월05일,143.79
22년09월06일,142.59
22년09월07일,137.98
22년09월08일,137.52
22년09월09일,137.56
22년09월10일,
22년09월11일,
22년09월12일,139.1
22년09월13일,141.48
22년09월14일,129.59
22년09월15일,118.6
22년09월16일,116.97
22년09월17일,
22년09월18일,
22년09월19일,117.12
22년09월20일,125.3
22년09월21일,128.91
22년09월22일,125.71
22년09월23일,121.48
22년09월24일,
22년09월25일,
22년09월26일,117.41
22년09월27일,117.4
22년09월28일,118.99
22년09월29일,124.27
22년09월30일,120.75
22년10월01일,
22년10월02일,
22년10월03일,124.69
22년10월04일,127.49
22년10월05일,133.0
22년10월06일,140.48
22년10월07일,146.05
22년10월08일,
22년10월09일,
22년10월10일,145.9
22년10월11일,136.16
22년10월12일,137.71
22년10월13일,140.35
22년10월14일,140.92
22년10월15일,
22년10월16일,
22년10월17일,138.95
22년10월18일,140.65
22년10월19일,134.62
22년10월20일,139.6
22년10월21일,133.38
22년10월22일,
22년10월23일,
22년10월24일,
22년10월25일,134.61
22년10월26일,135.1
22년10월27일,137.78
22년10월28일,139.58
22년10월29일,
22년10월30일,
22년10월31일,138.47
22년11월01일,136.84
22년11월02일,131.8
22년11월03일,132.16
22년11월04일,136.69
22년11월05일,
22년11월06일,
22년11월07일,136.93
22년11월08일,136.35
22년11월09일,135.51
22년11월10일,131.35
22년11월11일,134.89
22년11월12일,
22년11월13일,
22년11월14일,133.7
22년11월15일,130.58
22년11월16일,132.1
22년11월17일,130.63
22년11월18일,125.72
22년11월19일,
22년11월20일,
22년11월21일,122.14
22년11월22일,123.01
22년11월23일,122.27
22년11월24일,117.87
22년11월25일,117.46
22년11월26일,
22년11월27일,
22년11월28일,112.27
22년11월29일,114.92
22년11월30일,117.34
22년12월01일,119.84
22년12월02일,118.42
22년12월03일,
22년12월04일,
22년12월05일,116.25
22년12월06일,111.31
22년12월07일,107.07
22년12월08일,103.19
22년12월09일,106.54
22년12월10일,
22년12월11일,
22년12월12일,103.36
22년12월13일,110.96
22년12월14일,116.05
22년12월15일,121.15
22년12월16일,119.63
22년12월17일,
22년12월18일,
22년12월19일,114.5
22년12월20일,111.49
22년12월21일,113.6
22년12월22일,115.29
22년12월23일,112.97
22년12월24일,
22년12월25일,
22년12월26일,
22년12월27일,119.58
22년12월28일,119.05
22년12월29일,116.76
22년12월30일,116.28
22년12월31일,
23년01월01일,
23년01월02일,
23년01월03일,116.46
23년01월04일,109.03
23년01월05일,109.18
23년01월06일,107.59
23년01월07일,
23년01월08일,
23년01월09일,110.58
23년01월10일,109.58
23년01월11일,112.77
23년01월12일,115.66
23년01월13일,118.22
23년01월14일,
23년01월15일,
23년01월16일,119.18
23년01월17일,119.55
23년01월18일,118.77
23년01월19일,118.87
23년01월20일,122.0
23년01월21일,
23년01월22일,
23년01월23일,
23년01월24일,
23년01월25일,124.36
23년01월26일,120.1
23년01월27일,122.65
23년01월28일,
23년01월29일,
23년01월30일,117.97
23년01월31일,114.57
23년02월01일,118.37
23년02월02일,111.7
23년02월03일,110.38
23년02월04일,
23년02월05일,
23년02월06일,105.76
23년02월07일,105.28
23년02월08일,109.57
23년02월09일,109.9
23년02월10일,107.28
23년02월11일,
23년02월12일,
23년02월13일,107.62
23년02월14일,110.76
23년02월15일,110.71
23년02월16일,108.99
23년02월17일,104.44
23년02월18일,
23년02월19일,
23년02월20일,104.63
23년02월21일,103.78
23년02월22일,105.25
23년02월23일,102.49
23년02월24일,104.96
23년02월25일,
23년02월26일,
23년02월27일,106.56
23년02월28일,105.85
23년03월01일,108.08
23년03월02일,108.03
23년03월03일,109.22
23년03월04일,
23년03월05일,
23년03월06일,110.6
23년03월07일,110.1
23년03월08일,106.98
23년03월09일,105.17
23년03월10일,101.59
23년03월11일,
23년03월12일,
23년03월13일,106.21
23년03월14일,103.19
23년03월15일,103.07
23년03월16일,96.72
23년03월17일,100.68
23년03월18일,
23년03월19일,
23년03월20일,95.72
23년03월21일,99.04
23년03월22일,99.51
23년03월23일,101.28
23년03월24일,99.85
23년03월25일,
23년03월26일,
23년03월27일,98.62
23년03월28일,101.82
23년03월29일,100.96
23년03월30일,99.61
23년03월31일,99.18
23년04월01일,
23년04월02일,
23년04월03일,104.57
23년04월04일,104.25
23년04월05일,102.68
23년04월06일,103.81
23년04월07일,
23년04월08일,
23년04월09일,
23년04월10일,102.45
23년04월11일,100.75
23년04월12일,100.13
23년04월13일,101.96
23년04월14일,100.78
23년04월15일,
23년04월16일,
23년04월17일,99.58
23년04월18일,98.86
23년04월19일,97.42
23년04월20일,95.47
23년04월21일,94.24
23년04월22일,
23년04월23일,
23년04월24일,94.85
23년04월25일,97.6
23년04월26일,94.68
23년04월27일,91.24
23년04월28일,90.26
23년04월29일,
23년04월30일,
23년05월01일,
23년05월02일,90.98
23년05월03일,84.47
23년05월04일,84.98
23년05월05일,86.43
23년05월06일,
23년05월07일,
23년05월08일,89.35
23년05월09일,89.17
23년05월10일,89.5
23년05월11일,90.91
23년05월12일,88.05
23년05월13일,
23년05월14일,
23년05월15일,87.34
23년05월16일,89.98
23년05월17일,89.45
23년05월18일,91.62
23년05월19일,91.63
23년05월20일,
23년05월21일,
23년05월22일,89.68
23년05월23일,90.16
23년05월24일,90.59
23년05월25일,91.18
23년05월26일,89.75
23년05월27일,
23년05월28일,
23년05월29일,90.79
23년05월30일,89.7
23년05월31일,86.9
23년06월01일,86.93
23년06월02일,
23년06월03일,
23년06월04일,
23년06월05일,92.57
23년06월06일,89.87
23년06월07일,91.21
23년06월08일,92.88
23년06월09일,92.4
23년06월10일,
23년06월11일,
23년06월12일,89.59
23년06월13일,89.54
23년06월14일,92.63
23년06월15일,90.8
23년06월16일,95.01
23년06월17일,
23년06월18일,
23년06월19일,96.03
23년06월20일,94.69
23년06월21일,93.62
23년06월22일,95.79
23년06월23일,91.3
23년06월24일,
23년06월25일,
23년06월26일,91.69
23년06월27일,93.48
23년06월28일,91.64
23년06월29일,
23년06월30일,92.93
23년07월01일,
23년07월02일,
23년07월03일,92.35
23년07월04일,92.14
23년07월05일,93.6
23년07월06일,95.66
23년07월07일,96.41
23년07월08일,
23년07월09일,
23년07월10일,97.79
23년07월11일,98.43
23년07월12일,100.05
23년07월13일,101.22
23년07월14일,100.74
23년07월15일,
23년07월16일,
23년07월17일,98.96
23년07월18일,99.11
23년07월19일,100.9
23년07월20일,102.86
23년07월21일,104.33
23년07월22일,
23년07월23일,
23년07월24일,106.56
23년07월25일,108.0
23년07월26일,108.39
23년07월27일,111.36
23년07월28일,112.72
23년07월29일,
23년07월30일,
23년07월31일,115.31
23년08월01일,117.97
23년08월02일,119.93
23년08월03일,117.57
23년08월04일,120.19
23년08월05일,
23년08월06일,
23년08월07일,117.7
23년08월08일,115.43
23년08월09일,
23년08월10일,123.02
23년08월11일,120.79
23년08월12일,
23년08월13일,
23년08월14일,119.75
23년08월15일,118.62
23년08월16일,116.69
23년08월17일,116.78
23년08월18일,119.06
23년08월19일,
23년08월20일,
23년08월21일,120.93
23년08월22일,117.88
23년08월23일,119.17
23년08월24일,118.46
23년08월25일,120.62
23년08월26일,
23년08월27일,
23년08월28일,123.97
23년08월29일,121.24
23년08월30일,121.77
23년08월31일,118.27
23년09월01일,
23년09월02일,
23년09월03일,
23년09월04일,119.62
23년09월05일,120.46
23년09월06일,122.82
23년09월07일,122.03
23년09월08일,123.91
23년09월09일,
23년09월10일,
23년09월11일,125.05
23년09월12일,126.29
23년09월13일,126.33
23년09월14일,128.33
23년09월15일,131.39
23년09월16일,
23년09월17일,
23년09월18일,127.21
23년09월19일,124.34
23년09월20일,124.8
23년09월21일,125.84
23년09월22일,127.84
23년09월23일,
23년09월24일,
23년09월25일,127.1
23년09월26일,122.52
23년09월27일,125.6
23년09월28일,128.32
23년09월29일,128.2
23년09월30일,
23년10월01일,
23년10월02일,128.7
23년10월03일,124.5
23년10월04일,120.78
23년10월05일,114.35
23년10월06일,110.89
23년10월07일,
23년10월08일,
23년10월09일,115.74
23년10월10일,114.91
23년10월11일,117.47
23년10월12일,116.24
23년10월13일,118.57
23년10월14일,
23년10월15일,
23년10월16일,121.29
23년10월17일,119.43
23년10월18일,119.8
23년10월19일,117.43
23년10월20일,120.2
23년10월21일,
23년10월22일,
23년10월23일,119.69
23년10월24일,116.25
23년10월25일,113.08
23년10월26일,114.95
23년10월27일,115.92
23년10월28일,
23년10월29일,
23년10월30일,113.31
23년10월31일,112.35
23년11월01일,112.59
23년11월02일,113.41
23년11월03일,115.45
23년11월04일,
23년11월05일,
23년11월06일,112.33
23년11월07일,109.59
23년11월08일,105.97
23년11월09일,102.13
23년11월10일,101.26
23년11월11일,
23년11월12일,
23년11월13일,
23년11월14일,105.55
23년11월15일,105.1
23년11월16일,105.76
23년11월17일,101.08
23년11월18일,
23년11월19일,
23년11월20일,104.2
23년11월21일,105.72
23년11월22일,107.65
23년11월23일,105.18
23년11월24일,105.36
23년11월25일,
23년11월26일,
23년11월27일,103.56
23년11월28일,103.76
23년11월29일,105.26
23년11월30일,106.33
23년12월01일,102.41
23년12월02일,
23년12월03일,
23년12월04일,99.69
23년12월05일,100.44
23년12월06일,99.54
23년12월07일,97.47
23년12월08일,98.21
23년12월09일,
23년12월10일,
23년12월11일,98.11
23년12월12일,98.84
23년12월13일,94.65
23년12월14일,98.41
23년12월15일,99.83
23년12월16일,
23년12월17일,
23년12월18일,99.93
23년12월19일,100.91
23년12월20일,103.29
23년12월21일,101.65
23년12월22일,101.68
23년12월23일,
23년12월24일,
23년12월25일,
23년12월26일,100.68
23년12월27일,101.28
23년12월28일,100.32
23년12월29일,98.15
23년12월30일,
23년12월31일,
24년01월01일,
24년01월02일,100.55
24년01월03일,97.15
24년01월04일,100.84
24년01월05일,100.01
24년01월06일,
24년01월07일,
24년01월08일,100.16
24년01월09일,99.06
24년01월10일,100.66
24년01월11일,100.16
24년01월12일,104.45
24년01월13일,
24년01월14일,
24년01월15일,102.13
24년01월16일,102.98
24년01월17일,101.49
24년01월18일,102.49
24년01월19일,103.83
24년01월20일,
24년01월21일,
24년01월22일,101.77
24년01월23일,104.46
24년01월24일,103.93
24년01월25일,104.57
24년01월26일,107.21
24년01월27일,
24년01월28일,
24년01월29일,108.86
24년01월30일,108.15
24년01월31일,107.47
24년02월01일,108.07
24년02월02일,105.51
24년02월03일,
24년02월04일,
24년02월05일,104.11
24년02월06일,106.1
24년02월07일,106.86
24년02월08일,107.91
24년02월09일,109.27
24년02월10일,
24년02월11일,
24년02월12일,
24년02월13일,111.56
24년02월14일,110.5
24년02월15일,107.29
24년02월16일,107.25
24년02월17일,
24년02월18일,
24년02월19일,106.5
24년02월20일,107.09
24년02월21일,104.77
24년02월22일,105.42
24년02월23일,105.85
24년02월24일,
24년02월25일,
24년02월26일,103.56
24년02월27일,105.85
24년02월28일,104.28
24년02월29일,102.68
24년03월01일,103.65
24년03월02일,
24년03월03일,
24년03월04일,104.72
24년03월05일,102.32
24년03월06일,101.72
24년03월07일,102.88
24년03월08일,104.86
24년03월09일,
24년03월10일,
24년03월11일,102.44
24년03월12일,103.51
24년03월13일,101.82
24년03월14일,104.45
24년03월15일,104.44
24년03월16일,
24년03월17일,
24년03월18일,106.51
24년03월19일,107.58
24년03월20일,105.53
24년03월21일,104.42
24년03월22일,104.27
24년03월23일,
24년03월24일,
24년03월25일,103.45
24년03월26일,104.01
24년03월27일,102.04
24년03월28일,102.7
24년03월29일,
24년03월30일,
24년03월31일,
24년04월01일,104.12
24년04월02일,104.85
24년04월03일,107.59
24년04월04일,107.67
24년04월05일,108.91
24년04월06일,
24년04월07일,
24년04월08일,108.65
24년04월09일,108.36
24년04월10일,
24년04월11일,108.16
24년04월12일,107.65
24년04월13일,
24년04월14일,
24년04월15일,106.23
24년04월16일,106.28
24년04월17일,105.87
24년04월18일,101.84
24년04월19일,100.7
24년04월20일,
24년04월21일,
24년04월22일,100.56
24년04월23일,102.65
24년04월24일,102.12
24년04월25일,102.2
24년04월26일,101.81
24년04월27일,
24년04월28일,
24년04월29일,101.29
24년04월30일,101.2
24년05월01일,
24년05월02일,97.8
24년05월03일,97.14
24년05월04일,
24년05월05일,
24년05월06일,97.19
24년05월07일,97.73
24년05월08일,96.49
24년05월09일,99.0
24년05월10일,98.74
24년05월11일,
24년05월12일,
24년05월13일,97.11
24년05월14일,97.23
24년05월15일,96.94
24년05월16일,96.82
24년05월17일,97.94
24년05월18일,
24년05월19일,
24년05월20일,98.56
24년05월21일,97.49
24년05월22일,
24년05월23일,95.96
24년05월24일,95.19
24년05월25일,
24년05월26일,
24년05월27일,95.94
24년05월28일,97.92
24년05월29일,99.31
24년05월30일,97.22
24년05월31일,95.91
24년06월01일,
24년06월02일,
24년06월03일,95.38
24년06월04일,91.69
24년06월05일,92.38
24년06월06일,92.67
24년06월07일,94.24
24년06월08일,
24년06월09일,
24년06월10일,94.37
24년06월11일,96.67
24년06월12일,98.27
24년06월13일,97.72
24년06월14일,98.47
24년06월15일,
24년06월16일,
24년06월17일,
24년06월18일,99.13
24년06월19일,101.03
24년06월20일,101.79
24년06월21일,100.96
24년06월22일,
24년06월23일,
24년06월24일,100.56
24년06월25일,101.16
24년06월26일,101.19
24년06월27일,102.59
24년06월28일,103.23
24년06월29일,
24년06월30일,
24년07월01일,101.81
24년07월02일,103.91
24년07월03일,103.19
24년07월04일,102.51
24년07월05일,103.58
24년07월06일,
24년07월07일,
24년07월08일,101.59
24년07월09일,100.79
24년07월10일,99.48
24년07월11일,100.38
24년07월12일,100.71
24년07월13일,
24년07월14일,
24년07월15일,99.67
24년07월16일,99.15
24년07월17일,98.13
24년07월18일,99.77
24년07월19일,98.77
24년07월20일,
24년07월21일,
24년07월22일,96.69
24년07월23일,96.98
24년07월24일,96.3
24년07월25일,96.58
24년07월26일,97.79
24년07월27일,
24년07월28일,
24년07월29일,96.54
24년07월30일,94.56
24년07월31일,95.14
24년08월01일,96.78
24년08월02일,95.27
24년08월03일,
24년08월04일,
24년08월05일,90.97
24년08월06일,91.34
24년08월07일,91.39
24년08월08일,92.87
24년08월09일,
24년08월10일,
24년08월11일,
24년08월12일,93.64
24년08월13일,95.86
24년08월14일,95.39
24년08월15일,94.49
24년08월16일,94.51
24년08월17일,
24년08월18일,
24년08월19일,92.22
24년08월20일,89.39
24년08월21일,90.41
24년08월22일,88.75
24년08월23일,90.16
24년08월24일,
24년08월25일,
24년08월26일,92.14
24년08월27일,92.84
24년08월28일,89.03
24년08월29일,88.28
24년08월30일,90.98
24년08월31일,
24년09월01일,
24년09월02일,88.3
24년09월03일,89.0
24년09월04일,85.53
24년09월05일,85.15
24년09월06일,84.75
24년09월07일,
24년09월08일,
24년09월09일,83.99
24년09월10일,82.79
24년09월11일,81.21
24년09월12일,82.67
24년09월13일,82.95
24년09월14일,
24년09월15일,
24년09월16일,81.85
24년09월17일,82.19
24년09월18일,83.48
24년09월19일,84.95
24년09월20일,84.31
24년09월21일,
24년09월22일,
24년09월23일,84.38
24년09월24일,84.99
24년09월25일,86.21
24년09월26일,83.27
24년09월27일,84.24
24년09월28일,
24년09월29일,
24년09월30일,84.67
24년10월01일,83.06
24년10월02일,87.43
24년10월03일,86.46
24년10월04일,90.99
24년10월05일,
24년10월06일,
24년10월07일,91.77
24년10월08일,92.4
24년10월09일,90.86
24년10월10일,90.37
24년10월11일,91.85
24년10월12일,
24년10월13일,
24년10월14일,90.96
24년10월15일,86.81
24년10월16일,85.98
24년10월17일,86.15
24년10월18일,86.41
24년10월19일,
24년10월20일,
24년10월21일,85.75
24년10월22일,85.82
24년10월23일,88.1
24년10월24일,88.66
24년10월25일,87.04
24년10월26일,
24년10월27일,
24년10월28일,85.7
24년10월29일,85.3
24년10월30일,86.29
24년10월31일,
24년11월01일,90.84
24년11월02일,
24년11월03일,
24년11월04일,91.01
24년11월05일,91.48
24년11월06일,90.55
24년11월07일,90.12
24년11월08일,90.2
24년11월09일,
24년11월10일,
24년11월11일,89.15
24년11월12일,87.14
24년11월13일,87.4
24년11월14일,87.86
24년11월15일,86.49
24년11월16일,
24년11월17일,
24년11월18일,87.23
24년11월19일,89.9
24년11월20일,89.74
24년11월21일,89.92
24년11월22일,91.26
24년11월23일,
24년11월24일,
24년11월25일,90.0
24년11월26일,89.3
24년11월27일,88.41
24년11월28일,87.59
24년11월29일,88.11
24년11월30일,
24년12월01일,
24년12월02일,87.69
24년12월03일,87.18
24년12월04일,88.11
24년12월05일,86.85
24년12월06일,86.45
24년12월07일,
24년12월08일,
24년12월09일,86.95
24년12월10일,87.16
24년12월11일,87.52
24년12월12일,89.72
24년12월13일,90.0
24년12월14일,
24년12월15일,
24년12월16일,90.76
24년12월17일,89.98
24년12월18일,89.81
24년12월19일,89.85
24년12월20일,89.11
24년12월21일,
24년12월22일,
24년12월23일,90.0
24년12월24일,88.98
24년12월25일,
24년12월26일,89.18
24년12월27일,89.01
24년12월28일,
24년12월29일,
24년12월30일,90.7
24년12월31일,91.84
25년01월01일,
25년01월02일,92.3
25년01월03일,93.49
25년01월04일,
25년01월05일,
25년01월06일,92.72
25년01월07일,92.41
25년01월08일,93.56
25년01월09일,92.38
25년01월10일,94.08
25년01월11일,
25년01월12일,
25년01월13일,99.12
25년01월14일,96.71
25년01월15일,97.59
25년01월16일,99.57
25년01월17일,100.2
25년01월18일,
25년01월19일,
25년01월20일,99.75
25년01월21일,97.71
25년01월22일,96.83
25년01월23일,95.62
25년01월24일,94.87
25년01월25일,
25년01월26일,
25년01월27일,93.28
25년01월28일,93.03
25년01월29일,
25년01월30일,
25년01월31일,92.9
25년02월01일,
25년02월02일,
25년02월03일,93.41
25년02월04일,91.38
25년02월05일,92.12
25년02월06일,90.62
25년02월07일,91.45
25년02월08일,
25년02월09일,
25년02월10일,91.79
25년02월11일,93.27
25년02월12일,93.85
25년02월13일,91.97
25년02월14일,92.45
25년02월15일,
25년02월16일,
25년02월17일,91.93
25년02월18일,92.17
25년02월19일,92.73
25년02월20일,93.21
25년02월21일,93.22
25년02월22일,
25년02월23일,
25년02월24일,90.81
25년02월25일,91.22
25년02월26일,89.18
25년02월27일,88.18
25년02월28일,89.12
25년03월01일,
25년03월02일,
25년03월03일,88.63
25년03월04일,86.87
25년03월05일,86.93
25년03월06일,86.04
25년03월07일,86.12
25년03월08일,
25년03월09일,
25년03월10일,86.31
25년03월11일,85.25
25년03월12일,85.53
25년03월13일,85.79
25년03월14일,84.94
25년03월15일,
25년03월16일,
25년03월17일,85.53
25년03월18일,86.03
25년03월19일,84.85
25년03월20일,86.2
25년03월21일,86.72
25년03월22일,
25년03월23일,
25년03월24일,86.79
25년03월25일,87.07
25년03월26일,87.87
25년03월27일,87.84
25년03월28일,88.16
25년03월29일,
25년03월30일,
25년03월31일,
25년04월01일,89.17
25년04월02일,88.82
25년04월03일,87.18
25년04월04일,82.65
25년04월05일,
25년04월06일,
25년04월07일,78.24
25년04월08일,79.53
25년04월09일,75.89
25년04월10일,79.01
25년04월11일,78.56
25년04월12일,
25년04월13일,
25년04월14일,79.96
25년04월15일,80.74
25년04월16일,80.92
25년04월17일,81.92
25년04월18일,
25년04월19일,
25년04월20일,
25년04월21일,81.9
25년04월22일,82.09
25년04월23일,83.41
25년04월24일,81.83
25년04월25일,82.63
25년04월26일,
25년04월27일,
25년04월28일,82.56
25년04월29일,81.27
25년04월30일,79.01
25년05월01일,
25년05월02일,78.38
25년05월03일,
25년05월04일,
25년05월05일,76.51
25년05월06일,77.69
25년05월07일,78.6
25년05월08일,77.12
25년05월09일,78.91
25년05월10일,
25년05월11일,
25년05월12일,
25년05월13일,80.86
25년05월14일,82.5
25년05월15일,80.83
25년05월16일,80.49
25년05월17일,
25년05월18일,
25년05월19일,80.31
25년05월20일,80.38
25년05월21일,80.85
25년05월22일,78.93
25년05월23일,78.36
25년05월24일,
25년05월25일,
25년05월26일,79.18
25년05월27일,79.07
25년05월28일,78.93
25년05월29일,80.6
25년05월30일,78.8
25년05월31일,
25년06월01일,
25년06월02일,80.04
25년06월03일,80.24
25년06월04일,81.24
25년06월05일,80.4
25년06월06일,81.05
25년06월07일,
25년06월08일,
25년06월09일,82.37
25년06월10일,82.74
25년06월11일,82.52
25년06월12일,84.63
25년06월13일,88.36
25년06월14일,
25년06월15일,
25년06월16일,90.68
25년06월17일,91.62
25년06월18일,94.51
25년06월19일,98.05
25년06월20일,97.81
25년06월21일,
25년06월22일,
25년06월23일,94.71
25년06월24일,86.83
25년06월25일,87.74
25년06월26일,86.98
25년06월27일,87.99
25년06월28일,
25년06월29일,
25년06월30일,87.09
25년07월01일,87.07
25년07월02일,88.58
25년07월03일,89.67
25년07월04일,89.12
25년07월05일,
25년07월06일,
25년07월07일,90.22
25년07월08일,89.75
25년07월09일,91.83
25년07월10일,90.42
25년07월11일,89.7
25년07월12일,
25년07월13일,
25년07월14일,92.56
25년07월15일,89.75
25년07월16일,89.98
25년07월17일,90.45
25년07월18일,93.86
25년07월19일,
25년07월20일,
25년07월21일,91.87
25년07월22일,92.48
25년07월23일,90.88
25년07월24일,91.65
25년07월25일,91.59
25년07월26일,
25년07월27일,
25년07월28일,90.91
25년07월29일,91.73
25년07월30일,92.81
25년07월31일,93.49
25년08월01일,92.7
25년08월02일,
25년08월03일,
25년08월04일,89.4
25년08월05일,89.43
25년08월06일,87.89
25년08월07일,86.25
25년08월08일,86.66
25년08월09일,
25년08월10일,
25년08월11일,85.46
25년08월12일,86.9
25년08월13일,84.94
25년08월14일,84.84
25년08월15일,83.63
25년08월16일,
25년08월17일,
25년08월18일,83.1
25년08월19일,83.87
25년08월20일,85.33
25년08월21일,85.65
25년08월22일,86.79
25년08월23일,
25년08월24일,
25년08월25일,86.88
25년08월26일,86.7
25년08월27일,85.54
25년08월28일,85.74
25년08월29일,86.35
25년08월30일,
25년08월31일,
25년09월01일,86.2
25년09월02일,88.13
25년09월03일,89.83
25년09월04일,88.46
25년09월05일,88.51
25년09월06일,
25년09월07일,
25년09월08일,88.17
25년09월09일,88.85
25년09월10일,88.81
25년09월11일,89.17
25년09월12일,88.01
25년09월13일,
25년09월14일,
25년09월15일,88.77
25년09월16일,88.99
25년09월17일,90.6
25년09월18일,89.41
25년09월19일,88.76
25년09월20일,
25년09월21일,
25년09월22일,88.14
25년09월23일,87.55
25년09월24일,89.36
25년09월25일,90.74
25년09월26일,92.61
25년09월27일,
25년09월28일,
25년09월29일,91.86
25년09월30일,88.8
25년10월01일,90.18
25년10월02일,89.51
25년10월03일,88.0
25년10월04일,
25년10월05일,
25년10월06일,87.82
25년10월07일,87.73
25년10월08일,88.52
25년10월09일,89.57
25년10월10일,88.26
25년10월11일,
25년10월12일,
25년10월13일,86.87
25년10월14일,85.62
25년10월15일,85.24
25년10월16일,84.71
25년10월17일,83.39
25년10월18일,
25년10월19일,
25년10월20일,
25년10월21일,84.45
25년10월22일,86.12
25년10월23일,90.51
25년10월24일,92.92
25년10월25일,
25년10월26일,
25년10월27일,93.44
25년10월28일,93.68
25년10월29일,92.13
25년10월30일,92.82
25년10월31일,94.12
25년11월01일,
25년11월02일,
25년11월03일,94.25
25년11월04일,93.01
25년11월05일,94.44
25년11월06일,94.81
25년11월07일,97.17
25년11월08일,
25년11월09일,
25년11월10일,95.85
25년11월11일,96.46
25년11월12일,98.44
25년11월13일,94.68
25년11월14일,95.03
25년11월15일,
25년11월16일,
25년11월17일,95.42
25년11월18일,96.8
25년11월19일,99.47
25년11월20일,97.34
25년11월21일,91.45
25년11월22일,
25년11월23일,
25년11월24일,88.5
25년11월25일,88.14
25년11월26일,86.42
25년11월27일,86.5
25년11월28일,87.82
25년11월29일,
25년11월30일,
25년12월01일,87.79
25년12월02일,86.95
25년12월03일,85.66
25년12월04일,85.7
25년12월05일,85.86
25년12월06일,
25년12월07일,
25년12월08일,86.61
25년12월09일,84.51
25년12월10일,83.62
25년12월11일,82.57
25년12월12일,82.81
25년12월13일,
25년12월14일,
25년12월15일,81.61
25년12월16일,80.1
25년12월17일,79.38
25년12월18일,80.24
25년12월19일,78.94
25년12월20일,
25년12월21일,
25년12월22일,79.32
25년12월23일,79.89
25년12월24일,81.06
25년12월25일,
25년12월26일,80.57
25년12월27일,
25년12월28일,
25년12월29일,79.36
25년12월30일,79.75
25년12월31일,80.27
26년01월01일,
26년01월02일,79.38
26년01월03일,
26년01월04일,
26년01월05일,78.11
26년01월06일,79.55
26년01월07일,77.34
26년01월08일,77.13
26년01월09일,79.56
26년01월10일,
26년01월11일,
26년01월12일,79.97
26년01월13일,81.29
26년01월14일,82.46
26년01월15일,81.78
26년01월16일,81.71
26년01월17일,
26년01월18일,
26년01월19일,82.13
26년01월20일,82.52
26년01월21일,83.91
26년01월22일,85.39
26년01월23일,84.18
26년01월24일,
26년01월25일,
26년01월26일,85.78
26년01월27일,84.03
26년01월28일,86.69
26년01월29일,88.58
26년01월30일,88.83
26년01월31일,
26년02월01일,
26년02월02일,87.38
26년02월03일,86.71
26년02월04일,88.27
26년02월05일,88.58
26년02월06일,89.52
26년02월07일,
26년02월08일,
26년02월09일,88.2
26년02월10일,88.81
26년02월11일,89.71
26년02월12일,89.68
26년02월13일,87.46
26년02월14일,
26년02월15일,
26년02월16일,87.01
26년02월17일,
26년02월18일,
26년02월19일,91.85
26년02월20일,93.12
26년02월21일,
26년02월22일,
26년02월23일,91.87
26년02월24일,92.59
26년02월25일,92.4
26년02월26일,92.59
26년02월27일,92.9
26년02월28일,
26년03월01일,
26년03월02일,115.13
26년03월03일,125.86
26년03월04일,145.13
26년03월05일,153.18
26년03월06일,155.74
26년03월07일,
26년03월08일,
26년03월09일,185.41
26년03월10일,161.37
26년03월11일,164.56
26년03월12일,194.5
26년03월13일,192.48
26년03월14일,
26년03월15일,
26년03월16일,190.93
26년03월17일,198.2
26년03월18일,198.87
26년03월19일,224.49
26년03월20일,222.99
26년03월21일,
26년03월22일,
26년03월23일,242.89
26년03월24일,219.9
26년03월25일,205.54
26년03월26일,216.56
26년03월27일,237.83
26년03월28일,
26년03월29일,
26년03월30일,252.14
26년03월31일,238.88
26년04월01일,245.99
26년04월02일,292.8
26년04월03일,
26년04월04일,
26년04월05일,
26년04월06일,272.65
26년04월07일,255.33
26년04월08일,198.37
26년04월09일,210.99
26년04월10일,210.13
26년04월11일,
26년04월12일,
26년04월13일,203.21
26년04월14일,191.74
26년04월15일,173.32
26년04월16일,172.23
26년04월17일,170.31
26년04월18일,
26년04월19일,
26년04월20일,155.07
26년04월21일,152.84
26년04월22일,167.2
26년04월23일,171.26
26년04월24일,172.84
26년04월25일,
26년04월26일,
26년04월27일,174.04
26년04월28일,167.38
26년04월29일,169.49
26년04월30일,178.67
26년05월01일,
26년05월02일,
26년05월03일,
26년05월04일,160.73
26년05월05일,160.96
26년05월06일,157.05
26년05월07일,149.29
26년05월08일,153.49
26년05월09일,
26년05월10일,
26년05월11일,155.33
26년05월12일,160.25
26년05월13일,165.41
26년05월14일,161.88
26년05월15일,163.47
26년05월16일,
26년05월17일,
26년05월18일,165.02
26년05월19일,166.59
26년05월20일,163.91
26년05월21일,156.73
26년05월22일,153.47
26년05월23일,
26년05월24일,
26년05월25일,143.31
26년05월26일,144.3
26년05월27일,
26년05월28일,140.71
26년05월29일,137.65
26년05월30일,
26년05월31일,
26년06월01일,
26년06월02일,146.44
26년06월03일,154.47
26년06월04일,150.38
26년06월05일,140.59
26년06월06일,
26년06월07일,
26년06월08일,146.03
26년06월09일,139.07
26년06월10일,
26년06월12일,127.23
26년06월13일,
26년06월14일,
26년06월15일,120.64
26년06월16일,116.96
26년06월17일,115.44
