date,actual_chg,pred_chg,prev_dom_level,actual_level,pred_level,err_chg,abs_err_chg,sq_err_chg,err_level,abs_err_level,sq_err_level,ape_level_pct
2016-03-12,10.02768141561079,10.805654459858829,379.23,419.23,422.50421613879166,-0.7779730442480393,0.7779730442480393,0.6052420575765617,-3.274216138791644,3.274216138791644,10.720491323523662,0.781007117522993
2016-03-19,2.9334371195883335,3.063029082502214,419.23,431.71,432.26982412828636,-0.12959196291388064,0.12959196291388064,0.016794076851872616,-0.5598241282863796,0.5598241282863796,0.31340305461160484,0.12967596958290975
2016-03-26,0.4322257072802316,-2.3831616750041302,431.71,433.58,421.543278611182,2.815387382284362,2.815387382284362,7.926406112325991,12.036721388817966,12.036721388817966,144.8826617920279,2.776124680293825
2016-04-02,-11.784646310261326,-7.48924095988637,433.58,385.38,402.29430147927053,-4.295405350374956,4.295405350374956,18.4505071240298,-16.914301479270534,16.914301479270534,286.09359453165337,4.388993066394347
2016-04-09,4.968189766198083,6.730750975212402,385.38,405.01,412.2118310490749,-1.7625612090143186,1.7625612090143186,3.1066220155220163,-7.201831049074883,7.201831049074883,51.86637045941903,1.7781859828337285
2016-04-16,-1.0973297795755066,0.4471439221977569,405.01,400.59,406.82503247889014,-1.5444737017732635,1.5444737017732635,2.3853990154692077,-6.235032478890162,6.235032478890162,38.87563001281519,1.5564623377743234
2016-04-23,2.3657627381604485,4.3306376436622305,400.59,410.18,418.3192248205978,-1.964874905501782,1.964874905501782,3.8607333942706368,-8.139224820597804,8.139224820597804,66.24698068023535,1.9843056269437327
2016-04-30,2.7603214346260785,1.71113865443564,410.18,421.66,417.25914277701924,1.0491827801904385,1.0491827801904385,1.100784506248138,4.40085722298079,4.40085722298079,19.36754429706219,1.0436980560121398
2016-05-07,4.31661593933379,7.920283707015494,421.66,440.26,456.41484290520395,-3.6036677676817037,3.6036677676817037,12.986421379828034,-16.154842905203964,16.154842905203964,260.9789492918188,3.669386931632209
2016-05-14,3.8935875845007573,3.837295120062314,440.26,457.74,457.48239938494913,0.05629246443844327,0.05629246443844327,0.0031688415525534,0.25760061505087606,0.25760061505087606,0.06635807687458964,0.0562766232033198
2016-05-21,3.6550201518964265,1.8287826035304606,457.74,474.78,466.18808257162726,1.8262375483659659,1.8262375483659659,3.3351435830617335,8.59191742837271,8.59191742837271,73.82104509597472,1.8096628814130145
2016-05-28,2.5453651151981838,5.42369119172399,474.78,487.02,501.2417154814538,-2.8783260765258065,2.8783260765258065,8.284761002808443,-14.221715481453828,14.221715481453828,202.25719123542348,2.920150195362373
2016-06-04,-5.740484065243212,-4.62496973793745,487.02,459.85,465.00841054706063,-1.1155143273057622,1.1155143273057622,1.2443722144244271,-5.158410547060612,5.158410547060612,26.60919937202616,1.1217593882919672
2016-06-11,12.304384018585779,10.116521178712016,459.85,520.06,508.8053674154351,2.1878628398737625,2.1878628398737625,4.7867438061004846,11.254632584564831,11.254632584564831,126.66675461354845,2.164102715949089
2016-06-18,-1.5131402415555328,-5.314771860893298,520.06,512.25,493.1416577112254,3.8016316193377655,3.8016316193377655,14.45240296914868,19.108342288774622,19.108342288774622,365.1287450249726,3.7302766791165682
2016-06-25,1.040927581922979,-2.376611852411967,512.25,517.61,500.2193331793284,3.417539434334946,3.417539434334946,11.679575785234421,17.39066682067164,17.39066682067164,302.4352924676095,3.3598011670314794
2016-07-02,-6.182073495426366,-11.660353878978484,517.61,486.58,460.6407818378365,5.478280383552118,5.478280383552118,30.01155596081194,25.939218162163456,25.939218162163456,672.8430388643105,5.330925677620012
2016-07-09,6.886681369750924,2.421703738051864,486.58,521.27,498.50736587177533,4.46497763169906,4.46497763169906,19.93602525157295,22.762634128224647,22.762634128224647,518.1375124554174,4.366764657130594
2016-07-16,-2.9415316842856143,-7.73287543329004,521.27,506.16,482.4799605359615,4.791343749004426,4.791343749004426,22.956974921123788,23.680039464038543,23.680039464038543,560.7442690184229,4.678370369851143
2016-07-23,-5.96298780783675,-4.5576773744707015,506.16,476.86,483.60867216380416,-1.4053104333660489,1.4053104333660489,1.9748974141274722,-6.7486721638041445,6.7486721638041445,45.544575974504916,1.4152313391360452
2016-07-30,-7.709022785557806,-5.37309889181652,476.86,441.48,451.91402783761595,-2.3359238937412865,2.3359238937412865,5.456540437351453,-10.434027837615929,10.434027837615929,108.86893691614414,2.3634202767092343
2016-08-06,-2.8699110271658945,-5.563703722329667,441.48,428.99,417.5881591670447,2.693792695163772,2.693792695163772,7.2565190845176994,11.401840832955315,11.401840832955315,130.00197438004716,2.6578337100993767
2016-08-13,1.9162981927768108,1.3283594157886558,428.99,437.29,434.7265456773876,0.587938776988155,0.587938776988155,0.3456720054863275,2.563454322612415,2.563454322612415,6.571298064120276,0.5862137992207495
2016-08-20,-0.3895156606637862,2.973054634757613,437.29,435.59,450.4860616825468,-3.362570295421399,3.362570295421399,11.306878991650356,-14.896061682546815,14.896061682546815,221.89265365023945,3.4197437228923566
2016-08-27,8.313363862074574,4.875569779275196,435.59,473.35,457.3537364021896,3.4377940827993783,3.4377940827993783,11.818428155730418,15.996263597810412,15.996263597810412,255.8804490906345,3.379373317378348
2016-09-03,-4.90109554164313,-5.38296945768319,473.35,450.71,448.54337047675193,0.48187391604006,0.48187391604006,0.23220247095978283,2.166629523248048,2.166629523248048,4.694283491010063,0.48071476631271726
2016-09-10,4.81232688382951,6.151077570276023,450.71,472.93,479.30392389928375,-1.338750686446513,1.338750686446513,1.79225340046101,-6.373923899283739,6.373923899283739,40.626905873860416,1.3477520773230158
2016-09-17,-3.6323006190759344,-2.193895698912171,472.93,456.06,462.6673961116732,-1.4384049201637632,1.4384049201637632,2.069008714351322,-6.607396111673211,6.607396111673211,43.65768337655427,1.4487997438216926
2016-09-24,-0.7659836712409884,1.1728928678428512,456.06,452.58,461.44058779552194,-1.9388765390838396,1.9388765390838396,3.759242233809728,-8.860587795521951,8.860587795521951,78.51001608215255,1.9577948198157125
2016-10-01,-3.9158847551862053,-2.929405381081692,452.58,435.2,439.5144035992586,-0.9864793741045133,0.9864793741045133,0.9731415555336322,-4.31440359925864,4.31440359925864,18.614078417295904,0.99136112115318
2016-10-08,8.35856322425288,10.928995190883553,435.2,473.14,485.4593943418242,-2.5704319666306734,2.5704319666306734,6.607120495076831,-12.319394341824193,12.319394341824193,151.76747694936995,2.6037524499776374
2016-10-15,3.9737583789470676,7.079015029344847,473.14,492.32,507.8476383466748,-3.105256650397779,3.105256650397779,9.642618864839633,-15.527638346674792,15.527638346674792,241.10755262512546,3.153972689851071
2016-10-22,2.608276963265066,2.8855649262422003,492.32,505.33,506.73316376636365,-0.2772879629771343,0.2772879629771343,0.07688861441200862,-1.4031637663636616,1.4031637663636616,1.9688685552358562,0.2776727616337169
2016-10-29,-0.6910410946573187,0.8573271025831108,505.33,501.85,509.6809553573102,-1.5483681972404295,1.5483681972404295,2.397444074225578,-7.830955357310188,7.830955357310188,61.323861808185136,1.5604175266135674
2016-11-05,-0.4433445772767719,-1.5482566666544735,501.85,499.63,494.1399138941604,1.1049120893777016,1.1049120893777016,1.220830725252998,5.490086105839623,5.490086105839623,30.141045449533276,1.0988303556310917
2016-11-12,0.8529856209979592,-1.0940749430250525,499.63,503.91,494.19346746160295,1.9470605640230116,1.9470605640230116,3.7910448399736083,9.716532538397075,9.716532538397075,94.41100456972912,1.9282277665450327
2016-11-19,-4.72999373702887,-6.635524774604276,503.91,480.63,471.5581540947495,1.9055310375754058,1.9055310375754058,3.6310485351632025,9.071845905250484,9.071845905250484,82.29838812860997,1.8874905655598868
2016-11-26,-0.01248439452306016,2.2497727626275563,480.63,480.57,491.5656350483556,-2.2622571571506165,2.2622571571506165,5.1178074450791895,-10.99563504835561,10.99563504835561,120.90399011662626,2.288040253939199
2016-12-03,0.9340926407088723,1.1826951965178207,480.57,485.08,486.2874214962128,-0.2486025558089484,0.2486025558089484,0.06180323075474131,-1.2074214962128167,1.2074214962128167,1.457866669516797,0.2489118281959299
2016-12-10,7.208859429057846,8.683151274862999,485.08,521.34,529.0830101454023,-1.474291845805153,1.474291845805153,2.173536446607565,-7.743010145402309,7.743010145402309,59.95420611180308,1.4852131325818676
2016-12-17,1.1234465890741063,3.4360316098955788,521.34,527.23,539.5647177048402,-2.3125850208214724,2.3125850208214724,5.34804947852785,-12.334717704840159,12.334717704840159,152.1452608580973,2.3395325958007245
2016-12-24,3.9495697627874193,3.9280894280093954,527.23,548.47,548.3521994602714,0.021480334778023913,0.021480334778023913,0.0004614047821759836,0.1178005397285915,0.1178005397285915,0.013876967160347465,0.021478027919228305
2016-12-31,3.0100144360234893,-0.607905719347091,548.47,565.23,545.1459333335036,3.61792015537058,3.61792015537058,13.089346250636684,20.08406666649637,20.08406666649637,403.3697338642706,3.5532556068319745
2017-01-07,4.202502834711019,3.6111491749867746,565.23,589.49,586.0143162315652,0.5913536597242448,0.5913536597242448,0.3496991508692579,3.4756837684348056,3.4756837684348056,12.080377658161172,0.5896086054784314
2017-01-14,1.7055042027257272,-1.87657515907719,589.49,599.63,578.530926326266,3.582079361802917,3.582079361802917,12.831292554254395,21.099073673733983,21.099073673733983,445.1709098896544,3.5186821329376423
2017-01-21,-2.6223477076571022,-4.166269664593073,599.63,584.11,575.161057563145,1.5439219569359706,1.5439219569359706,2.383695009108997,8.948942436854963,8.948942436854963,80.08357073814365,1.532064583187236
2017-01-28,-8.62537122099214,-4.337854254126927,584.11,535.84,559.3138578845782,-4.287516966865213,4.287516966865213,18.382801741157074,-23.473857884578138,23.473857884578138,551.0220039853712,4.380758787059222
2017-02-04,-3.075707886112511,2.504084482945843,535.84,519.61,549.427294987675,-5.579792369058354,5.579792369058354,31.134082881801838,-29.81729498767504,29.81729498767504,889.0710803820311,5.738398989179392
2017-02-11,3.515170810803614,5.899754787735143,519.61,538.2,551.1880712585838,-2.3845839769315287,2.3845839769315287,5.686240743038585,-12.988071258583773,12.988071258583773,168.68999501804987,2.413242522962425
2017-02-18,0.6279019323870649,0.34422921586170996,538.2,541.59,540.0558339685875,0.283672716525355,0.283672716525355,0.0804702101008744,1.5341660314124965,1.5341660314124965,2.353665411939969,0.28327074565861565
2017-02-25,6.151159375583948,-0.7855156466535544,541.59,575.95,537.3523911391917,6.936675022237502,6.936675022237502,48.11746036413365,38.59760886080835,38.59760886080835,1489.7754097719512,6.701555492804643
2017-03-04,-3.3796782743465315,-2.8976155562328914,575.95,556.81,559.5006535289483,-0.4820627181136401,0.4820627181136401,0.23238446419511083,-2.69065352894836,2.69065352894836,7.239616412842263,0.4832265097516855
2017-03-11,2.4587040508963653,0.7119089273437735,556.81,570.67,560.7881236054844,1.7467951235525918,1.7467951235525918,3.0512932036671145,9.88187639451553,9.88187639451553,97.65148107648325,1.7316271040208053
2017-03-18,-4.0499326505608835,-4.590391695276621,570.67,548.02,545.0661656655845,0.5404590447157371,0.5404590447157371,0.29209597901504714,2.9538343344154327,2.9538343344154327,8.725137275171463,0.5390011923680582
2017-03-25,-5.770813695225563,-5.407845582877474,548.02,517.29,519.1710094154231,-0.36296811234808857,0.36296811234808857,0.13174585058153465,-1.8810094154231365,1.8810094154231365,3.5381964209104897,0.36362763931704395
2017-04-01,-7.604746448982702,-7.534971759700088,517.29,479.41,479.7446235655906,-0.06977468928261388,0.06977468928261388,0.004868507264485312,-0.3346235655905616,0.3346235655905616,0.11197293064854089,0.0697990374816048
2017-04-08,9.6767349420678,2.92956435384765,479.41,528.12,493.6623713554238,6.74717058822015,6.74717058822015,45.52431094654304,34.45762864457623,34.45762864457623,1187.3281718075204,6.524583171358069
2017-04-15,2.9129269506237954,3.3766501629995984,528.12,543.73,546.2572574335015,-0.46372321237580305,0.46372321237580305,0.21503921769613413,-2.527257433501518,2.527257433501518,6.387030135188679,0.46480007237075716
2017-04-22,1.4334086986480088,2.6704858568036443,543.73,551.58,558.4458505635092,-1.2370771581556355,1.2370771581556355,1.5303598952304232,-6.865850563509184,6.865850563509184,47.13990396043938,1.2447606083449696
2017-04-29,-1.2129541056617121,-2.536684624764517,551.58,544.93,537.7641283344467,1.323730519102805,1.323730519102805,1.7522624872041817,7.165871665553254,7.165871665553254,51.34971672717897,1.3150077377926073
2017-05-06,-7.584152415748857,-4.641776113445159,544.93,505.13,520.2136460123704,-2.942376302303698,2.942376302303698,8.657578304358383,-15.083646012370423,15.083646012370423,227.51637702649816,2.9860918995843493
2017-05-13,1.9370496061334563,-0.7539385525064886,505.13,515.01,501.3359505622984,2.6909881586399447,2.6909881586399447,7.2414172699404,13.67404943770157,13.67404943770157,186.9796280247066,2.6551036752104946
2017-05-20,-1.5833117737083846,-2.838185885524455,515.01,506.92,500.5985382992074,1.2548741118160702,1.2548741118160702,1.5747090365061711,6.321461700792611,6.321461700792611,39.96087803458781,1.2470333979311548
2017-05-27,2.528328517580647,1.9306061734368103,506.92,519.9,516.8017103420112,0.5977223441438366,0.5977223441438366,0.35727200068880305,3.098289657988744,3.098289657988744,9.599398804800007,0.5959395379859096
2017-06-03,-3.2549420869768753,-4.531072400168898,519.9,503.25,496.8686777924788,1.2761303131920227,1.2761303131920227,1.6285085762475702,6.38132220752118,6.38132220752118,40.72127311620298,1.2680222965764887
2017-06-10,-1.8693257777288252,2.659847774458956,503.25,493.93,516.8152922328695,-4.529173552187782,4.529173552187782,20.51341306583729,-22.885292232869517,22.885292232869517,523.7366005838378,4.633306791016848
2017-06-17,-2.704642227372389,-2.7576051169499287,493.93,480.75,480.49544832326814,0.052962889577539585,0.052962889577539585,0.002805067672402651,0.2545516767318645,0.2545516767318645,0.06479655612700366,0.05294886671489642
2017-06-24,0.43172403550997274,1.9710632680899953,480.75,482.83,490.3198911353965,-1.5393392325800226,1.5393392325800226,2.369565272960053,-7.489891135396533,7.489891135396533,56.098469220091566,1.5512480863650837
2017-07-01,-3.31212573159263,-3.161488112335012,482.83,467.1,467.80415855023574,-0.1506376192576182,0.1506376192576182,0.022691692335603145,-0.7041585502357179,0.7041585502357179,0.4958392638700681,0.15075113471113635
2017-07-08,8.40758658531131,5.849723330148368,467.1,508.07,495.2390626388712,2.5578632551629426,2.5578632551629426,6.5426644321127645,12.830937361128804,12.830937361128804,164.63295356521098,2.5254270791679896
2017-07-15,-0.23844020243268815,3.1684747493343552,508.07,506.86,524.4258163046823,-3.4069149517670434,3.4069149517670434,11.607069488573835,-17.565816304682244,17.565816304682244,308.5579024498406,3.465615022823313
2017-07-22,-0.7505505909721322,-2.0040387859465527,506.86,503.07,496.8034343197815,1.2534881949744205,1.2534881949744205,1.571232654940231,6.266565680218491,6.266565680218491,39.26984542449224,1.2456647544513668
2017-07-29,0.6044469893935478,1.7385446086720246,503.07,506.12,511.89256626793025,-1.1340976192784769,1.1340976192784769,1.286177410053109,-5.7725662679302445,5.7725662679302445,33.322521317646114,1.140552886258248
2017-08-05,-0.4376114624041527,-1.1299410034240294,506.12,503.91,500.43333109973577,0.6923295410198766,0.6923295410198766,0.47932019336879306,3.476668900264258,3.476668900264258,12.087226642064685,0.6899384612855982
2017-08-12,7.759881172345917,3.3850533392224555,503.91,544.57,521.2596124474935,4.374827833123462,4.374827833123462,19.139118569471723,23.31038755250654,23.31038755250654,543.3741678480519,4.280512615918346
2017-08-19,-2.3992305133214487,-3.0294001346346375,544.57,531.66,528.3201745265102,0.6301696213131889,0.6301696213131889,0.39711375162600787,3.339825473489782,3.339825473489782,11.154434193371246,0.6281882168095743
2017-08-26,-1.6193304034245237,-1.48149076374338,531.66,523.12,523.8415639094003,-0.13783963968114366,0.13783963968114366,0.018999766267427512,-0.7215639094002881,0.7215639094002881,0.5206544753490272,0.1379346821762288
2017-09-02,-3.43221937346172,-0.8355927757876381,523.12,505.47,518.7670588296643,-2.596626597674082,2.596626597674082,6.742469687748478,-13.297058829664252,13.297058829664252,176.81177351955205,2.630632644798752
2017-09-09,3.8975671255217392,6.355443300286133,505.47,525.56,538.6376721560529,-2.457876174764394,2.457876174764394,6.041155290474449,-13.077672156052927,13.077672156052927,171.025509021202,2.4883309528984188
2017-09-16,2.730846174362078,3.6283939380999315,525.56,540.11,544.9795658758864,-0.8975477637378533,0.8975477637378533,0.8055919881908213,-4.869565875886337,4.869565875886337,23.71267181959667,0.9015878017230448
2017-09-23,3.858958842679172,2.780620121396651,540.11,561.36,555.3391586286974,1.0783387212825213,1.0783387212825213,1.1628143978172232,6.020841371302595,6.020841371302595,36.25053081838891,1.0725454915388688
2017-09-30,-0.5860089663473289,-0.8990889774803249,561.36,558.08,556.3354953465067,0.313080011132996,0.313080011132996,0.0980190933710369,1.7445046534933226,1.7445046534933226,3.0432964860598575,0.31259042672973814
2017-10-07,2.206343209036188,4.3497149963078945,558.08,570.53,582.8905723636361,-2.1433717872717066,2.1433717872717066,4.59404261847231,-12.360572363636152,12.360572363636152,152.78374915668581,2.1665069958873593
2017-10-14,0.06483095992910748,2.0069392597144935,570.53,570.9,582.0958622676749,-1.942108299785386,1.942108299785386,3.771784648095283,-11.195862267674897,11.195862267674897,125.3473319167465,1.961089905005237
2017-10-21,-1.7475332294442758,-0.5279777936793066,570.9,561.01,567.8937180101493,-1.2195554357649692,1.2195554357649692,1.487315460903884,-6.883718010149323,6.883718010149323,47.385573643254155,1.2270223365268573
2017-10-28,-2.435800431173174,0.2592356598184695,561.01,547.51,562.466224686461,-2.6950360909916435,2.6950360909916435,7.263219531747518,-14.956224686461042,14.956224686461042,223.6886568719067,2.7316806426295486
2017-11-04,2.134103380861152,-0.3465412097473003,547.51,559.32,545.6159359742037,2.480644590608452,2.480644590608452,6.1535975849149755,13.704064025796356,13.704064025796356,187.80137082312584,2.4501294475070363
2017-11-11,5.382441579297215,3.952433514924007,559.32,590.25,581.8694415437429,1.4300080643732076,1.4300080643732076,2.0449230641724077,8.380558456257063,8.380558456257063,70.23376003874176,1.4198320129194517
2017-11-18,-0.1644723268867665,-0.4038247719030883,590.25,589.28,587.8712305466383,0.2393524450163218,0.2393524450163218,0.05728959293529135,1.4087694533616286,1.4087694533616286,1.984631372724822,0.2390662254550687
2017-11-25,0.7809502325059725,-0.08909080424990014,589.28,593.9,588.7552395001003,0.8700410367558726,0.8700410367558726,0.7569714056392337,5.144760499899689,5.144760499899689,26.468560601328104,0.8662671324970012
2017-12-02,-1.9587799388332883,-3.4506015637682648,593.9,582.38,573.7564134187246,1.4918216249349765,1.4918216249349765,2.2255317606236336,8.62358658127539,8.62358658127539,74.36624552475297,1.4807490953115474
2017-12-09,3.6566929625872824,0.618352895195559,582.38,604.07,585.9923205252566,3.038340067391723,3.038340067391723,9.231510365117941,18.07767947474349,18.07767947474349,326.80249519156206,2.9926464606326237
2017-12-16,-0.3482475079326086,-1.7703217008652714,604.07,601.97,593.4701205204407,1.4220741929326628,1.4220741929326628,2.022295010205084,8.499879479559354,8.499879479559354,72.24795116703419,1.4120104788543206
2017-12-23,-1.0974161598352516,0.6373964545902366,601.97,595.4,605.8191897051728,-1.7348126144254883,1.7348126144254883,3.009574807169798,-10.419189705172812,10.419189705172812,108.5595141123791,1.749947884644409
2017-12-30,-3.529828493838494,-0.6651545274798202,595.4,574.75,591.4528119463691,-2.8646739663586738,2.8646739663586738,8.206356933533137,-16.70281194636914,16.70281194636914,278.9839269157716,2.906100382143391
2018-01-06,3.6439722602181313,5.174671949180686,574.75,596.08,605.2743843897593,-1.5306996889625548,1.5306996889625548,2.343041537790062,-9.194384389759307,9.194384389759307,84.53670430664963,1.542474900979618
2018-01-13,3.75849800684529,3.7179857784242705,596.08,618.91,618.659316549234,0.040512228421019536,0.040512228421019536,0.0016412406516368631,0.2506834507660187,0.2506834507660187,0.06284219248795893,0.04050402332585008
2018-01-20,0.7276623056807985,0.5254983230745442,618.91,623.43,622.1709222129608,0.20216398260625423,0.20216398260625423,0.04087027586322187,1.259077787039132,1.259077787039132,1.585276873815358,0.20195976886565165
2018-01-27,-1.6936808418393845,-0.5476630297285414,623.43,612.96,620.0250367467739,-1.146017812110843,1.146017812110843,1.3133568256753236,-7.065036746773899,7.065036746773899,49.914744233265516,1.1526097537806543
2018-02-03,2.2184232749038912,0.36634578309809873,612.96,626.71,615.2096713841478,1.8520774918057925,1.8520774918057925,3.4301910356536354,11.500328615852254,11.500328615852254,132.25755827259022,1.8350319311726722
2018-02-10,1.2747306883409415,1.7701361151381307,626.71,634.75,637.9023880500037,-0.49540542679718924,0.49540542679718924,0.24542653690010524,-3.152388050003651,3.152388050003651,9.937550417805822,0.4966345884212133
2018-02-17,-1.471186560947757,-5.784816633600294,634.75,625.48,599.0727566421488,4.313630072652537,4.313630072652537,18.607404403692332,26.407243357851257,26.407243357851257,697.3425017607793,4.221916505380069
2018-02-24,-1.7287407236199037,-5.179677768034163,625.48,614.76,593.9069025081371,3.4509370444142595,3.4509370444142595,11.908966484510625,20.853097491862854,20.853097491862854,434.8516750051369,3.392071294791928
2018-03-03,-4.238140592287021,-4.222533966006289,614.76,589.25,589.3419692218192,-0.015606626280732172,0.015606626280732172,0.00024356678386644012,-0.09196922181922673,0.09196922181922673,0.00845833776203413,0.01560784417806139
2018-03-10,4.423407087675724,2.219097738892428,589.25,615.9,602.4721975803061,2.204309348783296,2.204309348783296,4.858979705133438,13.427802419693876,13.427802419693876,180.3058778223367,2.1801919824149825
2018-03-17,-2.623829428260027,-1.4123650792110214,615.9,599.95,607.2623843940816,-1.2114643490490058,1.2114643490490058,1.4676458690167313,-7.312384394081505,7.312384394081505,53.47096552680674,1.2188323017053928
2018-03-24,0.37931137328266473,1.1063833815082358,599.95,602.23,606.6246023575036,-0.727072008225571,0.727072008225571,0.5286337051451648,-4.394602357503572,4.394602357503572,19.312529880575955,0.7297215943250207
2018-03-31,-3.04473957847744,0.15555614690219333,602.23,584.17,603.1675347909357,-3.2002957253796334,3.2002957253796334,10.241892729883153,-18.997534790935788,18.997534790935788,360.90632813281564,3.252055872594585
2018-04-07,7.167911656116566,5.624150887100257,584.17,627.58,617.9660651746756,1.543760769016309,1.543760769016309,2.383197311953826,9.613934825324463,9.613934825324463,92.42774282558652,1.531905864642669
2018-04-14,0.3912156513918852,1.1595580108445875,627.58,630.04,634.8995091283067,-0.7683423594527024,0.7683423594527024,0.5903499813293457,-4.85950912830674,4.85950912830674,23.614828968096536,0.7713016837513079
2018-04-21,1.0562394431369526,3.1295217990081703,630.04,636.73,650.0690106102317,-2.0732823558712177,2.0732823558712177,4.298499727166907,-13.33901061023164,13.33901061023164,177.92920405987226,2.09492416098372
2018-04-28,0.630926796837894,-0.5425296052901931,636.73,640.76,633.2849050245148,1.173456402128087,1.173456402128087,1.3769999276953948,7.475094975485149,7.475094975485149,55.87704489252332,1.1665982544923448
2018-05-05,-2.557554799008699,1.3342462799502588,640.76,624.58,649.3666054403129,-3.8918010789589577,3.8918010789589577,15.146115638186107,-24.786605440312883,24.786605440312883,614.3758092537482,3.968523718388818
2018-05-12,8.308504570757957,5.4734533831658405,624.58,678.69,659.7189807959965,2.835051187592117,2.835051187592117,8.037515236267472,18.971019204003596,18.971019204003596,359.89956963867326,2.795240714317817
2018-05-19,0.372083875978646,0.43906798541834546,678.69,681.22,681.676462011764,-0.06698410943969946,0.06698410943969946,0.004486870917429634,-0.4564620117639606,0.4564620117639606,0.20835756818360213,0.06700654880419844
2018-05-26,2.5693900606575504,1.8926259685505702,681.22,698.95,694.2357276227162,0.6767640921069802,0.6767640921069802,0.45800963636538516,4.714272377283805,4.714272377283805,22.2243640472211,0.6744792012710216
2018-06-02,-5.700609610654617,-5.276798722855389,698.95,660.22,663.0240219214767,-0.4238108877992275,0.4238108877992275,0.17961566861716938,-2.8040219214766466,2.8040219214766466,7.862538936121585,0.42471023620560516
2018-06-09,3.8960276533022586,5.37721894264406,660.22,686.45,696.6933118521107,-1.481191289341801,1.481191289341801,2.193927635622027,-10.24331185211065,10.24331185211065,104.92543769959053,1.4922152891121931
2018-06-16,-2.2257674295929064,-3.2733842975052743,686.45,671.34,664.3436404279513,1.0476168679123679,1.0476168679123679,1.0975011019345196,6.996359572048732,6.996359572048732,48.949047261397915,1.0421484749975767
2018-06-23,0.2796455680905474,0.7226474337307036,671.34,673.22,676.2089929187965,-0.4430018656401562,0.4430018656401562,0.196250652960659,-2.988992918796498,2.988992918796498,8.934078668615609,0.4439845695012772
2018-06-30,-5.312278887607658,-4.700235718537317,673.22,638.39,642.3092037621451,-0.6120431690703407,0.6120431690703407,0.3745968408056657,-3.9192037621451163,3.9192037621451163,15.360158129212433,0.6139199802855804
2018-07-07,6.9081632513609215,5.796313577976273,638.39,684.05,676.4865175038533,1.1118496733846488,1.1118496733846488,1.2362096962055502,7.563482496146662,7.563482496146662,57.20626746951694,1.105691469358477
2018-07-14,1.3893245747923721,2.1436685935423747,684.05,693.62,698.8720653984033,-0.7543440187500026,0.7543440187500026,0.5690348986239042,-5.252065398403261,5.252065398403261,27.5841909491048,0.7571963608897178
2018-07-21,0.3482869833330682,-1.4880177694430126,693.62,696.04,683.3752222366294,1.8363047527760807,1.8363047527760807,3.372015145068023,12.66477776337058,12.66477776337058,160.3965957955659,1.8195474058057843
2018-07-28,-1.7522314411923645,-1.7737358850977514,696.04,683.95,683.8029361691058,0.02150444390538686,0.02150444390538686,0.0004624411076799301,0.1470638308942398,0.1470638308942398,0.02162777035728956,0.021502131865522304
2018-08-04,-2.664019105466764,-3.0533010033864447,683.95,665.97,663.38253887086,0.3892818979196808,0.3892818979196808,0.1515403960479488,2.5874611291400242,2.5874611291400242,6.694955094810569,0.38852517818220406
2018-08-11,5.133458668635438,4.702261698405972,665.97,701.05,698.0336016230888,0.43119697022946557,0.43119697022946557,0.18593082713507061,3.0163983769111837,3.0163983769111837,9.098659168232423,0.43026865086815264
2018-08-18,-0.30000022500029644,-2.3901422094457647,701.05,698.95,684.4925693439232,2.0901419844454683,2.0901419844454683,4.36869351514164,14.457430656076895,14.457430656076895,209.017301175272,2.0684499114495876
2018-08-25,0.17582359278520698,-0.21307818887969043,698.95,700.18,697.4622755698455,0.3889017816648974,0.3889017816648974,0.15124459578213154,2.717724430154476,2.717724430154476,7.386026078258472,0.38814653805513954
2018-09-01,-4.7258874111800075,-4.4139998491791514,700.18,667.86,669.9462239169101,-0.3118875620008561,0.3118875620008561,0.09727385133083785,-2.0862239169100576,2.0862239169100576,4.352330231487543,0.3123744372937528
2018-09-08,7.681018865293243,8.400286601298285,667.86,721.18,726.3859148476419,-0.7192677360050421,0.7192677360050421,0.517346076057819,-5.205914847641907,5.205914847641907,27.101549400898456,0.7218606793923719
2018-09-15,2.4206163963521377,-0.22895858298260524,721.18,738.85,719.5306853354919,2.649574979334743,2.649574979334743,7.020247571116704,19.31931466450817,19.31931466450817,373.2359191062804,2.6147817100234376
2018-09-22,-0.6013851298709127,1.5208873740825015,738.85,734.42,750.172962861119,-2.1222725039534143,2.1222725039534143,4.504040581036695,-15.752962861119045,15.752962861119045,248.1558389037959,2.144952869082956
2018-09-29,-1.9399397147724429,-3.926925010684628,734.42,720.31,706.138802265034,1.9869852959121852,1.9869852959121852,3.948110566171234,14.171197734965972,14.171197734965972,200.8228452435047,1.9673748434654488
2018-10-06,1.345874505299438,4.7155190952645345,720.31,730.07,755.0899383946288,-3.3696445899650964,3.3696445899650964,11.354504662681043,-25.019938394628753,25.019938394628753,625.997317271018,3.4270601989711604
2018-10-13,6.794676266476607,5.547818021081441,730.07,781.4,771.7175383963552,1.246858245395166,1.246858245395166,1.554655484109912,9.68246160364481,9.68246160364481,93.75006270605604,1.2391171747689802
2018-10-20,-0.6045882262157853,-0.244190174825048,781.4,776.69,779.4942257776123,-0.36039805139073733,0.36039805139073733,0.12988675544624054,-2.8042257776122597,2.8042257776122597,7.863682211825083,0.3610482660536713
2018-10-27,-2.3764423321130934,-2.357631833910368,776.69,758.45,758.5926816427617,-0.018810498202725512,0.018810498202725512,0.00035383484263473974,-0.14268164276165862,0.14268164276165862,0.02035805118116557,0.01881226748785795
2019-12-21,1.9149165004317403,0.943059679544297,680.16,693.31,686.6046554262914,0.9718568208874433,0.9718568208874433,0.944505680305448,6.705344573708544,6.705344573708544,44.96164585216262,0.9671495541256501
2019-12-28,-4.042782817695745,-0.2770123599714919,693.31,665.84,691.3921032390498,-3.765770457724253,3.765770457724253,14.18102714026873,-25.552103239049757,25.552103239049757,652.909979939057,3.8375740777138283
2020-01-04,-1.1024137983938864,0.7332089113836555,665.84,658.54,670.7399396611627,-1.835622709777542,1.835622709777542,3.369510732651046,-12.199939661162716,12.199939661162716,148.83852773601106,1.8525738240900653
2020-01-11,5.026853407011611,4.233375325849204,658.54,692.49,687.0169859346431,0.7934780811624069,0.7934780811624069,0.6296074652851752,5.473014065356892,5.473014065356892,29.953882959594377,0.7903383536739725
2020-01-18,-2.266683873983144,-1.4812487668737337,692.49,676.97,682.3080962429659,-0.7854351071094103,0.7854351071094103,0.6169083074799709,-5.338096242965889,5.338096242965889,28.49527149916654,0.7885277402197864
2020-01-25,-3.364842728151629,-4.7972988826907095,676.97,654.57,645.2604088430617,1.4324561545390804,1.4324561545390804,2.0519306346768897,9.309591156938382,9.309591156938382,86.66848750934531,1.422245314777393
2020-02-01,-7.53508985407132,-7.278577977538747,654.57,607.06,608.6191798835387,-0.25651187653257246,0.25651187653257246,0.0657983428022617,-1.559179883538718,1.559179883538718,2.4310419092318103,0.25684114972798705
2020-02-08,0.41261576010755974,-1.1813884204058283,607.06,609.57,599.9304601551871,1.594004180513388,1.594004180513388,2.5408493274941577,9.63953984481293,9.63953984481293,92.92072841973608,1.5813671678089356
2020-02-15,-3.4972976407868117,-1.2960443173876093,609.57,588.62,601.7206778737839,-2.2012533233992024,2.2012533233992024,4.845516193776033,-13.100677873783866,13.100677873783866,171.62776075265015,2.225659657127496
2020-02-22,-1.2479434397193678,1.2931596412038444,588.62,581.32,596.2812254550287,-2.5411030809232122,2.5411030809232122,6.457204867877441,-14.961225455028625,14.961225455028625,223.8382671161965,2.5736643251614644
2020-02-29,-3.9599233830190705,-4.1582542275685555,581.32,558.75,557.6429246049616,0.1983308445494849,0.1983308445494849,0.03933512389971195,1.1070753950383505,1.1070753950383505,1.22561593029932,0.1981342988882954
2020-03-07,-1.0127169754464482,-2.1407973899264965,558.75,553.12,546.915423713974,1.1280804144800483,1.1280804144800483,1.2725654215334774,6.204576286026054,6.204576286026054,38.49676688911686,1.121741445983883
2020-03-14,-10.411181789520185,-7.961903561703281,553.12,498.43,510.78866874173053,-2.4492782278169045,2.4492782278169045,5.998963837257916,-12.358668741730526,12.358668741730526,152.73669306782716,2.4795194393857765
2020-03-21,-10.513093215027514,-12.115729822690657,498.43,448.69,441.556444971061,1.6026366076631433,1.6026366076631433,2.568444096222028,7.133555028938986,7.133555028938986,50.887607350900694,1.589862717898546
2020-03-28,-9.244593558512548,-13.308422635780454,448.69,409.07,392.77934841110397,4.063829077267906,4.063829077267906,16.51470676924812,16.290651588896026,16.290651588896026,265.38532919080063,3.982362820274287
2020-04-04,-7.537430838746406,-9.652662765453664,409.07,379.37,371.42971837722513,2.115231926707258,2.115231926707258,4.474206103761699,7.940281622774876,7.940281622774876,63.04807224897642,2.093017798659587
2020-04-11,1.861988587222907,-5.1643063224392645,379.37,386.5,360.27546482942125,7.026294909662171,7.026294909662171,49.36882015754454,26.224535170578747,26.224535170578747,687.7262449129216,6.785131997562418
2020-04-18,-3.4187090051302604,-7.680069656438109,386.5,373.51,357.92775754238625,4.261360651307848,4.261360651307848,18.159194600514848,15.582242457613745,15.582242457613745,242.80628000786044,4.171840769353898
2020-04-25,-8.061849387191433,-14.500889323715935,373.51,344.58,323.0916033567635,6.439039936524502,6.439039936524502,41.46123530415746,21.488396643236456,21.488396643236456,461.7511902970558,6.236112555353316
2020-05-02,-12.477240536414058,-13.576653017636989,344.58,304.16,300.83434184537043,1.099412481222931,1.099412481222931,1.2087078038687613,3.3256581546295934,3.3256581546295934,11.060002161454312,1.0933910292706448
2020-05-09,5.823913189235341,4.4508122512744315,304.16,322.4,318.00337669224194,1.3731009379609098,1.3731009379609098,1.8854061858291302,4.396623307758034,4.396623307758034,19.330296510321197,1.3637169068728394
2020-05-16,11.264163615596523,6.3924487799794765,322.4,360.84,343.6822361790053,4.8717148356170465,4.8717148356170465,23.733605439571228,17.15776382099466,17.15776382099466,294.3888593370333,4.754950621049401
2020-05-23,5.706449276591474,5.7460396236847835,360.84,382.03,382.18127694655857,-0.03959034709330922,0.03959034709330922,0.0015673955829686977,-0.15127694655859614,0.15127694655859614,0.02288471456009235,0.039598185105514265
2020-05-30,3.629378785689763,2.9620625268793943,382.03,396.15,393.5152275506268,0.6673162588103687,0.6673162588103687,0.445310989272667,2.6347724493732017,2.6347724493732017,6.94202585997606,0.6650946483335105
2020-06-06,7.1025387386399075,4.613948707988291,396.15,425.31,414.8563909714688,2.4885900306516167,2.4885900306516167,6.193080340658614,10.453609028531218,10.453609028531218,109.27794172138941,2.457879906075855
2020-06-13,6.87530176555482,3.659448264526242,425.31,455.58,441.1622834522604,3.215853501028578,3.215853501028578,10.341713740077761,14.417716547739587,14.417716547739587,207.87055045096392,3.16469479514895
2020-06-20,0.8785213521402824,3.0422882457538045,455.58,459.6,469.6530426233904,-2.163766893613522,2.163766893613522,4.681887169897911,-10.053042623390354,10.053042623390354,101.06366598770322,2.1873460886401985
2020-06-27,-1.5303624622000633,2.4036556220875163,459.6,452.62,470.78103976364116,-3.9340180842875796,3.9340180842875796,15.476498287501718,-18.161039763641156,18.161039763641156,329.8233652965552,4.012425381918862
2020-07-04,-2.482960222135411,0.6186109930343047,452.62,441.52,455.4286353835681,-3.1015712151697157,3.1015712151697157,9.619744002769346,-13.90863538356814,13.90863538356814,193.45013823304365,3.150171087055658
2020-07-11,3.847824628182117,3.870515281543215,441.52,458.84,458.94412560682554,-0.02269065336109799,0.02269065336109799,0.0005148657499535075,-0.10412560682556204,0.10412560682556204,0.010842141996791533,0.02269322788457023
2020-07-18,-0.35150188471986255,4.13253093478274,458.84,457.23,478.1989573992121,-4.484032819502603,4.484032819502603,20.10655032637646,-20.96895739921206,20.96895739921206,439.69717440997016,4.586085208584751
2020-07-25,0.8146418391342003,-0.4917494197183401,457.23,460.97,454.98709338812813,1.3063912588525404,1.3063912588525404,1.7066581212063252,5.982906611871897,5.982906611871897,35.795171526380464,1.2978950065886927
2020-08-01,-5.1251050265614495,-2.302701287941067,460.97,437.94,450.4765183127442,-2.8224037386203826,2.8224037386203826,7.965962863778313,-12.536518312744192,12.536518312744192,157.16429140577048,2.8626109313477173
2020-08-08,5.980494192942487,3.082068503128935,437.94,464.93,451.6477671052939,2.898425689813552,2.898425689813552,8.400871479371165,13.282232894706112,13.282232894706112,176.4177106692131,2.856824230466116
2020-08-15,0.6218125442892131,1.7477941116621194,464.93,467.83,473.12744774024924,-1.1259815673729063,1.1259815673729063,1.2678344900635468,-5.297447740249254,5.297447740249254,28.062952560671928,1.1323445995872976
2020-08-22,-1.9076558733071458,-1.2524608944679971,467.83,458.99,462.00715275669165,-0.6551949788391487,0.6551949788391487,0.4292804602960325,-3.017152756691644,3.017152756691644,9.103210757211986,0.6573460765357946
2020-08-29,-3.9666137946399616,-3.6441750294050554,458.99,441.14,442.5647020304279,-0.3224387652349061,0.3224387652349061,0.1039667573262109,-1.424702030427909,1.424702030427909,2.0297758755054067,0.32295915818740284
2020-09-05,-2.1677712365050894,1.8626725396087647,441.14,431.68,449.4339988585758,-4.030443776113854,4.030443776113854,16.244477032414903,-17.753998858575812,17.753998858575812,315.20447547031125,4.112768453154144
2020-09-12,2.4914071007939853,0.9481927941933765,431.68,442.57,435.7926256512538,1.5432143066006088,1.5432143066006088,2.3815103960967976,6.777374348746207,6.777374348746207,45.932803063043075,1.5313677720465027
2020-09-19,-4.04624173866166,-5.398044201632631,442.57,425.02,419.31322821557626,1.351802462970971,1.351802462970971,1.8273698988943836,5.706771784423722,5.706771784423722,32.567244199494716,1.342706645434032
2020-09-26,-1.3334952043233095,-3.0656785497350096,425.02,419.39,412.18795267764006,1.7321833454117002,1.7321833454117002,3.0004591421216693,7.202047322359931,7.202047322359931,51.86948563351185,1.717267298304664
2020-10-03,-6.988913196001079,-4.371050556264361,419.39,391.08,401.45312184958226,-2.6178626397367175,2.6178626397367175,6.853204800529295,-10.373121849582276,10.373121849582276,107.60165690628122,2.6524296434443784
2020-10-10,7.196142472805445,6.507161301777453,391.08,420.26,417.3744396291228,0.6889811710279918,0.6889811710279918,0.47469505403110296,2.885560370877215,2.885560370877215,8.32645865397705,0.6866131373143328
2020-10-17,1.262637066191008,0.23615334630271512,420.26,425.6,421.2536308376316,1.0264837198882928,1.0264837198882928,1.053668827195707,4.346369162368433,4.346369162368433,18.890924895587272,1.0212333558196505
2020-10-24,-1.7731465362928134,-1.1442291991280027,425.6,418.12,420.75791562958244,-0.6289173371648107,0.6289173371648107,0.39553701698647614,-2.6379156295824373,2.6379156295824373,6.958598868795306,0.6308991747781587
2020-10-31,-7.342382413037729,-7.965083851260389,418.12,388.52,386.10819733044696,0.6227014382226601,0.6227014382226601,0.38775708116456936,2.411802669553026,2.411802669553026,5.816792116863104,0.6207666708414048
2020-11-07,5.751297307507031,0.9559155876152166,388.52,411.52,392.25173092349723,4.7953817198918145,4.7953817198918145,22.99568583947258,19.268269076502747,19.268269076502747,371.26619320451204,4.68221935179402
2020-11-14,1.4666414959229712,3.5629361497273746,411.52,417.6,426.4465271509118,-2.0962946538044034,2.0962946538044034,4.394451275568923,-8.846527150911754,8.846527150911754,78.26104263181884,2.118421252612968
2020-11-21,2.254096762350155,3.1151336154635327,417.6,427.12,430.81353915425933,-0.8610368531133776,0.8610368531133776,0.7413844624193883,-3.6935391542593266,3.6935391542593266,13.642231484046702,0.8647544376894846
2020-11-28,0.9715713475475951,0.7180156214566213,427.12,431.29,430.19782473054704,0.25355572609097377,0.25355572609097377,0.06429050623352091,1.09217526945298,1.09217526945298,1.1928468192046895,0.25323454507477106
2020-12-05,2.676647875951499,2.260753081278569,431.29,442.99,441.15145350874303,0.4158947946729299,0.4158947946729299,0.1729684802360385,1.8385464912569773,1.8385464912569773,3.3802532005133425,0.4150311499711003
2020-12-12,7.3507972135722355,7.2944288065001714,442.99,476.78,476.5113224405064,0.05636840707206403,0.05636840707206403,0.0031773973158419184,0.2686775594935966,0.2686775594935966,0.07218763097543515,0.056352523070094515
2020-12-19,5.522343616376713,0.8706657443929132,476.78,503.85,480.94928406218577,4.651677871983799,4.651677871983799,21.63810702470373,22.900715937814255,22.900715937814255,524.4427904644598,4.545145566699267
2020-12-26,2.1965962824086915,-0.17351622117408938,503.85,515.04,502.9764965738439,2.370112503582781,2.370112503582781,5.617433279639438,12.063503426156046,12.063503426156046,145.52811491287866,2.342245927725234
2021-01-02,-4.603011361474074,-6.591299291459288,515.04,491.87,482.18679218708513,1.9882879299852139,1.9882879299852139,3.9532888925248866,9.683207812914873,9.683207812914873,93.76451354809564,1.9686518415261904
2021-01-09,6.203600236513562,4.244864826779599,491.87,523.35,513.1987013295789,1.958735409733963,1.958735409733963,3.8366444053456763,10.15129867042117,10.15129867042117,103.04886469609461,1.9396768262962012
2021-01-16,0.8978394375555254,-1.5496555421764078,523.35,528.07,515.3023938548732,2.447494979731933,2.447494979731933,5.990231675813016,12.76760614512682,12.76760614512682,163.01176667708012,2.4177866845544753
2021-01-23,1.290704653761665,0.08856636955317398,528.07,534.93,528.5378995979579,1.2021382842084911,1.2021382842084911,1.445136454359735,6.392100402042047,6.392100402042047,40.858947549786095,1.1949414693589904
2021-01-30,-6.323701737471676,-5.26559556214966,534.93,502.15,507.4914896397443,-1.058106175322016,1.058106175322016,1.119588678254585,-5.3414896397443385,5.3414896397443385,28.531511571496104,1.063723915113878
2021-02-06,2.819576961714265,6.811480739697746,502.15,516.51,537.5456503269984,-3.991903777983481,3.991903777983481,15.935295772678788,-21.035650326998393,21.035650326998393,442.4985846797476,4.072651125244118
2021-02-13,5.54510635315042,8.562938394371084,516.51,545.96,562.6872870405494,-3.0178320412206645,3.0178320412206645,9.107310229018083,-16.727287040549413,16.727287040549413,279.8021317369323,3.0638301415029328
2021-02-20,4.494856995673047,6.077081926164295,545.96,571.06,580.1673127790648,-1.5822249304912486,1.5822249304912486,2.5034357306680364,-9.107312779064841,9.107312779064841,82.94314605571776,1.594808387746444
2021-02-27,-1.793381809943284,0.8195916069354643,571.06,560.91,575.759592255279,-2.6129734168787486,2.6129734168787486,6.8276300773150025,-14.849592255279049,14.849592255279049,220.5103901480435,2.6474108600807704
2021-03-06,4.008363567643158,1.0516714265676441,560.91,583.85,566.840057905146,2.9566921410755143,2.9566921410755143,8.742028417097709,17.00994209485407,17.00994209485407,289.3381300702884,2.913409624878662
2021-03-13,6.231480361381703,5.012845914831948,583.85,621.39,613.8634809343921,1.2186344465497543,1.2186344465497543,1.485069914317626,7.526519065607886,7.526519065607886,56.648489244959,1.2112391679312324
2021-03-20,1.4157661932487464,0.07945689820928958,621.39,630.25,621.8839334258857,1.3363092950394568,1.3363092950394568,1.7857225320088501,8.366066574114257,8.366066574114257,69.99106992251185,1.3274203211605324
2021-03-27,-1.667131917520237,-4.584822926248277,630.25,619.83,602.0065567167348,2.91769100872804,2.91769100872804,8.512920822412449,17.823443283265192,17.823443283265192,317.67513047177107,2.8755373704507994
2021-04-03,-6.555544575487993,-9.204217396011725,619.83,580.5,565.3262922912652,2.648672820523732,2.648672820523732,7.015467710181142,15.17370770873481,15.17370770873481,230.24140563011818,2.6139031367329557
2021-04-10,1.5791960668646077,1.7459454088666932,580.5,589.74,590.7242079215873,-0.16674934200208558,0.16674934200208558,0.027805343058128502,-0.9842079215873127,0.9842079215873127,0.9686652329152179,0.16688844602491146
2021-04-17,1.447739244688595,0.2861618130265464,589.74,598.34,591.4300276297128,1.1615774316620486,1.1615774316620486,1.3492621297466012,6.909972370287278,6.909972370287278,47.74771815813358,1.1548571665419791
2021-04-24,-1.0686303723941748,2.1918466158421093,598.34,591.98,611.5994779121594,-3.260476988236284,3.260476988236284,10.63071019081835,-19.61947791215937,19.61947791215937,384.92391354570935,3.314212965329803
2021-05-01,-1.6796238484411141,-2.4295153891271593,591.98,582.12,577.771057917503,0.7498915406860451,0.7498915406860451,0.5623373227924905,4.348942082497047,4.348942082497047,18.91329723691375,0.747086869115826
2021-05-08,3.5008385254880814,4.4358618535498735,582.12,602.86,608.5233170428564,-0.9350233280617921,0.9350233280617921,0.8742686240197497,-5.66331704285642,5.66331704285642,32.07315992790799,0.9394083274485652
2021-05-15,5.724872002404879,4.80832316591624,602.86,638.38,632.5556677356918,0.9165488364886389,0.9165488364886389,0.8400617696686778,5.824332264308168,5.824332264308168,33.922846325061116,0.912361330917035
2021-05-22,-0.3609375730826869,1.4752087692421878,638.38,636.08,647.8672440151429,-1.8361463423248747,1.8361463423248747,3.371433390433016,-11.787244015142846,11.787244015142846,138.93912147252084,1.8531071587131878
2021-05-29,-1.2704560459966707,-1.0252104453672217,636.08,628.05,629.5921552557664,-0.245245600629449,0.245245600629449,0.0601454046280992,-1.5421552557664882,1.5421552557664882,2.3782428328882026,0.24554657364325902
2021-06-05,-0.630916919326463,-0.30959165259667626,628.05,624.1,626.1086163573491,-0.32132526672978673,0.32132526672978673,0.10324992703896858,-2.0086163573490694,2.0086163573490694,4.034539671010244,0.3218420697563002
2021-06-12,7.320340402329517,4.687307779752589,624.1,671.5,654.049927140984,2.633032622576928,2.633032622576928,6.932860791554335,17.450072859016018,17.450072859016018,304.5050427849675,2.598670567239913
2021-06-19,-0.5869762273389867,-0.3896093273598834,671.5,667.57,668.8888632858602,-0.19736689997910328,0.19736689997910328,0.03895369320736136,-1.318863285860175,1.318863285860175,1.7394003667898976,0.19756179664457285
2021-06-26,2.2279432543546918,0.216776689531047,667.57,682.61,669.0187058072327,2.011166564823645,2.011166564823645,4.044790951464541,13.59129419276735,13.59129419276735,184.7232778343515,1.991077510257299
2021-07-03,-2.118651171642494,-2.4594550819208063,682.61,668.3,666.0262841246321,0.34080391027831247,0.34080391027831247,0.11614730526098806,2.273715875367884,2.273715875367884,5.169783881899943,0.340223832914542
2021-07-10,4.243553569536296,3.0840054824886134,668.3,697.27,689.2315141755457,1.1595480870476824,1.1595480870476824,1.3445517661759396,8.038485824454256,8.038485824454256,64.61725434995202,1.1528512376058422
2021-07-17,1.713405441189142,1.1012403669213748,697.27,709.32,704.991054360635,0.6121650742677671,0.6121650742677671,0.37474607815326083,4.328945639365088,4.328945639365088,18.73977034857801,0.6102951614736772
2021-07-24,-0.8253102811944579,-2.098695278139674,709.32,703.49,694.5886583393542,1.2733849969452162,1.2733849969452162,1.6215093504451683,8.901341660645812,8.901341660645812,79.23388335954874,1.265311754345593
2021-07-31,-4.637584690443397,-3.4902253881009284,703.49,671.61,679.3601558563664,-1.1473593023424686,1.1473593023424686,1.3164333686717964,-7.750155856366405,7.750155856366405,60.06491579797048,1.1539667152612982
2021-08-07,3.7279747461231416,0.599485416639686,671.61,697.12,675.6482964116174,3.1284893294834557,3.1284893294834557,9.787445484691842,21.47170358838264,21.47170358838264,461.03405498736385,3.080058467463656
2021-08-14,1.2983401106470005,0.3302673378821701,697.12,706.23,699.4261658258469,0.9680727727648304,0.9680727727648304,0.937164893368587,6.803834174153167,6.803834174153167,46.2921594693745,0.9634020325040236
2021-08-21,-2.6224802601776176,-4.520887872178029,706.23,687.95,675.0130909968137,1.898407612000411,1.898407612000411,3.603951461301103,12.936909003186315,12.936909003186315,167.36361455672315,1.8805013450376211
2021-08-28,-0.7982938273386253,-2.8642302059589917,687.95,682.48,668.5250439980906,2.0659363786203664,2.0659363786203664,4.268093120507034,13.954956001909409,13.954956001909409,194.74079701522743,2.0447421172648883
2021-09-04,-3.3038945399913366,-0.2961633795921174,682.48,660.3,680.4617343241072,-3.0077311603992194,3.0077311603992194,9.046446733236435,-20.161734324107215,20.161734324107215,406.495530955883,3.053420312601426
2021-09-11,7.145739729492817,8.055145499174483,660.3,709.21,715.6890122626774,-0.9094057696816655,0.9094057696816655,0.8270188539303025,-6.4790122626773154,6.4790122626773154,41.97759989992303,0.9135534274301428
2021-09-18,1.0952059717925344,1.2278574365588601,709.21,717.02,717.9717686606383,-0.13265146476632572,0.13265146476632572,0.017596411104651755,-0.9517686606383222,0.9517686606383222,0.9058635833732658,0.13273948573796018
2021-09-25,-0.5440002228104923,3.0413116562933484,717.02,713.13,739.1618068545012,-3.5853118791038407,3.5853118791038407,12.854461270443114,-26.031806854501156,26.031806854501156,677.6549681100533,3.6503592408819086
2021-10-02,0.38488231639330905,1.058638004783492,713.13,715.88,720.7195673446528,-0.673755688390183,0.673755688390183,0.4539467276381293,-4.839567344652778,4.839567344652778,23.42141208342954,0.6760305281126415
2021-10-09,8.592238023227505,9.520764932605795,715.88,780.11,787.387264668327,-0.9285269093782897,0.9285269093782897,0.8621622214395986,-7.277264668327007,7.277264668327007,52.95858105288058,0.9328510938620203
2021-10-16,5.616660897318848,5.8025006471678795,780.11,825.18,826.7149382687626,-0.1858397498490314,0.1858397498490314,0.03453641262395057,-1.5349382687626303,1.5349382687626303,2.3560354889120205,0.18601253893243055
2021-10-23,2.573308566517607,1.9396457090799806,825.18,846.69,841.3418026179785,0.6336628574376264,0.6336628574376264,0.40152861689601765,5.348197382021567,5.348197382021567,28.603215237062344,0.6316594482067306
2021-10-30,-1.603691708050281,-4.171431826168235,846.69,833.22,812.0974227802136,2.567740118117954,2.567740118117954,6.593289314192406,21.12257721978642,21.12257721978642,446.16326840584026,2.535054033722957
